expt_id,group_id,network_error_repeat,participant_id,participation_duration,response_correct,response_mode,response_name,response_rt,response_target,response_type,response_value,session_id,session_start_time,stimuli_presented,trial_duration,trial_num,trial_template
67eef64a6de0902719c5faca,default,0,52c29ea6108915577fbd0a7ba7a2c921a23af57d4bc24966eaff39b894b960de,1313.4280908107758,True,keypress,exampleRsp_tone,11282,['Out of time'],choice-response,Out of time,67ef60de6de0902719c5faef,2025-04-04 00:32:30-04:00,tone1_120,19730,1,example_tone
67eef64a6de0902719c5faca,default,0,52c29ea6108915577fbd0a7ba7a2c921a23af57d4bc24966eaff39b894b960de,1313.4280908107758,True,keypress,exampleRsp_lab,1554,['Out of time'],choice-response,Out of time,67ef60de6de0902719c5faef,2025-04-04 00:32:30-04:00,add1_120,9794,2,example_add
67eef64a6de0902719c5faca,default,0,52c29ea6108915577fbd0a7ba7a2c921a23af57d4bc24966eaff39b894b960de,1313.4280908107758,True,keypress,exampleRsp_tone,1043,['Out of time'],choice-response,Out of time,67ef60de6de0902719c5faef,2025-04-04 00:32:30-04:00,tone8_120,9281,3,example_tone
67eef64a6de0902719c5faca,default,0,52c29ea6108915577fbd0a7ba7a2c921a23af57d4bc24966eaff39b894b960de,1313.4280908107758,True,keypress,exampleRsp_lab,399,['Out of time'],choice-response,Out of time,67ef60de6de0902719c5faef,2025-04-04 00:32:30-04:00,add8_120,8648,4,example_add
67eef64a6de0902719c5faca,default,0,52c29ea6108915577fbd0a7ba7a2c921a23af57d4bc24966eaff39b894b960de,1313.4280908107758,True,keypress,exampleRsp_lab,363,['Out of time'],choice-response,Out of time,67ef60de6de0902719c5faef,2025-04-04 00:32:30-04:00,add8_120,8374,5,example_add
67eef64a6de0902719c5faca,default,0,52c29ea6108915577fbd0a7ba7a2c921a23af57d4bc24966eaff39b894b960de,1313.4280908107758,True,keypress,exampleRsp_lab,344,['Out of time'],choice-response,Out of time,67ef60de6de0902719c5faef,2025-04-04 00:32:30-04:00,add1_120,8365,6,example_add
67eef64a6de0902719c5faca,default,0,52c29ea6108915577fbd0a7ba7a2c921a23af57d4bc24966eaff39b894b960de,1313.4280908107758,False,keypress,testRsp,2173,[],choice-response,Out of time,67ef60de6de0902719c5faef,2025-04-04 00:32:30-04:00,addentrainer_30,7787,7,maintaskTrials
67eef64a6de0902719c5faca,default,0,52c29ea6108915577fbd0a7ba7a2c921a23af57d4bc24966eaff39b894b960de,1313.4280908107758,False,keypress,testRsp,2320,[],choice-response,In time,67ef60de6de0902719c5faef,2025-04-04 00:32:30-04:00,tone1_30,8132,8,maintaskTrials
67eef64a6de0902719c5faca,default,0,52c29ea6108915577fbd0a7ba7a2c921a23af57d4bc24966eaff39b894b960de,1313.4280908107758,False,keypress,testRsp,414,[],choice-response,Out of time,67ef60de6de0902719c5faef,2025-04-04 00:32:30-04:00,toneentrainer_120,6243,9,maintaskTrials
67eef64a6de0902719c5faca,default,0,52c29ea6108915577fbd0a7ba7a2c921a23af57d4bc24966eaff39b894b960de,1313.4280908107758,False,keypress,testRsp,314,[],choice-response,In time,67ef60de6de0902719c5faef,2025-04-04 00:32:30-04:00,add1_0,5922,10,maintaskTrials
67eef64a6de0902719c5faca,default,0,52c29ea6108915577fbd0a7ba7a2c921a23af57d4bc24966eaff39b894b960de,1313.4280908107758,False,keypress,testRsp,213,[],choice-response,Out of time,67ef60de6de0902719c5faef,2025-04-04 00:32:30-04:00,add1_60,5924,11,maintaskTrials
67eef64a6de0902719c5faca,default,0,52c29ea6108915577fbd0a7ba7a2c921a23af57d4bc24966eaff39b894b960de,1313.4280908107758,False,keypress,testRsp,1183,[],choice-response,Out of time,67ef60de6de0902719c5faef,2025-04-04 00:32:30-04:00,toneentrainer_60,6804,12,maintaskTrials
67eef64a6de0902719c5faca,default,0,52c29ea6108915577fbd0a7ba7a2c921a23af57d4bc24966eaff39b894b960de,1313.4280908107758,False,keypress,testRsp,334,[],choice-response,In time,67ef60de6de0902719c5faef,2025-04-04 00:32:30-04:00,add8_60,6329,13,maintaskTrials
67eef64a6de0902719c5faca,default,0,52c29ea6108915577fbd0a7ba7a2c921a23af57d4bc24966eaff39b894b960de,1313.4280908107758,False,keypress,testRsp,316,[],choice-response,In time,67ef60de6de0902719c5faef,2025-04-04 00:32:30-04:00,tone8_0,6160,14,maintaskTrials
67eef64a6de0902719c5faca,default,0,52c29ea6108915577fbd0a7ba7a2c921a23af57d4bc24966eaff39b894b960de,1313.4280908107758,False,keypress,testRsp,267,[],choice-response,Out of time,67ef60de6de0902719c5faef,2025-04-04 00:32:30-04:00,toneentrainer_30,5895,15,maintaskTrials
67eef64a6de0902719c5faca,default,0,52c29ea6108915577fbd0a7ba7a2c921a23af57d4bc24966eaff39b894b960de,1313.4280908107758,False,keypress,testRsp,360,[],choice-response,Out of time,67ef60de6de0902719c5faef,2025-04-04 00:32:30-04:00,add1_90,6202,16,maintaskTrials
67eef64a6de0902719c5faca,default,0,52c29ea6108915577fbd0a7ba7a2c921a23af57d4bc24966eaff39b894b960de,1313.4280908107758,False,keypress,testRsp,842,[],choice-response,Out of time,67ef60de6de0902719c5faef,2025-04-04 00:32:30-04:00,addentrainer_90,6449,17,maintaskTrials
67eef64a6de0902719c5faca,default,0,52c29ea6108915577fbd0a7ba7a2c921a23af57d4bc24966eaff39b894b960de,1313.4280908107758,False,keypress,testRsp,301,[],choice-response,In time,67ef60de6de0902719c5faef,2025-04-04 00:32:30-04:00,tone1_0,5921,18,maintaskTrials
67eef64a6de0902719c5faca,default,0,52c29ea6108915577fbd0a7ba7a2c921a23af57d4bc24966eaff39b894b960de,1313.4280908107758,False,keypress,testRsp,141,[],choice-response,Out of time,67ef60de6de0902719c5faef,2025-04-04 00:32:30-04:00,tone1_120,5522,19,maintaskTrials
67eef64a6de0902719c5faca,default,0,52c29ea6108915577fbd0a7ba7a2c921a23af57d4bc24966eaff39b894b960de,1313.4280908107758,False,keypress,testRsp,21,[],choice-response,In time,67ef60de6de0902719c5faef,2025-04-04 00:32:30-04:00,tone1_60,5856,20,maintaskTrials
67eef64a6de0902719c5faca,default,0,52c29ea6108915577fbd0a7ba7a2c921a23af57d4bc24966eaff39b894b960de,1313.4280908107758,False,keypress,testRsp,113,[],choice-response,Out of time,67ef60de6de0902719c5faef,2025-04-04 00:32:30-04:00,tone8_120,5505,21,maintaskTrials
67eef64a6de0902719c5faca,default,0,52c29ea6108915577fbd0a7ba7a2c921a23af57d4bc24966eaff39b894b960de,1313.4280908107758,False,keypress,testRsp,1017,[],choice-response,In time,67ef60de6de0902719c5faef,2025-04-04 00:32:30-04:00,toneentrainer_90,6619,22,maintaskTrials
67eef64a6de0902719c5faca,default,0,52c29ea6108915577fbd0a7ba7a2c921a23af57d4bc24966eaff39b894b960de,1313.4280908107758,False,keypress,testRsp,150,[],choice-response,In time,67ef60de6de0902719c5faef,2025-04-04 00:32:30-04:00,tone8_60,5749,23,maintaskTrials
67eef64a6de0902719c5faca,default,0,52c29ea6108915577fbd0a7ba7a2c921a23af57d4bc24966eaff39b894b960de,1313.4280908107758,False,keypress,testRsp,99,[],choice-response,Out of time,67ef60de6de0902719c5faef,2025-04-04 00:32:30-04:00,add8_120,5464,24,maintaskTrials
67eef64a6de0902719c5faca,default,0,52c29ea6108915577fbd0a7ba7a2c921a23af57d4bc24966eaff39b894b960de,1313.4280908107758,False,keypress,testRsp,114,[],choice-response,In time,67ef60de6de0902719c5faef,2025-04-04 00:32:30-04:00,add8_30,5896,25,maintaskTrials
67eef64a6de0902719c5faca,default,0,52c29ea6108915577fbd0a7ba7a2c921a23af57d4bc24966eaff39b894b960de,1313.4280908107758,False,keypress,testRsp,21,[],choice-response,In time,67ef60de6de0902719c5faef,2025-04-04 00:32:30-04:00,addentrainer_0,7198,26,maintaskTrials
67eef64a6de0902719c5faca,default,0,52c29ea6108915577fbd0a7ba7a2c921a23af57d4bc24966eaff39b894b960de,1313.4280908107758,False,keypress,testRsp,507,[],choice-response,In time,67ef60de6de0902719c5faef,2025-04-04 00:32:30-04:00,add8_0,6155,27,maintaskTrials
67eef64a6de0902719c5faca,default,0,52c29ea6108915577fbd0a7ba7a2c921a23af57d4bc24966eaff39b894b960de,1313.4280908107758,False,keypress,testRsp,215,[],choice-response,In time,67ef60de6de0902719c5faef,2025-04-04 00:32:30-04:00,tone8_30,5824,28,maintaskTrials
67eef64a6de0902719c5faca,default,0,52c29ea6108915577fbd0a7ba7a2c921a23af57d4bc24966eaff39b894b960de,1313.4280908107758,False,keypress,testRsp,168,[],choice-response,Out of time,67ef60de6de0902719c5faef,2025-04-04 00:32:30-04:00,tone1_90,5922,29,maintaskTrials
67eef64a6de0902719c5faca,default,0,52c29ea6108915577fbd0a7ba7a2c921a23af57d4bc24966eaff39b894b960de,1313.4280908107758,False,keypress,testRsp,1375,[],choice-response,In time,67ef60de6de0902719c5faef,2025-04-04 00:32:30-04:00,toneentrainer_0,7209,30,maintaskTrials
67eef64a6de0902719c5faca,default,0,52c29ea6108915577fbd0a7ba7a2c921a23af57d4bc24966eaff39b894b960de,1313.4280908107758,False,keypress,testRsp,253,[],choice-response,Out of time,67ef60de6de0902719c5faef,2025-04-04 00:32:30-04:00,addentrainer_120,5872,31,maintaskTrials
67eef64a6de0902719c5faca,default,0,52c29ea6108915577fbd0a7ba7a2c921a23af57d4bc24966eaff39b894b960de,1313.4280908107758,False,keypress,testRsp,779,[],choice-response,In time,67ef60de6de0902719c5faef,2025-04-04 00:32:30-04:00,tone8_90,6381,32,maintaskTrials
67eef64a6de0902719c5faca,default,0,52c29ea6108915577fbd0a7ba7a2c921a23af57d4bc24966eaff39b894b960de,1313.4280908107758,False,keypress,testRsp,56,[],choice-response,Out of time,67ef60de6de0902719c5faef,2025-04-04 00:32:30-04:00,add1_120,5434,33,maintaskTrials
67eef64a6de0902719c5faca,default,0,52c29ea6108915577fbd0a7ba7a2c921a23af57d4bc24966eaff39b894b960de,1313.4280908107758,False,keypress,testRsp,1325,[],choice-response,In time,67ef60de6de0902719c5faef,2025-04-04 00:32:30-04:00,add1_30,6922,34,maintaskTrials
67eef64a6de0902719c5faca,default,0,52c29ea6108915577fbd0a7ba7a2c921a23af57d4bc24966eaff39b894b960de,1313.4280908107758,False,keypress,testRsp,1009,[],choice-response,Out of time,67ef60de6de0902719c5faef,2025-04-04 00:32:30-04:00,add8_90,6603,35,maintaskTrials
67eef64a6de0902719c5faca,default,0,52c29ea6108915577fbd0a7ba7a2c921a23af57d4bc24966eaff39b894b960de,1313.4280908107758,False,keypress,testRsp,614,[],choice-response,In time,67ef60de6de0902719c5faef,2025-04-04 00:32:30-04:00,addentrainer_60,6237,36,maintaskTrials
67eef64a6de0902719c5faca,default,0,52c29ea6108915577fbd0a7ba7a2c921a23af57d4bc24966eaff39b894b960de,1313.4280908107758,False,keypress,testRsp,346,[],choice-response,In time,67ef60de6de0902719c5faef,2025-04-04 00:32:30-04:00,toneentrainer_30,5717,37,maintaskTrials
67eef64a6de0902719c5faca,default,0,52c29ea6108915577fbd0a7ba7a2c921a23af57d4bc24966eaff39b894b960de,1313.4280908107758,False,keypress,testRsp,2282,[],choice-response,In time,67ef60de6de0902719c5faef,2025-04-04 00:32:30-04:00,tone1_60,7664,38,maintaskTrials
67eef64a6de0902719c5faca,default,0,52c29ea6108915577fbd0a7ba7a2c921a23af57d4bc24966eaff39b894b960de,1313.4280908107758,False,keypress,testRsp,93,[],choice-response,In time,67ef60de6de0902719c5faef,2025-04-04 00:32:30-04:00,tone8_0,5465,39,maintaskTrials
67eef64a6de0902719c5faca,default,0,52c29ea6108915577fbd0a7ba7a2c921a23af57d4bc24966eaff39b894b960de,1313.4280908107758,False,keypress,testRsp,160,[],choice-response,Out of time,67ef60de6de0902719c5faef,2025-04-04 00:32:30-04:00,tone8_60,5552,40,maintaskTrials
67eef64a6de0902719c5faca,default,0,52c29ea6108915577fbd0a7ba7a2c921a23af57d4bc24966eaff39b894b960de,1313.4280908107758,False,keypress,testRsp,282,[],choice-response,In time,67ef60de6de0902719c5faef,2025-04-04 00:32:30-04:00,add8_30,5666,41,maintaskTrials
67eef64a6de0902719c5faca,default,0,52c29ea6108915577fbd0a7ba7a2c921a23af57d4bc24966eaff39b894b960de,1313.4280908107758,False,keypress,testRsp,73,[],choice-response,In time,67ef60de6de0902719c5faef,2025-04-04 00:32:30-04:00,add8_60,5450,42,maintaskTrials
67eef64a6de0902719c5faca,default,0,52c29ea6108915577fbd0a7ba7a2c921a23af57d4bc24966eaff39b894b960de,1313.4280908107758,False,keypress,testRsp,126,[],choice-response,In time,67ef60de6de0902719c5faef,2025-04-04 00:32:30-04:00,addentrainer_0,5505,43,maintaskTrials
67eef64a6de0902719c5faca,default,0,52c29ea6108915577fbd0a7ba7a2c921a23af57d4bc24966eaff39b894b960de,1313.4280908107758,False,keypress,testRsp,76,[],choice-response,Out of time,67ef60de6de0902719c5faef,2025-04-04 00:32:30-04:00,tone8_120,5456,44,maintaskTrials
67eef64a6de0902719c5faca,default,0,52c29ea6108915577fbd0a7ba7a2c921a23af57d4bc24966eaff39b894b960de,1313.4280908107758,False,keypress,testRsp,116,[],choice-response,In time,67ef60de6de0902719c5faef,2025-04-04 00:32:30-04:00,add1_30,5496,45,maintaskTrials
67eef64a6de0902719c5faca,default,0,52c29ea6108915577fbd0a7ba7a2c921a23af57d4bc24966eaff39b894b960de,1313.4280908107758,False,keypress,testRsp,836,[],choice-response,In time,67ef60de6de0902719c5faef,2025-04-04 00:32:30-04:00,addentrainer_30,6214,46,maintaskTrials
67eef64a6de0902719c5faca,default,0,52c29ea6108915577fbd0a7ba7a2c921a23af57d4bc24966eaff39b894b960de,1313.4280908107758,False,keypress,testRsp,530,[],choice-response,Out of time,67ef60de6de0902719c5faef,2025-04-04 00:32:30-04:00,add1_90,5909,47,maintaskTrials
67eef64a6de0902719c5faca,default,0,52c29ea6108915577fbd0a7ba7a2c921a23af57d4bc24966eaff39b894b960de,1313.4280908107758,False,keypress,testRsp,468,[],choice-response,In time,67ef60de6de0902719c5faef,2025-04-04 00:32:30-04:00,add1_0,5846,48,maintaskTrials
67eef64a6de0902719c5faca,default,0,52c29ea6108915577fbd0a7ba7a2c921a23af57d4bc24966eaff39b894b960de,1313.4280908107758,False,keypress,testRsp,5121,[],choice-response,Out of time,67ef60de6de0902719c5faef,2025-04-04 00:32:30-04:00,add8_120,10507,49,maintaskTrials
67eef64a6de0902719c5faca,default,0,52c29ea6108915577fbd0a7ba7a2c921a23af57d4bc24966eaff39b894b960de,1313.4280908107758,False,keypress,testRsp,55968,[],choice-response,Out of time,67ef60de6de0902719c5faef,2025-04-04 00:32:30-04:00,toneentrainer_0,61365,50,maintaskTrials
67eef64a6de0902719c5faca,default,0,52c29ea6108915577fbd0a7ba7a2c921a23af57d4bc24966eaff39b894b960de,1313.4280908107758,False,keypress,testRsp,399,[],choice-response,In time,67ef60de6de0902719c5faef,2025-04-04 00:32:30-04:00,toneentrainer_60,5796,51,maintaskTrials
67eef64a6de0902719c5faca,default,0,52c29ea6108915577fbd0a7ba7a2c921a23af57d4bc24966eaff39b894b960de,1313.4280908107758,False,keypress,testRsp,2528,[],choice-response,In time,67ef60de6de0902719c5faef,2025-04-04 00:32:30-04:00,addentrainer_60,7912,52,maintaskTrials
67eef64a6de0902719c5faca,default,0,52c29ea6108915577fbd0a7ba7a2c921a23af57d4bc24966eaff39b894b960de,1313.4280908107758,False,keypress,testRsp,1225,[],choice-response,In time,67ef60de6de0902719c5faef,2025-04-04 00:32:30-04:00,add1_60,6601,53,maintaskTrials
67eef64a6de0902719c5faca,default,0,52c29ea6108915577fbd0a7ba7a2c921a23af57d4bc24966eaff39b894b960de,1313.4280908107758,False,keypress,testRsp,124,[],choice-response,Out of time,67ef60de6de0902719c5faef,2025-04-04 00:32:30-04:00,tone8_90,5499,54,maintaskTrials
67eef64a6de0902719c5faca,default,0,52c29ea6108915577fbd0a7ba7a2c921a23af57d4bc24966eaff39b894b960de,1313.4280908107758,False,keypress,testRsp,532,[],choice-response,In time,67ef60de6de0902719c5faef,2025-04-04 00:32:30-04:00,tone1_30,5915,55,maintaskTrials
67eef64a6de0902719c5faca,default,0,52c29ea6108915577fbd0a7ba7a2c921a23af57d4bc24966eaff39b894b960de,1313.4280908107758,False,keypress,testRsp,175,[],choice-response,In time,67ef60de6de0902719c5faef,2025-04-04 00:32:30-04:00,add8_0,5552,56,maintaskTrials
67eef64a6de0902719c5faca,default,0,52c29ea6108915577fbd0a7ba7a2c921a23af57d4bc24966eaff39b894b960de,1313.4280908107758,False,keypress,testRsp,133,[],choice-response,In time,67ef60de6de0902719c5faef,2025-04-04 00:32:30-04:00,tone8_30,5516,57,maintaskTrials
67eef64a6de0902719c5faca,default,0,52c29ea6108915577fbd0a7ba7a2c921a23af57d4bc24966eaff39b894b960de,1313.4280908107758,False,keypress,testRsp,43,[],choice-response,Out of time,67ef60de6de0902719c5faef,2025-04-04 00:32:30-04:00,toneentrainer_90,5425,58,maintaskTrials
67eef64a6de0902719c5faca,default,0,52c29ea6108915577fbd0a7ba7a2c921a23af57d4bc24966eaff39b894b960de,1313.4280908107758,False,keypress,testRsp,356,[],choice-response,Out of time,67ef60de6de0902719c5faef,2025-04-04 00:32:30-04:00,addentrainer_90,5729,59,maintaskTrials
67eef64a6de0902719c5faca,default,0,52c29ea6108915577fbd0a7ba7a2c921a23af57d4bc24966eaff39b894b960de,1313.4280908107758,False,keypress,testRsp,22,[],choice-response,Out of time,67ef60de6de0902719c5faef,2025-04-04 00:32:30-04:00,addentrainer_120,5411,60,maintaskTrials
67eef64a6de0902719c5faca,default,0,52c29ea6108915577fbd0a7ba7a2c921a23af57d4bc24966eaff39b894b960de,1313.4280908107758,False,keypress,testRsp,147,[],choice-response,Out of time,67ef60de6de0902719c5faef,2025-04-04 00:32:30-04:00,tone1_120,5531,61,maintaskTrials
67eef64a6de0902719c5faca,default,0,52c29ea6108915577fbd0a7ba7a2c921a23af57d4bc24966eaff39b894b960de,1313.4280908107758,False,keypress,testRsp,759,[],choice-response,Out of time,67ef60de6de0902719c5faef,2025-04-04 00:32:30-04:00,add8_90,6140,62,maintaskTrials
67eef64a6de0902719c5faca,default,0,52c29ea6108915577fbd0a7ba7a2c921a23af57d4bc24966eaff39b894b960de,1313.4280908107758,False,keypress,testRsp,135,[],choice-response,In time,67ef60de6de0902719c5faef,2025-04-04 00:32:30-04:00,tone1_0,5514,63,maintaskTrials
67eef64a6de0902719c5faca,default,0,52c29ea6108915577fbd0a7ba7a2c921a23af57d4bc24966eaff39b894b960de,1313.4280908107758,False,keypress,testRsp,325,[],choice-response,Out of time,67ef60de6de0902719c5faef,2025-04-04 00:32:30-04:00,tone1_90,5708,64,maintaskTrials
67eef64a6de0902719c5faca,default,0,52c29ea6108915577fbd0a7ba7a2c921a23af57d4bc24966eaff39b894b960de,1313.4280908107758,False,keypress,testRsp,784,[],choice-response,Out of time,67ef60de6de0902719c5faef,2025-04-04 00:32:30-04:00,add1_120,6166,65,maintaskTrials
67eef64a6de0902719c5faca,default,0,52c29ea6108915577fbd0a7ba7a2c921a23af57d4bc24966eaff39b894b960de,1313.4280908107758,False,keypress,testRsp,5389,[],choice-response,Out of time,67ef60de6de0902719c5faef,2025-04-04 00:32:30-04:00,toneentrainer_120,10774,66,maintaskTrials
67eef64a6de0902719c5faca,default,0,52c29ea6108915577fbd0a7ba7a2c921a23af57d4bc24966eaff39b894b960de,1313.4280908107758,False,keypress,testRsp,632,[],choice-response,Out of time,67ef60de6de0902719c5faef,2025-04-04 00:32:30-04:00,tone8_120,6026,67,maintaskTrials
67eef64a6de0902719c5faca,default,0,52c29ea6108915577fbd0a7ba7a2c921a23af57d4bc24966eaff39b894b960de,1313.4280908107758,False,keypress,testRsp,666,[],choice-response,Out of time,67ef60de6de0902719c5faef,2025-04-04 00:32:30-04:00,add8_120,6046,68,maintaskTrials
67eef64a6de0902719c5faca,default,0,52c29ea6108915577fbd0a7ba7a2c921a23af57d4bc24966eaff39b894b960de,1313.4280908107758,False,keypress,testRsp,172,[],choice-response,In time,67ef60de6de0902719c5faef,2025-04-04 00:32:30-04:00,tone1_60,5563,69,maintaskTrials
67eef64a6de0902719c5faca,default,0,52c29ea6108915577fbd0a7ba7a2c921a23af57d4bc24966eaff39b894b960de,1313.4280908107758,False,keypress,testRsp,363,[],choice-response,Out of time,67ef60de6de0902719c5faef,2025-04-04 00:32:30-04:00,addentrainer_120,5756,70,maintaskTrials
67eef64a6de0902719c5faca,default,0,52c29ea6108915577fbd0a7ba7a2c921a23af57d4bc24966eaff39b894b960de,1313.4280908107758,False,keypress,testRsp,205,[],choice-response,In time,67ef60de6de0902719c5faef,2025-04-04 00:32:30-04:00,add8_90,5584,71,maintaskTrials
67eef64a6de0902719c5faca,default,0,52c29ea6108915577fbd0a7ba7a2c921a23af57d4bc24966eaff39b894b960de,1313.4280908107758,False,keypress,testRsp,314,[],choice-response,In time,67ef60de6de0902719c5faef,2025-04-04 00:32:30-04:00,add8_0,5696,72,maintaskTrials
67eef64a6de0902719c5faca,default,0,52c29ea6108915577fbd0a7ba7a2c921a23af57d4bc24966eaff39b894b960de,1313.4280908107758,False,keypress,testRsp,287,[],choice-response,In time,67ef60de6de0902719c5faef,2025-04-04 00:32:30-04:00,add8_30,5667,73,maintaskTrials
67eef64a6de0902719c5faca,default,0,52c29ea6108915577fbd0a7ba7a2c921a23af57d4bc24966eaff39b894b960de,1313.4280908107758,False,keypress,testRsp,191,[],choice-response,In time,67ef60de6de0902719c5faef,2025-04-04 00:32:30-04:00,toneentrainer_30,5570,74,maintaskTrials
67eef64a6de0902719c5faca,default,0,52c29ea6108915577fbd0a7ba7a2c921a23af57d4bc24966eaff39b894b960de,1313.4280908107758,False,keypress,testRsp,17,[],choice-response,In time,67ef60de6de0902719c5faef,2025-04-04 00:32:30-04:00,toneentrainer_0,5416,75,maintaskTrials
67eef64a6de0902719c5faca,default,0,52c29ea6108915577fbd0a7ba7a2c921a23af57d4bc24966eaff39b894b960de,1313.4280908107758,False,keypress,testRsp,292,[],choice-response,Out of time,67ef60de6de0902719c5faef,2025-04-04 00:32:30-04:00,tone1_90,5695,76,maintaskTrials
67eef64a6de0902719c5faca,default,0,52c29ea6108915577fbd0a7ba7a2c921a23af57d4bc24966eaff39b894b960de,1313.4280908107758,False,keypress,testRsp,645,[],choice-response,In time,67ef60de6de0902719c5faef,2025-04-04 00:32:30-04:00,tone1_30,6049,77,maintaskTrials
67eef64a6de0902719c5faca,default,0,52c29ea6108915577fbd0a7ba7a2c921a23af57d4bc24966eaff39b894b960de,1313.4280908107758,False,keypress,testRsp,383,[],choice-response,Out of time,67ef60de6de0902719c5faef,2025-04-04 00:32:30-04:00,addentrainer_30,5767,78,maintaskTrials
67eef64a6de0902719c5faca,default,0,52c29ea6108915577fbd0a7ba7a2c921a23af57d4bc24966eaff39b894b960de,1313.4280908107758,False,keypress,testRsp,787,[],choice-response,Out of time,67ef60de6de0902719c5faef,2025-04-04 00:32:30-04:00,add1_120,6167,79,maintaskTrials
67eef64a6de0902719c5faca,default,0,52c29ea6108915577fbd0a7ba7a2c921a23af57d4bc24966eaff39b894b960de,1313.4280908107758,False,keypress,testRsp,978,[],choice-response,Out of time,67ef60de6de0902719c5faef,2025-04-04 00:32:30-04:00,add1_90,6365,80,maintaskTrials
67eef64a6de0902719c5faca,default,0,52c29ea6108915577fbd0a7ba7a2c921a23af57d4bc24966eaff39b894b960de,1313.4280908107758,False,keypress,testRsp,325,[],choice-response,Out of time,67ef60de6de0902719c5faef,2025-04-04 00:32:30-04:00,tone1_120,5718,81,maintaskTrials
67eef64a6de0902719c5faca,default,0,52c29ea6108915577fbd0a7ba7a2c921a23af57d4bc24966eaff39b894b960de,1313.4280908107758,False,keypress,testRsp,56,[],choice-response,In time,67ef60de6de0902719c5faef,2025-04-04 00:32:30-04:00,add1_0,5439,82,maintaskTrials
67eef64a6de0902719c5faca,default,0,52c29ea6108915577fbd0a7ba7a2c921a23af57d4bc24966eaff39b894b960de,1313.4280908107758,False,keypress,testRsp,393,[],choice-response,In time,67ef60de6de0902719c5faef,2025-04-04 00:32:30-04:00,add1_30,5776,83,maintaskTrials
67eef64a6de0902719c5faca,default,0,52c29ea6108915577fbd0a7ba7a2c921a23af57d4bc24966eaff39b894b960de,1313.4280908107758,False,keypress,testRsp,241,[],choice-response,Out of time,67ef60de6de0902719c5faef,2025-04-04 00:32:30-04:00,toneentrainer_90,5625,84,maintaskTrials
67eef64a6de0902719c5faca,default,0,52c29ea6108915577fbd0a7ba7a2c921a23af57d4bc24966eaff39b894b960de,1313.4280908107758,False,keypress,testRsp,332,[],choice-response,In time,67ef60de6de0902719c5faef,2025-04-04 00:32:30-04:00,tone8_0,5715,85,maintaskTrials
67eef64a6de0902719c5faca,default,0,52c29ea6108915577fbd0a7ba7a2c921a23af57d4bc24966eaff39b894b960de,1313.4280908107758,False,keypress,testRsp,347,[],choice-response,Out of time,67ef60de6de0902719c5faef,2025-04-04 00:32:30-04:00,addentrainer_90,5732,86,maintaskTrials
67eef64a6de0902719c5faca,default,0,52c29ea6108915577fbd0a7ba7a2c921a23af57d4bc24966eaff39b894b960de,1313.4280908107758,False,keypress,testRsp,1757,[],choice-response,Out of time,67ef60de6de0902719c5faef,2025-04-04 00:32:30-04:00,addentrainer_60,7141,87,maintaskTrials
67eef64a6de0902719c5faca,default,0,52c29ea6108915577fbd0a7ba7a2c921a23af57d4bc24966eaff39b894b960de,1313.4280908107758,False,keypress,testRsp,32,[],choice-response,In time,67ef60de6de0902719c5faef,2025-04-04 00:32:30-04:00,tone1_0,5428,88,maintaskTrials
67eef64a6de0902719c5faca,default,0,52c29ea6108915577fbd0a7ba7a2c921a23af57d4bc24966eaff39b894b960de,1313.4280908107758,False,keypress,testRsp,392,[],choice-response,In time,67ef60de6de0902719c5faef,2025-04-04 00:32:30-04:00,tone8_60,5772,89,maintaskTrials
67eef64a6de0902719c5faca,default,0,52c29ea6108915577fbd0a7ba7a2c921a23af57d4bc24966eaff39b894b960de,1313.4280908107758,False,keypress,testRsp,487,[],choice-response,In time,67ef60de6de0902719c5faef,2025-04-04 00:32:30-04:00,tone8_90,5871,90,maintaskTrials
67eef64a6de0902719c5faca,default,0,52c29ea6108915577fbd0a7ba7a2c921a23af57d4bc24966eaff39b894b960de,1313.4280908107758,False,keypress,testRsp,449,[],choice-response,In time,67ef60de6de0902719c5faef,2025-04-04 00:32:30-04:00,add1_60,5845,91,maintaskTrials
67eef64a6de0902719c5faca,default,0,52c29ea6108915577fbd0a7ba7a2c921a23af57d4bc24966eaff39b894b960de,1313.4280908107758,False,keypress,testRsp,360,[],choice-response,In time,67ef60de6de0902719c5faef,2025-04-04 00:32:30-04:00,tone8_30,5747,92,maintaskTrials
67eef64a6de0902719c5faca,default,0,52c29ea6108915577fbd0a7ba7a2c921a23af57d4bc24966eaff39b894b960de,1313.4280908107758,False,keypress,testRsp,241,[],choice-response,Out of time,67ef60de6de0902719c5faef,2025-04-04 00:32:30-04:00,add8_60,5624,93,maintaskTrials
67eef64a6de0902719c5faca,default,0,52c29ea6108915577fbd0a7ba7a2c921a23af57d4bc24966eaff39b894b960de,1313.4280908107758,False,keypress,testRsp,2131,[],choice-response,In time,67ef60de6de0902719c5faef,2025-04-04 00:32:30-04:00,addentrainer_0,7502,94,maintaskTrials
67eef64a6de0902719c5faca,default,0,52c29ea6108915577fbd0a7ba7a2c921a23af57d4bc24966eaff39b894b960de,1313.4280908107758,False,keypress,testRsp,964,[],choice-response,Out of time,67ef60de6de0902719c5faef,2025-04-04 00:32:30-04:00,toneentrainer_60,6351,95,maintaskTrials
67eef64a6de0902719c5faca,default,0,52c29ea6108915577fbd0a7ba7a2c921a23af57d4bc24966eaff39b894b960de,1313.4280908107758,False,keypress,testRsp,376,[],choice-response,Out of time,67ef60de6de0902719c5faef,2025-04-04 00:32:30-04:00,toneentrainer_120,5776,96,maintaskTrials
67eef64a6de0902719c5faca,default,0,52c29ea6108915577fbd0a7ba7a2c921a23af57d4bc24966eaff39b894b960de,1313.4280908107758,False,keypress,testRsp,181,[],choice-response,In time,67ef60de6de0902719c5faef,2025-04-04 00:32:30-04:00,addentrainer_0,5557,97,maintaskTrials
67eef64a6de0902719c5faca,default,0,52c29ea6108915577fbd0a7ba7a2c921a23af57d4bc24966eaff39b894b960de,1313.4280908107758,False,keypress,testRsp,683,[],choice-response,Out of time,67ef60de6de0902719c5faef,2025-04-04 00:32:30-04:00,add1_120,6080,98,maintaskTrials
67eef64a6de0902719c5faca,default,0,52c29ea6108915577fbd0a7ba7a2c921a23af57d4bc24966eaff39b894b960de,1313.4280908107758,False,keypress,testRsp,1221,[],choice-response,Out of time,67ef60de6de0902719c5faef,2025-04-04 00:32:30-04:00,toneentrainer_30,6610,99,maintaskTrials
67eef64a6de0902719c5faca,default,0,52c29ea6108915577fbd0a7ba7a2c921a23af57d4bc24966eaff39b894b960de,1313.4280908107758,False,keypress,testRsp,80,[],choice-response,Out of time,67ef60de6de0902719c5faef,2025-04-04 00:32:30-04:00,addentrainer_90,5454,100,maintaskTrials
67eef64a6de0902719c5faca,default,0,52c29ea6108915577fbd0a7ba7a2c921a23af57d4bc24966eaff39b894b960de,1313.4280908107758,False,keypress,testRsp,150,[],choice-response,Out of time,67ef60de6de0902719c5faef,2025-04-04 00:32:30-04:00,addentrainer_120,5528,101,maintaskTrials
67eef64a6de0902719c5faca,default,0,52c29ea6108915577fbd0a7ba7a2c921a23af57d4bc24966eaff39b894b960de,1313.4280908107758,False,keypress,testRsp,23799,[],choice-response,Out of time,67ef60de6de0902719c5faef,2025-04-04 00:32:30-04:00,tone1_30,29186,102,maintaskTrials
67eef64a6de0902719c5faca,default,0,52c29ea6108915577fbd0a7ba7a2c921a23af57d4bc24966eaff39b894b960de,1313.4280908107758,False,keypress,testRsp,338,[],choice-response,Out of time,67ef60de6de0902719c5faef,2025-04-04 00:32:30-04:00,tone8_90,5725,103,maintaskTrials
67eef64a6de0902719c5faca,default,0,52c29ea6108915577fbd0a7ba7a2c921a23af57d4bc24966eaff39b894b960de,1313.4280908107758,False,keypress,testRsp,379,[],choice-response,Out of time,67ef60de6de0902719c5faef,2025-04-04 00:32:30-04:00,tone1_90,5762,104,maintaskTrials
67eef64a6de0902719c5faca,default,0,52c29ea6108915577fbd0a7ba7a2c921a23af57d4bc24966eaff39b894b960de,1313.4280908107758,False,keypress,testRsp,132,[],choice-response,Out of time,67ef60de6de0902719c5faef,2025-04-04 00:32:30-04:00,toneentrainer_60,5514,105,maintaskTrials
67eef64a6de0902719c5faca,default,0,52c29ea6108915577fbd0a7ba7a2c921a23af57d4bc24966eaff39b894b960de,1313.4280908107758,False,keypress,testRsp,18571,[],choice-response,In time,67ef60de6de0902719c5faef,2025-04-04 00:32:30-04:00,toneentrainer_0,23954,106,maintaskTrials
67eef64a6de0902719c5faca,default,0,52c29ea6108915577fbd0a7ba7a2c921a23af57d4bc24966eaff39b894b960de,1313.4280908107758,False,keypress,testRsp,1124,[],choice-response,Out of time,67ef60de6de0902719c5faef,2025-04-04 00:32:30-04:00,add8_0,6512,107,maintaskTrials
67eef64a6de0902719c5faca,default,0,52c29ea6108915577fbd0a7ba7a2c921a23af57d4bc24966eaff39b894b960de,1313.4280908107758,False,keypress,testRsp,1444,[],choice-response,Out of time,67ef60de6de0902719c5faef,2025-04-04 00:32:30-04:00,tone8_30,6828,108,maintaskTrials
67eef64a6de0902719c5faca,default,0,52c29ea6108915577fbd0a7ba7a2c921a23af57d4bc24966eaff39b894b960de,1313.4280908107758,False,keypress,testRsp,6437,[],choice-response,Out of time,67ef60de6de0902719c5faef,2025-04-04 00:32:30-04:00,tone8_0,11821,109,maintaskTrials
67eef64a6de0902719c5faca,default,0,52c29ea6108915577fbd0a7ba7a2c921a23af57d4bc24966eaff39b894b960de,1313.4280908107758,False,keypress,testRsp,1486,[],choice-response,Out of time,67ef60de6de0902719c5faef,2025-04-04 00:32:30-04:00,add1_0,6868,110,maintaskTrials
67eef64a6de0902719c5faca,default,0,52c29ea6108915577fbd0a7ba7a2c921a23af57d4bc24966eaff39b894b960de,1313.4280908107758,False,keypress,testRsp,234,[],choice-response,Out of time,67ef60de6de0902719c5faef,2025-04-04 00:32:30-04:00,toneentrainer_120,5639,111,maintaskTrials
67eef64a6de0902719c5faca,default,0,52c29ea6108915577fbd0a7ba7a2c921a23af57d4bc24966eaff39b894b960de,1313.4280908107758,False,keypress,testRsp,11381,[],choice-response,In time,67ef60de6de0902719c5faef,2025-04-04 00:32:30-04:00,add8_30,16789,112,maintaskTrials
67eef64a6de0902719c5faca,default,0,52c29ea6108915577fbd0a7ba7a2c921a23af57d4bc24966eaff39b894b960de,1313.4280908107758,False,keypress,testRsp,11900,[],choice-response,In time,67ef60de6de0902719c5faef,2025-04-04 00:32:30-04:00,add8_60,17328,113,maintaskTrials
67eef64a6de0902719c5faca,default,0,52c29ea6108915577fbd0a7ba7a2c921a23af57d4bc24966eaff39b894b960de,1313.4280908107758,False,keypress,testRsp,279,[],choice-response,Out of time,67ef60de6de0902719c5faef,2025-04-04 00:32:30-04:00,add1_90,5687,114,maintaskTrials
67eef64a6de0902719c5faca,default,0,52c29ea6108915577fbd0a7ba7a2c921a23af57d4bc24966eaff39b894b960de,1313.4280908107758,False,keypress,testRsp,387,[],choice-response,Out of time,67ef60de6de0902719c5faef,2025-04-04 00:32:30-04:00,addentrainer_30,5769,115,maintaskTrials
67eef64a6de0902719c5faca,default,0,52c29ea6108915577fbd0a7ba7a2c921a23af57d4bc24966eaff39b894b960de,1313.4280908107758,False,keypress,testRsp,242,[],choice-response,Out of time,67ef60de6de0902719c5faef,2025-04-04 00:32:30-04:00,tone8_60,5627,116,maintaskTrials
67eef64a6de0902719c5faca,default,0,52c29ea6108915577fbd0a7ba7a2c921a23af57d4bc24966eaff39b894b960de,1313.4280908107758,False,keypress,testRsp,76,[],choice-response,Out of time,67ef60de6de0902719c5faef,2025-04-04 00:32:30-04:00,tone8_120,5461,117,maintaskTrials
67eef64a6de0902719c5faca,default,0,52c29ea6108915577fbd0a7ba7a2c921a23af57d4bc24966eaff39b894b960de,1313.4280908107758,False,keypress,testRsp,66,[],choice-response,Out of time,67ef60de6de0902719c5faef,2025-04-04 00:32:30-04:00,addentrainer_60,5447,118,maintaskTrials
67eef64a6de0902719c5faca,default,0,52c29ea6108915577fbd0a7ba7a2c921a23af57d4bc24966eaff39b894b960de,1313.4280908107758,False,keypress,testRsp,2965,[],choice-response,In time,67ef60de6de0902719c5faef,2025-04-04 00:32:30-04:00,tone1_0,8347,119,maintaskTrials
67eef64a6de0902719c5faca,default,0,52c29ea6108915577fbd0a7ba7a2c921a23af57d4bc24966eaff39b894b960de,1313.4280908107758,False,keypress,testRsp,725,[],choice-response,Out of time,67ef60de6de0902719c5faef,2025-04-04 00:32:30-04:00,tone1_120,6110,120,maintaskTrials
67eef64a6de0902719c5faca,default,0,52c29ea6108915577fbd0a7ba7a2c921a23af57d4bc24966eaff39b894b960de,1313.4280908107758,False,keypress,testRsp,2042,[],choice-response,In time,67ef60de6de0902719c5faef,2025-04-04 00:32:30-04:00,add8_120,7438,121,maintaskTrials
67eef64a6de0902719c5faca,default,0,52c29ea6108915577fbd0a7ba7a2c921a23af57d4bc24966eaff39b894b960de,1313.4280908107758,False,keypress,testRsp,431,[],choice-response,In time,67ef60de6de0902719c5faef,2025-04-04 00:32:30-04:00,add1_30,5817,122,maintaskTrials
67eef64a6de0902719c5faca,default,0,52c29ea6108915577fbd0a7ba7a2c921a23af57d4bc24966eaff39b894b960de,1313.4280908107758,False,keypress,testRsp,433,[],choice-response,Out of time,67ef60de6de0902719c5faef,2025-04-04 00:32:30-04:00,add8_90,5818,123,maintaskTrials
67eef64a6de0902719c5faca,default,0,52c29ea6108915577fbd0a7ba7a2c921a23af57d4bc24966eaff39b894b960de,1313.4280908107758,False,keypress,testRsp,554,[],choice-response,Out of time,67ef60de6de0902719c5faef,2025-04-04 00:32:30-04:00,toneentrainer_90,5945,124,maintaskTrials
67eef64a6de0902719c5faca,default,0,52c29ea6108915577fbd0a7ba7a2c921a23af57d4bc24966eaff39b894b960de,1313.4280908107758,False,keypress,testRsp,418,[],choice-response,In time,67ef60de6de0902719c5faef,2025-04-04 00:32:30-04:00,add1_60,5803,125,maintaskTrials
67eef64a6de0902719c5faca,default,0,52c29ea6108915577fbd0a7ba7a2c921a23af57d4bc24966eaff39b894b960de,1313.4280908107758,False,keypress,testRsp,339,[],choice-response,In time,67ef60de6de0902719c5faef,2025-04-04 00:32:30-04:00,tone1_60,5726,126,maintaskTrials
67eef64a6de0902719c5faca,default,0,52c29ea6108915577fbd0a7ba7a2c921a23af57d4bc24966eaff39b894b960de,1313.4280908107758,False,keypress,testRsp,345,[],choice-response,In time,67ef60de6de0902719c5faef,2025-04-04 00:32:30-04:00,addentrainer_0,5724,127,maintaskTrials
67eef64a6de0902719c5faca,default,0,52c29ea6108915577fbd0a7ba7a2c921a23af57d4bc24966eaff39b894b960de,1313.4280908107758,False,keypress,testRsp,517,[],choice-response,In time,67ef60de6de0902719c5faef,2025-04-04 00:32:30-04:00,add1_30,5900,128,maintaskTrials
67eef64a6de0902719c5faca,default,0,52c29ea6108915577fbd0a7ba7a2c921a23af57d4bc24966eaff39b894b960de,1313.4280908107758,False,keypress,testRsp,508,[],choice-response,Out of time,67ef60de6de0902719c5faef,2025-04-04 00:32:30-04:00,toneentrainer_120,5905,129,maintaskTrials
67eef64a6de0902719c5faca,default,0,52c29ea6108915577fbd0a7ba7a2c921a23af57d4bc24966eaff39b894b960de,1313.4280908107758,False,keypress,testRsp,180,[],choice-response,In time,67ef60de6de0902719c5faef,2025-04-04 00:32:30-04:00,tone8_60,5567,130,maintaskTrials
67eef64a6de0902719c5faca,default,0,52c29ea6108915577fbd0a7ba7a2c921a23af57d4bc24966eaff39b894b960de,1313.4280908107758,False,keypress,testRsp,428,[],choice-response,In time,67ef60de6de0902719c5faef,2025-04-04 00:32:30-04:00,toneentrainer_60,5817,131,maintaskTrials
67eef64a6de0902719c5faca,default,0,52c29ea6108915577fbd0a7ba7a2c921a23af57d4bc24966eaff39b894b960de,1313.4280908107758,False,keypress,testRsp,82,[],choice-response,Out of time,67ef60de6de0902719c5faef,2025-04-04 00:32:30-04:00,toneentrainer_90,5466,132,maintaskTrials
67eef64a6de0902719c5faca,default,0,52c29ea6108915577fbd0a7ba7a2c921a23af57d4bc24966eaff39b894b960de,1313.4280908107758,False,keypress,testRsp,287,[],choice-response,In time,67ef60de6de0902719c5faef,2025-04-04 00:32:30-04:00,add8_60,5663,133,maintaskTrials
67eef64a6de0902719c5faca,default,0,52c29ea6108915577fbd0a7ba7a2c921a23af57d4bc24966eaff39b894b960de,1313.4280908107758,False,keypress,testRsp,557,[],choice-response,In time,67ef60de6de0902719c5faef,2025-04-04 00:32:30-04:00,add1_0,5944,134,maintaskTrials
67eef64a6de0902719c5faca,default,0,52c29ea6108915577fbd0a7ba7a2c921a23af57d4bc24966eaff39b894b960de,1313.4280908107758,False,keypress,testRsp,163,[],choice-response,Out of time,67ef60de6de0902719c5faef,2025-04-04 00:32:30-04:00,addentrainer_90,5541,135,maintaskTrials
67eef64a6de0902719c5faca,default,0,52c29ea6108915577fbd0a7ba7a2c921a23af57d4bc24966eaff39b894b960de,1313.4280908107758,False,keypress,testRsp,285,[],choice-response,Out of time,67ef60de6de0902719c5faef,2025-04-04 00:32:30-04:00,add8_90,5660,136,maintaskTrials
67eef64a6de0902719c5faca,default,0,52c29ea6108915577fbd0a7ba7a2c921a23af57d4bc24966eaff39b894b960de,1313.4280908107758,False,keypress,testRsp,172,[],choice-response,Out of time,67ef60de6de0902719c5faef,2025-04-04 00:32:30-04:00,add8_120,5558,137,maintaskTrials
67eef64a6de0902719c5faca,default,0,52c29ea6108915577fbd0a7ba7a2c921a23af57d4bc24966eaff39b894b960de,1313.4280908107758,False,keypress,testRsp,57,[],choice-response,In time,67ef60de6de0902719c5faef,2025-04-04 00:32:30-04:00,tone1_30,5436,138,maintaskTrials
67eef64a6de0902719c5faca,default,0,52c29ea6108915577fbd0a7ba7a2c921a23af57d4bc24966eaff39b894b960de,1313.4280908107758,False,keypress,testRsp,93,[],choice-response,Out of time,67ef60de6de0902719c5faef,2025-04-04 00:32:30-04:00,tone8_120,5501,139,maintaskTrials
67eef64a6de0902719c5faca,default,0,52c29ea6108915577fbd0a7ba7a2c921a23af57d4bc24966eaff39b894b960de,1313.4280908107758,False,keypress,testRsp,338,[],choice-response,In time,67ef60de6de0902719c5faef,2025-04-04 00:32:30-04:00,addentrainer_60,5715,140,maintaskTrials
67eef64a6de0902719c5faca,default,0,52c29ea6108915577fbd0a7ba7a2c921a23af57d4bc24966eaff39b894b960de,1313.4280908107758,False,keypress,testRsp,241,[],choice-response,In time,67ef60de6de0902719c5faef,2025-04-04 00:32:30-04:00,toneentrainer_30,5620,141,maintaskTrials
67eef64a6de0902719c5faca,default,0,52c29ea6108915577fbd0a7ba7a2c921a23af57d4bc24966eaff39b894b960de,1313.4280908107758,False,keypress,testRsp,169,[],choice-response,Out of time,67ef60de6de0902719c5faef,2025-04-04 00:32:30-04:00,tone1_90,5542,142,maintaskTrials
67eef64a6de0902719c5faca,default,0,52c29ea6108915577fbd0a7ba7a2c921a23af57d4bc24966eaff39b894b960de,1313.4280908107758,False,keypress,testRsp,536,[],choice-response,Out of time,67ef60de6de0902719c5faef,2025-04-04 00:32:30-04:00,add1_90,5918,143,maintaskTrials
67eef64a6de0902719c5faca,default,0,52c29ea6108915577fbd0a7ba7a2c921a23af57d4bc24966eaff39b894b960de,1313.4280908107758,False,keypress,testRsp,1076,[],choice-response,In time,67ef60de6de0902719c5faef,2025-04-04 00:32:30-04:00,tone1_60,6463,144,maintaskTrials
67eef64a6de0902719c5faca,default,0,52c29ea6108915577fbd0a7ba7a2c921a23af57d4bc24966eaff39b894b960de,1313.4280908107758,False,keypress,testRsp,626,[],choice-response,Out of time,67ef60de6de0902719c5faef,2025-04-04 00:32:30-04:00,add1_60,6011,145,maintaskTrials
67eef64a6de0902719c5faca,default,0,52c29ea6108915577fbd0a7ba7a2c921a23af57d4bc24966eaff39b894b960de,1313.4280908107758,False,keypress,testRsp,977,[],choice-response,In time,67ef60de6de0902719c5faef,2025-04-04 00:32:30-04:00,tone1_0,6368,146,maintaskTrials
67eef64a6de0902719c5faca,default,0,52c29ea6108915577fbd0a7ba7a2c921a23af57d4bc24966eaff39b894b960de,1313.4280908107758,False,keypress,testRsp,93,[],choice-response,Out of time,67ef60de6de0902719c5faef,2025-04-04 00:32:30-04:00,add1_120,5482,147,maintaskTrials
67eef64a6de0902719c5faca,default,0,52c29ea6108915577fbd0a7ba7a2c921a23af57d4bc24966eaff39b894b960de,1313.4280908107758,False,keypress,testRsp,732,[],choice-response,Out of time,67ef60de6de0902719c5faef,2025-04-04 00:32:30-04:00,addentrainer_120,6114,148,maintaskTrials
67eef64a6de0902719c5faca,default,0,52c29ea6108915577fbd0a7ba7a2c921a23af57d4bc24966eaff39b894b960de,1313.4280908107758,False,keypress,testRsp,355,[],choice-response,In time,67ef60de6de0902719c5faef,2025-04-04 00:32:30-04:00,tone8_30,5751,149,maintaskTrials
67eef64a6de0902719c5faca,default,0,52c29ea6108915577fbd0a7ba7a2c921a23af57d4bc24966eaff39b894b960de,1313.4280908107758,False,keypress,testRsp,244,[],choice-response,In time,67ef60de6de0902719c5faef,2025-04-04 00:32:30-04:00,add8_30,5629,150,maintaskTrials
67eef64a6de0902719c5faca,default,0,52c29ea6108915577fbd0a7ba7a2c921a23af57d4bc24966eaff39b894b960de,1313.4280908107758,False,keypress,testRsp,107,[],choice-response,In time,67ef60de6de0902719c5faef,2025-04-04 00:32:30-04:00,add8_0,5509,151,maintaskTrials
67eef64a6de0902719c5faca,default,0,52c29ea6108915577fbd0a7ba7a2c921a23af57d4bc24966eaff39b894b960de,1313.4280908107758,False,keypress,testRsp,475,[],choice-response,Out of time,67ef60de6de0902719c5faef,2025-04-04 00:32:30-04:00,addentrainer_30,5852,152,maintaskTrials
67eef64a6de0902719c5faca,default,0,52c29ea6108915577fbd0a7ba7a2c921a23af57d4bc24966eaff39b894b960de,1313.4280908107758,False,keypress,testRsp,427,[],choice-response,In time,67ef60de6de0902719c5faef,2025-04-04 00:32:30-04:00,toneentrainer_0,5815,153,maintaskTrials
67eef64a6de0902719c5faca,default,0,52c29ea6108915577fbd0a7ba7a2c921a23af57d4bc24966eaff39b894b960de,1313.4280908107758,False,click,testRsp,50227,[],choice-response,Out of time,67ef60de6de0902719c5faef,2025-04-04 00:32:30-04:00,tone8_90,55617,154,maintaskTrials
67eef64a6de0902719c5faca,default,0,52c29ea6108915577fbd0a7ba7a2c921a23af57d4bc24966eaff39b894b960de,1313.4280908107758,False,keypress,testRsp,30,[],choice-response,Out of time,67ef60de6de0902719c5faef,2025-04-04 00:32:30-04:00,tone1_120,5427,155,maintaskTrials
67eef64a6de0902719c5faca,default,0,52c29ea6108915577fbd0a7ba7a2c921a23af57d4bc24966eaff39b894b960de,1313.4280908107758,False,keypress,testRsp,299,[],choice-response,In time,67ef60de6de0902719c5faef,2025-04-04 00:32:30-04:00,tone8_0,5681,156,maintaskTrials
67eef64a6de0902719c5faca,default,0,f64dd8065615008f0b4eefe36f8ed7514aa6fb3debd185b8ecfd2ae6c9e5339e,1076.9913020133972,True,click,exampleRsp_tone,3298,['Out of time'],choice-response,Out of time,67ef60de6de0902719c5faef,2025-04-04 00:32:30-04:00,tone8_120,12196,1,example_tone
67eef64a6de0902719c5faca,default,0,f64dd8065615008f0b4eefe36f8ed7514aa6fb3debd185b8ecfd2ae6c9e5339e,1076.9913020133972,True,keypress,exampleRsp_lab,1302,['Out of time'],choice-response,Out of time,67ef60de6de0902719c5faef,2025-04-04 00:32:30-04:00,add1_120,9794,2,example_add
67eef64a6de0902719c5faca,default,0,f64dd8065615008f0b4eefe36f8ed7514aa6fb3debd185b8ecfd2ae6c9e5339e,1076.9913020133972,True,keypress,exampleRsp_lab,1014,['Out of time'],choice-response,Out of time,67ef60de6de0902719c5faef,2025-04-04 00:32:30-04:00,add1_120,9077,3,example_add
67eef64a6de0902719c5faca,default,0,f64dd8065615008f0b4eefe36f8ed7514aa6fb3debd185b8ecfd2ae6c9e5339e,1076.9913020133972,True,keypress,exampleRsp_lab,516,['Out of time'],choice-response,Out of time,67ef60de6de0902719c5faef,2025-04-04 00:32:30-04:00,add8_120,9277,4,example_add
67eef64a6de0902719c5faca,default,0,f64dd8065615008f0b4eefe36f8ed7514aa6fb3debd185b8ecfd2ae6c9e5339e,1076.9913020133972,True,keypress,exampleRsp_lab,518,['Out of time'],choice-response,Out of time,67ef60de6de0902719c5faef,2025-04-04 00:32:30-04:00,add8_120,8594,5,example_add
67eef64a6de0902719c5faca,default,0,f64dd8065615008f0b4eefe36f8ed7514aa6fb3debd185b8ecfd2ae6c9e5339e,1076.9913020133972,True,keypress,exampleRsp_tone,437,['Out of time'],choice-response,Out of time,67ef60de6de0902719c5faef,2025-04-04 00:32:30-04:00,tone1_120,8929,6,example_tone
67eef64a6de0902719c5faca,default,0,f64dd8065615008f0b4eefe36f8ed7514aa6fb3debd185b8ecfd2ae6c9e5339e,1076.9913020133972,False,keypress,testRsp,1440,[],choice-response,Out of time,67ef60de6de0902719c5faef,2025-04-04 00:32:30-04:00,add1_30,7194,7,maintaskTrials
67eef64a6de0902719c5faca,default,0,f64dd8065615008f0b4eefe36f8ed7514aa6fb3debd185b8ecfd2ae6c9e5339e,1076.9913020133972,False,keypress,testRsp,350,[],choice-response,Out of time,67ef60de6de0902719c5faef,2025-04-04 00:32:30-04:00,toneentrainer_60,6114,8,maintaskTrials
67eef64a6de0902719c5faca,default,0,f64dd8065615008f0b4eefe36f8ed7514aa6fb3debd185b8ecfd2ae6c9e5339e,1076.9913020133972,False,keypress,testRsp,413,[],choice-response,Out of time,67ef60de6de0902719c5faef,2025-04-04 00:32:30-04:00,addentrainer_30,6172,9,maintaskTrials
67eef64a6de0902719c5faca,default,0,f64dd8065615008f0b4eefe36f8ed7514aa6fb3debd185b8ecfd2ae6c9e5339e,1076.9913020133972,False,keypress,testRsp,292,[],choice-response,Out of time,67ef60de6de0902719c5faef,2025-04-04 00:32:30-04:00,add1_60,6171,10,maintaskTrials
67eef64a6de0902719c5faca,default,0,f64dd8065615008f0b4eefe36f8ed7514aa6fb3debd185b8ecfd2ae6c9e5339e,1076.9913020133972,False,keypress,testRsp,209,[],choice-response,Out of time,67ef60de6de0902719c5faef,2025-04-04 00:32:30-04:00,toneentrainer_90,6209,11,maintaskTrials
67eef64a6de0902719c5faca,default,0,f64dd8065615008f0b4eefe36f8ed7514aa6fb3debd185b8ecfd2ae6c9e5339e,1076.9913020133972,False,keypress,testRsp,223,[],choice-response,Out of time,67ef60de6de0902719c5faef,2025-04-04 00:32:30-04:00,add1_90,5995,12,maintaskTrials
67eef64a6de0902719c5faca,default,0,f64dd8065615008f0b4eefe36f8ed7514aa6fb3debd185b8ecfd2ae6c9e5339e,1076.9913020133972,False,keypress,testRsp,735,[],choice-response,Out of time,67ef60de6de0902719c5faef,2025-04-04 00:32:30-04:00,tone1_60,6645,13,maintaskTrials
67eef64a6de0902719c5faca,default,0,f64dd8065615008f0b4eefe36f8ed7514aa6fb3debd185b8ecfd2ae6c9e5339e,1076.9913020133972,False,keypress,testRsp,332,[],choice-response,In time,67ef60de6de0902719c5faef,2025-04-04 00:32:30-04:00,tone1_30,6362,14,maintaskTrials
67eef64a6de0902719c5faca,default,0,f64dd8065615008f0b4eefe36f8ed7514aa6fb3debd185b8ecfd2ae6c9e5339e,1076.9913020133972,False,keypress,testRsp,255,[],choice-response,In time,67ef60de6de0902719c5faef,2025-04-04 00:32:30-04:00,tone8_0,6085,15,maintaskTrials
67eef64a6de0902719c5faca,default,0,f64dd8065615008f0b4eefe36f8ed7514aa6fb3debd185b8ecfd2ae6c9e5339e,1076.9913020133972,False,keypress,testRsp,352,[],choice-response,Out of time,67ef60de6de0902719c5faef,2025-04-04 00:32:30-04:00,addentrainer_90,6260,16,maintaskTrials
67eef64a6de0902719c5faca,default,0,f64dd8065615008f0b4eefe36f8ed7514aa6fb3debd185b8ecfd2ae6c9e5339e,1076.9913020133972,False,keypress,testRsp,639,[],choice-response,Out of time,67ef60de6de0902719c5faef,2025-04-04 00:32:30-04:00,addentrainer_120,6461,17,maintaskTrials
67eef64a6de0902719c5faca,default,0,f64dd8065615008f0b4eefe36f8ed7514aa6fb3debd185b8ecfd2ae6c9e5339e,1076.9913020133972,False,keypress,testRsp,254,[],choice-response,Out of time,67ef60de6de0902719c5faef,2025-04-04 00:32:30-04:00,tone8_120,5683,18,maintaskTrials
67eef64a6de0902719c5faca,default,0,f64dd8065615008f0b4eefe36f8ed7514aa6fb3debd185b8ecfd2ae6c9e5339e,1076.9913020133972,False,keypress,testRsp,353,[],choice-response,Out of time,67ef60de6de0902719c5faef,2025-04-04 00:32:30-04:00,add8_60,6382,19,maintaskTrials
67eef64a6de0902719c5faca,default,0,f64dd8065615008f0b4eefe36f8ed7514aa6fb3debd185b8ecfd2ae6c9e5339e,1076.9913020133972,False,keypress,testRsp,321,[],choice-response,Out of time,67ef60de6de0902719c5faef,2025-04-04 00:32:30-04:00,tone8_60,6169,20,maintaskTrials
67eef64a6de0902719c5faca,default,0,f64dd8065615008f0b4eefe36f8ed7514aa6fb3debd185b8ecfd2ae6c9e5339e,1076.9913020133972,False,keypress,testRsp,388,[],choice-response,In time,67ef60de6de0902719c5faef,2025-04-04 00:32:30-04:00,add8_0,6501,21,maintaskTrials
67eef64a6de0902719c5faca,default,0,f64dd8065615008f0b4eefe36f8ed7514aa6fb3debd185b8ecfd2ae6c9e5339e,1076.9913020133972,False,keypress,testRsp,356,[],choice-response,In time,67ef60de6de0902719c5faef,2025-04-04 00:32:30-04:00,toneentrainer_0,6148,22,maintaskTrials
67eef64a6de0902719c5faca,default,0,f64dd8065615008f0b4eefe36f8ed7514aa6fb3debd185b8ecfd2ae6c9e5339e,1076.9913020133972,False,keypress,testRsp,348,[],choice-response,Out of time,67ef60de6de0902719c5faef,2025-04-04 00:32:30-04:00,toneentrainer_120,6235,23,maintaskTrials
67eef64a6de0902719c5faca,default,0,f64dd8065615008f0b4eefe36f8ed7514aa6fb3debd185b8ecfd2ae6c9e5339e,1076.9913020133972,False,keypress,testRsp,315,[],choice-response,In time,67ef60de6de0902719c5faef,2025-04-04 00:32:30-04:00,addentrainer_0,6269,24,maintaskTrials
67eef64a6de0902719c5faca,default,0,f64dd8065615008f0b4eefe36f8ed7514aa6fb3debd185b8ecfd2ae6c9e5339e,1076.9913020133972,False,keypress,testRsp,274,[],choice-response,In time,67ef60de6de0902719c5faef,2025-04-04 00:32:30-04:00,add8_30,6195,25,maintaskTrials
67eef64a6de0902719c5faca,default,0,f64dd8065615008f0b4eefe36f8ed7514aa6fb3debd185b8ecfd2ae6c9e5339e,1076.9913020133972,False,keypress,testRsp,8,[],choice-response,Out of time,67ef60de6de0902719c5faef,2025-04-04 00:32:30-04:00,tone1_90,5962,26,maintaskTrials
67eef64a6de0902719c5faca,default,0,f64dd8065615008f0b4eefe36f8ed7514aa6fb3debd185b8ecfd2ae6c9e5339e,1076.9913020133972,False,keypress,testRsp,247,[],choice-response,Out of time,67ef60de6de0902719c5faef,2025-04-04 00:32:30-04:00,add8_120,5678,27,maintaskTrials
67eef64a6de0902719c5faca,default,0,f64dd8065615008f0b4eefe36f8ed7514aa6fb3debd185b8ecfd2ae6c9e5339e,1076.9913020133972,False,keypress,testRsp,349,[],choice-response,Out of time,67ef60de6de0902719c5faef,2025-04-04 00:32:30-04:00,add1_120,5786,28,maintaskTrials
67eef64a6de0902719c5faca,default,0,f64dd8065615008f0b4eefe36f8ed7514aa6fb3debd185b8ecfd2ae6c9e5339e,1076.9913020133972,False,keypress,testRsp,109,[],choice-response,Out of time,67ef60de6de0902719c5faef,2025-04-04 00:32:30-04:00,add8_90,6155,29,maintaskTrials
67eef64a6de0902719c5faca,default,0,f64dd8065615008f0b4eefe36f8ed7514aa6fb3debd185b8ecfd2ae6c9e5339e,1076.9913020133972,False,keypress,testRsp,157,[],choice-response,Out of time,67ef60de6de0902719c5faef,2025-04-04 00:32:30-04:00,addentrainer_60,6365,30,maintaskTrials
67eef64a6de0902719c5faca,default,0,f64dd8065615008f0b4eefe36f8ed7514aa6fb3debd185b8ecfd2ae6c9e5339e,1076.9913020133972,False,keypress,testRsp,791,[],choice-response,In time,67ef60de6de0902719c5faef,2025-04-04 00:32:30-04:00,tone1_0,6595,31,maintaskTrials
67eef64a6de0902719c5faca,default,0,f64dd8065615008f0b4eefe36f8ed7514aa6fb3debd185b8ecfd2ae6c9e5339e,1076.9913020133972,False,keypress,testRsp,287,[],choice-response,Out of time,67ef60de6de0902719c5faef,2025-04-04 00:32:30-04:00,tone8_90,6253,32,maintaskTrials
67eef64a6de0902719c5faca,default,0,f64dd8065615008f0b4eefe36f8ed7514aa6fb3debd185b8ecfd2ae6c9e5339e,1076.9913020133972,False,keypress,testRsp,363,[],choice-response,Out of time,67ef60de6de0902719c5faef,2025-04-04 00:32:30-04:00,toneentrainer_30,6218,33,maintaskTrials
67eef64a6de0902719c5faca,default,0,f64dd8065615008f0b4eefe36f8ed7514aa6fb3debd185b8ecfd2ae6c9e5339e,1076.9913020133972,False,keypress,testRsp,296,[],choice-response,In time,67ef60de6de0902719c5faef,2025-04-04 00:32:30-04:00,add1_0,6276,34,maintaskTrials
67eef64a6de0902719c5faca,default,0,f64dd8065615008f0b4eefe36f8ed7514aa6fb3debd185b8ecfd2ae6c9e5339e,1076.9913020133972,False,keypress,testRsp,299,[],choice-response,Out of time,67ef60de6de0902719c5faef,2025-04-04 00:32:30-04:00,tone8_30,6052,35,maintaskTrials
67eef64a6de0902719c5faca,default,0,f64dd8065615008f0b4eefe36f8ed7514aa6fb3debd185b8ecfd2ae6c9e5339e,1076.9913020133972,False,keypress,testRsp,297,[],choice-response,Out of time,67ef60de6de0902719c5faef,2025-04-04 00:32:30-04:00,tone1_120,5729,36,maintaskTrials
67eef64a6de0902719c5faca,default,0,f64dd8065615008f0b4eefe36f8ed7514aa6fb3debd185b8ecfd2ae6c9e5339e,1076.9913020133972,False,keypress,testRsp,1240,[],choice-response,Out of time,67ef60de6de0902719c5faef,2025-04-04 00:32:30-04:00,addentrainer_90,6677,37,maintaskTrials
67eef64a6de0902719c5faca,default,0,f64dd8065615008f0b4eefe36f8ed7514aa6fb3debd185b8ecfd2ae6c9e5339e,1076.9913020133972,False,keypress,testRsp,334,[],choice-response,In time,67ef60de6de0902719c5faef,2025-04-04 00:32:30-04:00,add1_0,5763,38,maintaskTrials
67eef64a6de0902719c5faca,default,0,f64dd8065615008f0b4eefe36f8ed7514aa6fb3debd185b8ecfd2ae6c9e5339e,1076.9913020133972,False,keypress,testRsp,913,[],choice-response,Out of time,67ef60de6de0902719c5faef,2025-04-04 00:32:30-04:00,tone1_60,6347,39,maintaskTrials
67eef64a6de0902719c5faca,default,0,f64dd8065615008f0b4eefe36f8ed7514aa6fb3debd185b8ecfd2ae6c9e5339e,1076.9913020133972,False,keypress,testRsp,155,[],choice-response,Out of time,67ef60de6de0902719c5faef,2025-04-04 00:32:30-04:00,add8_60,5595,40,maintaskTrials
67eef64a6de0902719c5faca,default,0,f64dd8065615008f0b4eefe36f8ed7514aa6fb3debd185b8ecfd2ae6c9e5339e,1076.9913020133972,False,keypress,testRsp,472,[],choice-response,Out of time,67ef60de6de0902719c5faef,2025-04-04 00:32:30-04:00,tone1_30,5908,41,maintaskTrials
67eef64a6de0902719c5faca,default,0,f64dd8065615008f0b4eefe36f8ed7514aa6fb3debd185b8ecfd2ae6c9e5339e,1076.9913020133972,False,keypress,testRsp,306,[],choice-response,In time,67ef60de6de0902719c5faef,2025-04-04 00:32:30-04:00,add1_30,5746,42,maintaskTrials
67eef64a6de0902719c5faca,default,0,f64dd8065615008f0b4eefe36f8ed7514aa6fb3debd185b8ecfd2ae6c9e5339e,1076.9913020133972,False,keypress,testRsp,209,[],choice-response,In time,67ef60de6de0902719c5faef,2025-04-04 00:32:30-04:00,addentrainer_0,5644,43,maintaskTrials
67eef64a6de0902719c5faca,default,0,f64dd8065615008f0b4eefe36f8ed7514aa6fb3debd185b8ecfd2ae6c9e5339e,1076.9913020133972,False,keypress,testRsp,511,[],choice-response,Out of time,67ef60de6de0902719c5faef,2025-04-04 00:32:30-04:00,addentrainer_30,5948,44,maintaskTrials
67eef64a6de0902719c5faca,default,0,f64dd8065615008f0b4eefe36f8ed7514aa6fb3debd185b8ecfd2ae6c9e5339e,1076.9913020133972,False,keypress,testRsp,944,[],choice-response,Out of time,67ef60de6de0902719c5faef,2025-04-04 00:32:30-04:00,tone1_120,6379,45,maintaskTrials
67eef64a6de0902719c5faca,default,0,f64dd8065615008f0b4eefe36f8ed7514aa6fb3debd185b8ecfd2ae6c9e5339e,1076.9913020133972,False,keypress,testRsp,383,[],choice-response,In time,67ef60de6de0902719c5faef,2025-04-04 00:32:30-04:00,tone1_0,5819,46,maintaskTrials
67eef64a6de0902719c5faca,default,0,f64dd8065615008f0b4eefe36f8ed7514aa6fb3debd185b8ecfd2ae6c9e5339e,1076.9913020133972,False,keypress,testRsp,762,[],choice-response,Out of time,67ef60de6de0902719c5faef,2025-04-04 00:32:30-04:00,tone8_90,6204,47,maintaskTrials
67eef64a6de0902719c5faca,default,0,f64dd8065615008f0b4eefe36f8ed7514aa6fb3debd185b8ecfd2ae6c9e5339e,1076.9913020133972,False,keypress,testRsp,1918,[],choice-response,Out of time,67ef60de6de0902719c5faef,2025-04-04 00:32:30-04:00,toneentrainer_60,7508,48,maintaskTrials
67eef64a6de0902719c5faca,default,0,f64dd8065615008f0b4eefe36f8ed7514aa6fb3debd185b8ecfd2ae6c9e5339e,1076.9913020133972,False,keypress,testRsp,1594,[],choice-response,In time,67ef60de6de0902719c5faef,2025-04-04 00:32:30-04:00,tone8_0,7034,49,maintaskTrials
67eef64a6de0902719c5faca,default,0,f64dd8065615008f0b4eefe36f8ed7514aa6fb3debd185b8ecfd2ae6c9e5339e,1076.9913020133972,False,keypress,testRsp,102,[],choice-response,In time,67ef60de6de0902719c5faef,2025-04-04 00:32:30-04:00,toneentrainer_0,5538,50,maintaskTrials
67eef64a6de0902719c5faca,default,0,f64dd8065615008f0b4eefe36f8ed7514aa6fb3debd185b8ecfd2ae6c9e5339e,1076.9913020133972,False,keypress,testRsp,301,[],choice-response,In time,67ef60de6de0902719c5faef,2025-04-04 00:32:30-04:00,add8_0,5741,51,maintaskTrials
67eef64a6de0902719c5faca,default,0,f64dd8065615008f0b4eefe36f8ed7514aa6fb3debd185b8ecfd2ae6c9e5339e,1076.9913020133972,False,keypress,testRsp,1289,[],choice-response,Out of time,67ef60de6de0902719c5faef,2025-04-04 00:32:30-04:00,add1_60,6738,52,maintaskTrials
67eef64a6de0902719c5faca,default,0,f64dd8065615008f0b4eefe36f8ed7514aa6fb3debd185b8ecfd2ae6c9e5339e,1076.9913020133972,False,keypress,testRsp,762,[],choice-response,Out of time,67ef60de6de0902719c5faef,2025-04-04 00:32:30-04:00,tone1_90,6196,53,maintaskTrials
67eef64a6de0902719c5faca,default,0,f64dd8065615008f0b4eefe36f8ed7514aa6fb3debd185b8ecfd2ae6c9e5339e,1076.9913020133972,False,keypress,testRsp,989,[],choice-response,In time,67ef60de6de0902719c5faef,2025-04-04 00:32:30-04:00,add8_30,6427,54,maintaskTrials
67eef64a6de0902719c5faca,default,0,f64dd8065615008f0b4eefe36f8ed7514aa6fb3debd185b8ecfd2ae6c9e5339e,1076.9913020133972,False,keypress,testRsp,309,[],choice-response,Out of time,67ef60de6de0902719c5faef,2025-04-04 00:32:30-04:00,addentrainer_120,5747,55,maintaskTrials
67eef64a6de0902719c5faca,default,0,f64dd8065615008f0b4eefe36f8ed7514aa6fb3debd185b8ecfd2ae6c9e5339e,1076.9913020133972,False,keypress,testRsp,1235,[],choice-response,In time,67ef60de6de0902719c5faef,2025-04-04 00:32:30-04:00,tone8_30,6669,56,maintaskTrials
67eef64a6de0902719c5faca,default,0,f64dd8065615008f0b4eefe36f8ed7514aa6fb3debd185b8ecfd2ae6c9e5339e,1076.9913020133972,False,keypress,testRsp,638,[],choice-response,Out of time,67ef60de6de0902719c5faef,2025-04-04 00:32:30-04:00,tone8_60,6095,57,maintaskTrials
67eef64a6de0902719c5faca,default,0,f64dd8065615008f0b4eefe36f8ed7514aa6fb3debd185b8ecfd2ae6c9e5339e,1076.9913020133972,False,keypress,testRsp,1551,[],choice-response,Out of time,67ef60de6de0902719c5faef,2025-04-04 00:32:30-04:00,add8_90,7087,58,maintaskTrials
67eef64a6de0902719c5faca,default,0,f64dd8065615008f0b4eefe36f8ed7514aa6fb3debd185b8ecfd2ae6c9e5339e,1076.9913020133972,False,keypress,testRsp,103,[],choice-response,Out of time,67ef60de6de0902719c5faef,2025-04-04 00:32:30-04:00,add1_90,5539,59,maintaskTrials
67eef64a6de0902719c5faca,default,0,f64dd8065615008f0b4eefe36f8ed7514aa6fb3debd185b8ecfd2ae6c9e5339e,1076.9913020133972,False,keypress,testRsp,45,[],choice-response,Out of time,67ef60de6de0902719c5faef,2025-04-04 00:32:30-04:00,add8_120,5476,60,maintaskTrials
67eef64a6de0902719c5faca,default,0,f64dd8065615008f0b4eefe36f8ed7514aa6fb3debd185b8ecfd2ae6c9e5339e,1076.9913020133972,False,keypress,testRsp,6528,[],choice-response,Out of time,67ef60de6de0902719c5faef,2025-04-04 00:32:30-04:00,toneentrainer_120,11968,61,maintaskTrials
67eef64a6de0902719c5faca,default,0,f64dd8065615008f0b4eefe36f8ed7514aa6fb3debd185b8ecfd2ae6c9e5339e,1076.9913020133972,False,keypress,testRsp,499,[],choice-response,Out of time,67ef60de6de0902719c5faef,2025-04-04 00:32:30-04:00,tone8_120,5939,62,maintaskTrials
67eef64a6de0902719c5faca,default,0,f64dd8065615008f0b4eefe36f8ed7514aa6fb3debd185b8ecfd2ae6c9e5339e,1076.9913020133972,False,keypress,testRsp,307,[],choice-response,Out of time,67ef60de6de0902719c5faef,2025-04-04 00:32:30-04:00,addentrainer_60,5746,63,maintaskTrials
67eef64a6de0902719c5faca,default,0,f64dd8065615008f0b4eefe36f8ed7514aa6fb3debd185b8ecfd2ae6c9e5339e,1076.9913020133972,False,keypress,testRsp,517,[],choice-response,Out of time,67ef60de6de0902719c5faef,2025-04-04 00:32:30-04:00,toneentrainer_30,5947,64,maintaskTrials
67eef64a6de0902719c5faca,default,0,f64dd8065615008f0b4eefe36f8ed7514aa6fb3debd185b8ecfd2ae6c9e5339e,1076.9913020133972,False,keypress,testRsp,2793,[],choice-response,Out of time,67ef60de6de0902719c5faef,2025-04-04 00:32:30-04:00,add1_120,8371,65,maintaskTrials
67eef64a6de0902719c5faca,default,0,f64dd8065615008f0b4eefe36f8ed7514aa6fb3debd185b8ecfd2ae6c9e5339e,1076.9913020133972,False,keypress,testRsp,373,[],choice-response,Out of time,67ef60de6de0902719c5faef,2025-04-04 00:32:30-04:00,toneentrainer_90,5804,66,maintaskTrials
67eef64a6de0902719c5faca,default,0,f64dd8065615008f0b4eefe36f8ed7514aa6fb3debd185b8ecfd2ae6c9e5339e,1076.9913020133972,False,keypress,testRsp,344,[],choice-response,In time,67ef60de6de0902719c5faef,2025-04-04 00:32:30-04:00,add8_30,5778,67,maintaskTrials
67eef64a6de0902719c5faca,default,0,f64dd8065615008f0b4eefe36f8ed7514aa6fb3debd185b8ecfd2ae6c9e5339e,1076.9913020133972,False,keypress,testRsp,582,[],choice-response,Out of time,67ef60de6de0902719c5faef,2025-04-04 00:32:30-04:00,toneentrainer_90,6019,68,maintaskTrials
67eef64a6de0902719c5faca,default,0,f64dd8065615008f0b4eefe36f8ed7514aa6fb3debd185b8ecfd2ae6c9e5339e,1076.9913020133972,False,keypress,testRsp,488,[],choice-response,In time,67ef60de6de0902719c5faef,2025-04-04 00:32:30-04:00,add1_30,5922,69,maintaskTrials
67eef64a6de0902719c5faca,default,0,f64dd8065615008f0b4eefe36f8ed7514aa6fb3debd185b8ecfd2ae6c9e5339e,1076.9913020133972,False,keypress,testRsp,158,[],choice-response,Out of time,67ef60de6de0902719c5faef,2025-04-04 00:32:30-04:00,tone1_60,5595,70,maintaskTrials
67eef64a6de0902719c5faca,default,0,f64dd8065615008f0b4eefe36f8ed7514aa6fb3debd185b8ecfd2ae6c9e5339e,1076.9913020133972,False,keypress,testRsp,2124,[],choice-response,In time,67ef60de6de0902719c5faef,2025-04-04 00:32:30-04:00,add1_0,7562,71,maintaskTrials
67eef64a6de0902719c5faca,default,0,f64dd8065615008f0b4eefe36f8ed7514aa6fb3debd185b8ecfd2ae6c9e5339e,1076.9913020133972,False,keypress,testRsp,1410,[],choice-response,In time,67ef60de6de0902719c5faef,2025-04-04 00:32:30-04:00,toneentrainer_0,6845,72,maintaskTrials
67eef64a6de0902719c5faca,default,0,f64dd8065615008f0b4eefe36f8ed7514aa6fb3debd185b8ecfd2ae6c9e5339e,1076.9913020133972,False,keypress,testRsp,3771,[],choice-response,Out of time,67ef60de6de0902719c5faef,2025-04-04 00:32:30-04:00,tone1_120,9213,73,maintaskTrials
67eef64a6de0902719c5faca,default,0,f64dd8065615008f0b4eefe36f8ed7514aa6fb3debd185b8ecfd2ae6c9e5339e,1076.9913020133972,False,keypress,testRsp,1757,[],choice-response,In time,67ef60de6de0902719c5faef,2025-04-04 00:32:30-04:00,addentrainer_0,7193,74,maintaskTrials
67eef64a6de0902719c5faca,default,0,f64dd8065615008f0b4eefe36f8ed7514aa6fb3debd185b8ecfd2ae6c9e5339e,1076.9913020133972,False,keypress,testRsp,342,[],choice-response,Out of time,67ef60de6de0902719c5faef,2025-04-04 00:32:30-04:00,toneentrainer_60,5781,75,maintaskTrials
67eef64a6de0902719c5faca,default,0,f64dd8065615008f0b4eefe36f8ed7514aa6fb3debd185b8ecfd2ae6c9e5339e,1076.9913020133972,False,keypress,testRsp,203,[],choice-response,Out of time,67ef60de6de0902719c5faef,2025-04-04 00:32:30-04:00,tone8_60,5648,76,maintaskTrials
67eef64a6de0902719c5faca,default,0,f64dd8065615008f0b4eefe36f8ed7514aa6fb3debd185b8ecfd2ae6c9e5339e,1076.9913020133972,False,keypress,testRsp,311,[],choice-response,In time,67ef60de6de0902719c5faef,2025-04-04 00:32:30-04:00,add8_0,5749,77,maintaskTrials
67eef64a6de0902719c5faca,default,0,f64dd8065615008f0b4eefe36f8ed7514aa6fb3debd185b8ecfd2ae6c9e5339e,1076.9913020133972,False,keypress,testRsp,1238,[],choice-response,In time,67ef60de6de0902719c5faef,2025-04-04 00:32:30-04:00,tone1_0,6675,78,maintaskTrials
67eef64a6de0902719c5faca,default,0,f64dd8065615008f0b4eefe36f8ed7514aa6fb3debd185b8ecfd2ae6c9e5339e,1076.9913020133972,False,keypress,testRsp,1824,[],choice-response,Out of time,67ef60de6de0902719c5faef,2025-04-04 00:32:30-04:00,toneentrainer_120,7266,79,maintaskTrials
67eef64a6de0902719c5faca,default,0,f64dd8065615008f0b4eefe36f8ed7514aa6fb3debd185b8ecfd2ae6c9e5339e,1076.9913020133972,False,keypress,testRsp,151,[],choice-response,Out of time,67ef60de6de0902719c5faef,2025-04-04 00:32:30-04:00,add8_90,5588,80,maintaskTrials
67eef64a6de0902719c5faca,default,0,f64dd8065615008f0b4eefe36f8ed7514aa6fb3debd185b8ecfd2ae6c9e5339e,1076.9913020133972,False,keypress,testRsp,122,[],choice-response,Out of time,67ef60de6de0902719c5faef,2025-04-04 00:32:30-04:00,add1_90,5553,81,maintaskTrials
67eef64a6de0902719c5faca,default,0,f64dd8065615008f0b4eefe36f8ed7514aa6fb3debd185b8ecfd2ae6c9e5339e,1076.9913020133972,False,keypress,testRsp,1191,[],choice-response,Out of time,67ef60de6de0902719c5faef,2025-04-04 00:32:30-04:00,add1_120,6624,82,maintaskTrials
67eef64a6de0902719c5faca,default,0,f64dd8065615008f0b4eefe36f8ed7514aa6fb3debd185b8ecfd2ae6c9e5339e,1076.9913020133972,False,keypress,testRsp,765,[],choice-response,Out of time,67ef60de6de0902719c5faef,2025-04-04 00:32:30-04:00,addentrainer_30,6210,83,maintaskTrials
67eef64a6de0902719c5faca,default,0,f64dd8065615008f0b4eefe36f8ed7514aa6fb3debd185b8ecfd2ae6c9e5339e,1076.9913020133972,False,keypress,testRsp,520,[],choice-response,Out of time,67ef60de6de0902719c5faef,2025-04-04 00:32:30-04:00,tone8_90,5956,84,maintaskTrials
67eef64a6de0902719c5faca,default,0,f64dd8065615008f0b4eefe36f8ed7514aa6fb3debd185b8ecfd2ae6c9e5339e,1076.9913020133972,False,keypress,testRsp,668,[],choice-response,Out of time,67ef60de6de0902719c5faef,2025-04-04 00:32:30-04:00,addentrainer_90,6171,85,maintaskTrials
67eef64a6de0902719c5faca,default,0,f64dd8065615008f0b4eefe36f8ed7514aa6fb3debd185b8ecfd2ae6c9e5339e,1076.9913020133972,False,keypress,testRsp,271,[],choice-response,Out of time,67ef60de6de0902719c5faef,2025-04-04 00:32:30-04:00,tone8_120,5827,86,maintaskTrials
67eef64a6de0902719c5faca,default,0,f64dd8065615008f0b4eefe36f8ed7514aa6fb3debd185b8ecfd2ae6c9e5339e,1076.9913020133972,False,keypress,testRsp,357,[],choice-response,Out of time,67ef60de6de0902719c5faef,2025-04-04 00:32:30-04:00,add8_60,5796,87,maintaskTrials
67eef64a6de0902719c5faca,default,0,f64dd8065615008f0b4eefe36f8ed7514aa6fb3debd185b8ecfd2ae6c9e5339e,1076.9913020133972,False,keypress,testRsp,1033,[],choice-response,Out of time,67ef60de6de0902719c5faef,2025-04-04 00:32:30-04:00,tone8_30,6476,88,maintaskTrials
67eef64a6de0902719c5faca,default,0,f64dd8065615008f0b4eefe36f8ed7514aa6fb3debd185b8ecfd2ae6c9e5339e,1076.9913020133972,False,keypress,testRsp,537,[],choice-response,Out of time,67ef60de6de0902719c5faef,2025-04-04 00:32:30-04:00,addentrainer_60,5971,89,maintaskTrials
67eef64a6de0902719c5faca,default,0,f64dd8065615008f0b4eefe36f8ed7514aa6fb3debd185b8ecfd2ae6c9e5339e,1076.9913020133972,False,keypress,testRsp,262,[],choice-response,Out of time,67ef60de6de0902719c5faef,2025-04-04 00:32:30-04:00,add8_120,5699,90,maintaskTrials
67eef64a6de0902719c5faca,default,0,f64dd8065615008f0b4eefe36f8ed7514aa6fb3debd185b8ecfd2ae6c9e5339e,1076.9913020133972,False,keypress,testRsp,1023,[],choice-response,In time,67ef60de6de0902719c5faef,2025-04-04 00:32:30-04:00,tone1_30,6460,91,maintaskTrials
67eef64a6de0902719c5faca,default,0,f64dd8065615008f0b4eefe36f8ed7514aa6fb3debd185b8ecfd2ae6c9e5339e,1076.9913020133972,False,keypress,testRsp,170,[],choice-response,Out of time,67ef60de6de0902719c5faef,2025-04-04 00:32:30-04:00,tone1_90,5610,92,maintaskTrials
67eef64a6de0902719c5faca,default,0,f64dd8065615008f0b4eefe36f8ed7514aa6fb3debd185b8ecfd2ae6c9e5339e,1076.9913020133972,False,keypress,testRsp,2031,[],choice-response,Out of time,67ef60de6de0902719c5faef,2025-04-04 00:32:30-04:00,addentrainer_120,7469,93,maintaskTrials
67eef64a6de0902719c5faca,default,0,f64dd8065615008f0b4eefe36f8ed7514aa6fb3debd185b8ecfd2ae6c9e5339e,1076.9913020133972,False,keypress,testRsp,1466,[],choice-response,In time,67ef60de6de0902719c5faef,2025-04-04 00:32:30-04:00,tone8_0,6899,94,maintaskTrials
67eef64a6de0902719c5faca,default,0,f64dd8065615008f0b4eefe36f8ed7514aa6fb3debd185b8ecfd2ae6c9e5339e,1076.9913020133972,False,keypress,testRsp,319,[],choice-response,Out of time,67ef60de6de0902719c5faef,2025-04-04 00:32:30-04:00,toneentrainer_30,5754,95,maintaskTrials
67eef64a6de0902719c5faca,default,0,f64dd8065615008f0b4eefe36f8ed7514aa6fb3debd185b8ecfd2ae6c9e5339e,1076.9913020133972,False,keypress,testRsp,718,[],choice-response,Out of time,67ef60de6de0902719c5faef,2025-04-04 00:32:30-04:00,add1_60,6155,96,maintaskTrials
67eef64a6de0902719c5faca,default,0,f64dd8065615008f0b4eefe36f8ed7514aa6fb3debd185b8ecfd2ae6c9e5339e,1076.9913020133972,False,keypress,testRsp,439,[],choice-response,Out of time,67ef60de6de0902719c5faef,2025-04-04 00:32:30-04:00,tone1_30,5884,97,maintaskTrials
67eef64a6de0902719c5faca,default,0,f64dd8065615008f0b4eefe36f8ed7514aa6fb3debd185b8ecfd2ae6c9e5339e,1076.9913020133972,False,keypress,testRsp,1096,[],choice-response,Out of time,67ef60de6de0902719c5faef,2025-04-04 00:32:30-04:00,toneentrainer_90,6538,98,maintaskTrials
67eef64a6de0902719c5faca,default,0,f64dd8065615008f0b4eefe36f8ed7514aa6fb3debd185b8ecfd2ae6c9e5339e,1076.9913020133972,False,keypress,testRsp,235,[],choice-response,Out of time,67ef60de6de0902719c5faef,2025-04-04 00:32:30-04:00,tone8_60,5675,99,maintaskTrials
67eef64a6de0902719c5faca,default,0,f64dd8065615008f0b4eefe36f8ed7514aa6fb3debd185b8ecfd2ae6c9e5339e,1076.9913020133972,False,keypress,testRsp,92,[],choice-response,Out of time,67ef60de6de0902719c5faef,2025-04-04 00:32:30-04:00,tone1_60,5531,100,maintaskTrials
67eef64a6de0902719c5faca,default,0,f64dd8065615008f0b4eefe36f8ed7514aa6fb3debd185b8ecfd2ae6c9e5339e,1076.9913020133972,False,keypress,testRsp,656,[],choice-response,In time,67ef60de6de0902719c5faef,2025-04-04 00:32:30-04:00,addentrainer_0,6092,101,maintaskTrials
67eef64a6de0902719c5faca,default,0,f64dd8065615008f0b4eefe36f8ed7514aa6fb3debd185b8ecfd2ae6c9e5339e,1076.9913020133972,False,keypress,testRsp,691,[],choice-response,In time,67ef60de6de0902719c5faef,2025-04-04 00:32:30-04:00,tone1_0,6130,102,maintaskTrials
67eef64a6de0902719c5faca,default,0,f64dd8065615008f0b4eefe36f8ed7514aa6fb3debd185b8ecfd2ae6c9e5339e,1076.9913020133972,False,keypress,testRsp,882,[],choice-response,Out of time,67ef60de6de0902719c5faef,2025-04-04 00:32:30-04:00,add1_90,6316,103,maintaskTrials
67eef64a6de0902719c5faca,default,0,f64dd8065615008f0b4eefe36f8ed7514aa6fb3debd185b8ecfd2ae6c9e5339e,1076.9913020133972,False,keypress,testRsp,285,[],choice-response,Out of time,67ef60de6de0902719c5faef,2025-04-04 00:32:30-04:00,add8_90,5715,104,maintaskTrials
67eef64a6de0902719c5faca,default,0,f64dd8065615008f0b4eefe36f8ed7514aa6fb3debd185b8ecfd2ae6c9e5339e,1076.9913020133972,False,keypress,testRsp,1269,[],choice-response,In time,67ef60de6de0902719c5faef,2025-04-04 00:32:30-04:00,tone8_0,6707,105,maintaskTrials
67eef64a6de0902719c5faca,default,0,f64dd8065615008f0b4eefe36f8ed7514aa6fb3debd185b8ecfd2ae6c9e5339e,1076.9913020133972,False,keypress,testRsp,833,[],choice-response,Out of time,67ef60de6de0902719c5faef,2025-04-04 00:32:30-04:00,toneentrainer_120,6276,106,maintaskTrials
67eef64a6de0902719c5faca,default,0,f64dd8065615008f0b4eefe36f8ed7514aa6fb3debd185b8ecfd2ae6c9e5339e,1076.9913020133972,False,keypress,testRsp,557,[],choice-response,Out of time,67ef60de6de0902719c5faef,2025-04-04 00:32:30-04:00,toneentrainer_30,6027,107,maintaskTrials
67eef64a6de0902719c5faca,default,0,f64dd8065615008f0b4eefe36f8ed7514aa6fb3debd185b8ecfd2ae6c9e5339e,1076.9913020133972,False,keypress,testRsp,231,[],choice-response,Out of time,67ef60de6de0902719c5faef,2025-04-04 00:32:30-04:00,add1_120,5667,108,maintaskTrials
67eef64a6de0902719c5faca,default,0,f64dd8065615008f0b4eefe36f8ed7514aa6fb3debd185b8ecfd2ae6c9e5339e,1076.9913020133972,False,keypress,testRsp,248,[],choice-response,Out of time,67ef60de6de0902719c5faef,2025-04-04 00:32:30-04:00,add1_60,5684,109,maintaskTrials
67eef64a6de0902719c5faca,default,0,f64dd8065615008f0b4eefe36f8ed7514aa6fb3debd185b8ecfd2ae6c9e5339e,1076.9913020133972,False,keypress,testRsp,136,[],choice-response,In time,67ef60de6de0902719c5faef,2025-04-04 00:32:30-04:00,tone8_30,5571,110,maintaskTrials
67eef64a6de0902719c5faca,default,0,f64dd8065615008f0b4eefe36f8ed7514aa6fb3debd185b8ecfd2ae6c9e5339e,1076.9913020133972,False,keypress,testRsp,2153,[],choice-response,Out of time,67ef60de6de0902719c5faef,2025-04-04 00:32:30-04:00,add8_60,7588,111,maintaskTrials
67eef64a6de0902719c5faca,default,0,f64dd8065615008f0b4eefe36f8ed7514aa6fb3debd185b8ecfd2ae6c9e5339e,1076.9913020133972,False,keypress,testRsp,613,[],choice-response,In time,67ef60de6de0902719c5faef,2025-04-04 00:32:30-04:00,add8_30,6145,112,maintaskTrials
67eef64a6de0902719c5faca,default,0,f64dd8065615008f0b4eefe36f8ed7514aa6fb3debd185b8ecfd2ae6c9e5339e,1076.9913020133972,False,keypress,testRsp,94,[],choice-response,Out of time,67ef60de6de0902719c5faef,2025-04-04 00:32:30-04:00,tone8_120,5565,113,maintaskTrials
67eef64a6de0902719c5faca,default,0,f64dd8065615008f0b4eefe36f8ed7514aa6fb3debd185b8ecfd2ae6c9e5339e,1076.9913020133972,False,keypress,testRsp,1177,[],choice-response,Out of time,67ef60de6de0902719c5faef,2025-04-04 00:32:30-04:00,toneentrainer_60,6614,114,maintaskTrials
67eef64a6de0902719c5faca,default,0,f64dd8065615008f0b4eefe36f8ed7514aa6fb3debd185b8ecfd2ae6c9e5339e,1076.9913020133972,False,keypress,testRsp,1541,[],choice-response,Out of time,67ef60de6de0902719c5faef,2025-04-04 00:32:30-04:00,add8_120,6979,115,maintaskTrials
67eef64a6de0902719c5faca,default,0,f64dd8065615008f0b4eefe36f8ed7514aa6fb3debd185b8ecfd2ae6c9e5339e,1076.9913020133972,False,keypress,testRsp,610,[],choice-response,Out of time,67ef60de6de0902719c5faef,2025-04-04 00:32:30-04:00,addentrainer_90,6043,116,maintaskTrials
67eef64a6de0902719c5faca,default,0,f64dd8065615008f0b4eefe36f8ed7514aa6fb3debd185b8ecfd2ae6c9e5339e,1076.9913020133972,False,keypress,testRsp,2535,[],choice-response,In time,67ef60de6de0902719c5faef,2025-04-04 00:32:30-04:00,add8_0,7977,117,maintaskTrials
67eef64a6de0902719c5faca,default,0,f64dd8065615008f0b4eefe36f8ed7514aa6fb3debd185b8ecfd2ae6c9e5339e,1076.9913020133972,False,keypress,testRsp,224,[],choice-response,Out of time,67ef60de6de0902719c5faef,2025-04-04 00:32:30-04:00,tone1_90,5718,118,maintaskTrials
67eef64a6de0902719c5faca,default,0,f64dd8065615008f0b4eefe36f8ed7514aa6fb3debd185b8ecfd2ae6c9e5339e,1076.9913020133972,False,keypress,testRsp,146,[],choice-response,Out of time,67ef60de6de0902719c5faef,2025-04-04 00:32:30-04:00,tone1_120,5579,119,maintaskTrials
67eef64a6de0902719c5faca,default,0,f64dd8065615008f0b4eefe36f8ed7514aa6fb3debd185b8ecfd2ae6c9e5339e,1076.9913020133972,False,keypress,testRsp,466,[],choice-response,In time,67ef60de6de0902719c5faef,2025-04-04 00:32:30-04:00,add1_30,5908,120,maintaskTrials
67eef64a6de0902719c5faca,default,0,f64dd8065615008f0b4eefe36f8ed7514aa6fb3debd185b8ecfd2ae6c9e5339e,1076.9913020133972,False,keypress,testRsp,707,[],choice-response,In time,67ef60de6de0902719c5faef,2025-04-04 00:32:30-04:00,toneentrainer_0,6145,121,maintaskTrials
67eef64a6de0902719c5faca,default,0,f64dd8065615008f0b4eefe36f8ed7514aa6fb3debd185b8ecfd2ae6c9e5339e,1076.9913020133972,False,keypress,testRsp,483,[],choice-response,In time,67ef60de6de0902719c5faef,2025-04-04 00:32:30-04:00,add1_0,5915,122,maintaskTrials
67eef64a6de0902719c5faca,default,0,f64dd8065615008f0b4eefe36f8ed7514aa6fb3debd185b8ecfd2ae6c9e5339e,1076.9913020133972,False,keypress,testRsp,643,[],choice-response,Out of time,67ef60de6de0902719c5faef,2025-04-04 00:32:30-04:00,addentrainer_60,6100,123,maintaskTrials
67eef64a6de0902719c5faca,default,0,f64dd8065615008f0b4eefe36f8ed7514aa6fb3debd185b8ecfd2ae6c9e5339e,1076.9913020133972,False,keypress,testRsp,792,[],choice-response,Out of time,67ef60de6de0902719c5faef,2025-04-04 00:32:30-04:00,addentrainer_120,6275,124,maintaskTrials
67eef64a6de0902719c5faca,default,0,f64dd8065615008f0b4eefe36f8ed7514aa6fb3debd185b8ecfd2ae6c9e5339e,1076.9913020133972,False,keypress,testRsp,437,[],choice-response,Out of time,67ef60de6de0902719c5faef,2025-04-04 00:32:30-04:00,addentrainer_30,5874,125,maintaskTrials
67eef64a6de0902719c5faca,default,0,f64dd8065615008f0b4eefe36f8ed7514aa6fb3debd185b8ecfd2ae6c9e5339e,1076.9913020133972,False,keypress,testRsp,251,[],choice-response,Out of time,67ef60de6de0902719c5faef,2025-04-04 00:32:30-04:00,tone8_90,5684,126,maintaskTrials
67eef64a6de0902719c5faca,default,0,f64dd8065615008f0b4eefe36f8ed7514aa6fb3debd185b8ecfd2ae6c9e5339e,1076.9913020133972,False,keypress,testRsp,7440,[],choice-response,Out of time,67ef60de6de0902719c5faef,2025-04-04 00:32:30-04:00,tone1_60,12875,127,maintaskTrials
67eef64a6de0902719c5faca,default,0,f64dd8065615008f0b4eefe36f8ed7514aa6fb3debd185b8ecfd2ae6c9e5339e,1076.9913020133972,False,keypress,testRsp,1027,[],choice-response,Out of time,67ef60de6de0902719c5faef,2025-04-04 00:32:30-04:00,tone1_30,6466,128,maintaskTrials
67eef64a6de0902719c5faca,default,0,f64dd8065615008f0b4eefe36f8ed7514aa6fb3debd185b8ecfd2ae6c9e5339e,1076.9913020133972,False,keypress,testRsp,3904,[],choice-response,Out of time,67ef60de6de0902719c5faef,2025-04-04 00:32:30-04:00,tone8_120,9339,129,maintaskTrials
67eef64a6de0902719c5faca,default,0,f64dd8065615008f0b4eefe36f8ed7514aa6fb3debd185b8ecfd2ae6c9e5339e,1076.9913020133972,False,keypress,testRsp,349,[],choice-response,Out of time,67ef60de6de0902719c5faef,2025-04-04 00:32:30-04:00,tone8_60,5787,130,maintaskTrials
67eef64a6de0902719c5faca,default,0,f64dd8065615008f0b4eefe36f8ed7514aa6fb3debd185b8ecfd2ae6c9e5339e,1076.9913020133972,False,keypress,testRsp,445,[],choice-response,Out of time,67ef60de6de0902719c5faef,2025-04-04 00:32:30-04:00,tone1_90,5883,131,maintaskTrials
67eef64a6de0902719c5faca,default,0,f64dd8065615008f0b4eefe36f8ed7514aa6fb3debd185b8ecfd2ae6c9e5339e,1076.9913020133972,False,keypress,testRsp,327,[],choice-response,Out of time,67ef60de6de0902719c5faef,2025-04-04 00:32:30-04:00,addentrainer_90,5764,132,maintaskTrials
67eef64a6de0902719c5faca,default,0,f64dd8065615008f0b4eefe36f8ed7514aa6fb3debd185b8ecfd2ae6c9e5339e,1076.9913020133972,False,keypress,testRsp,4499,[],choice-response,In time,67ef60de6de0902719c5faef,2025-04-04 00:32:30-04:00,addentrainer_0,9940,133,maintaskTrials
67eef64a6de0902719c5faca,default,0,f64dd8065615008f0b4eefe36f8ed7514aa6fb3debd185b8ecfd2ae6c9e5339e,1076.9913020133972,False,keypress,testRsp,1280,[],choice-response,Out of time,67ef60de6de0902719c5faef,2025-04-04 00:32:30-04:00,add1_60,6721,134,maintaskTrials
67eef64a6de0902719c5faca,default,0,f64dd8065615008f0b4eefe36f8ed7514aa6fb3debd185b8ecfd2ae6c9e5339e,1076.9913020133972,False,keypress,testRsp,144,[],choice-response,In time,67ef60de6de0902719c5faef,2025-04-04 00:32:30-04:00,tone8_0,5579,135,maintaskTrials
67eef64a6de0902719c5faca,default,0,f64dd8065615008f0b4eefe36f8ed7514aa6fb3debd185b8ecfd2ae6c9e5339e,1076.9913020133972,False,keypress,testRsp,946,[],choice-response,In time,67ef60de6de0902719c5faef,2025-04-04 00:32:30-04:00,toneentrainer_0,6380,136,maintaskTrials
67eef64a6de0902719c5faca,default,0,f64dd8065615008f0b4eefe36f8ed7514aa6fb3debd185b8ecfd2ae6c9e5339e,1076.9913020133972,False,keypress,testRsp,4325,[],choice-response,Out of time,67ef60de6de0902719c5faef,2025-04-04 00:32:30-04:00,tone8_90,9980,137,maintaskTrials
67eef64a6de0902719c5faca,default,0,f64dd8065615008f0b4eefe36f8ed7514aa6fb3debd185b8ecfd2ae6c9e5339e,1076.9913020133972,False,keypress,testRsp,414,[],choice-response,Out of time,67ef60de6de0902719c5faef,2025-04-04 00:32:30-04:00,addentrainer_120,5846,138,maintaskTrials
67eef64a6de0902719c5faca,default,0,f64dd8065615008f0b4eefe36f8ed7514aa6fb3debd185b8ecfd2ae6c9e5339e,1076.9913020133972,False,keypress,testRsp,1314,[],choice-response,In time,67ef60de6de0902719c5faef,2025-04-04 00:32:30-04:00,add8_30,6755,139,maintaskTrials
67eef64a6de0902719c5faca,default,0,f64dd8065615008f0b4eefe36f8ed7514aa6fb3debd185b8ecfd2ae6c9e5339e,1076.9913020133972,False,keypress,testRsp,1500,[],choice-response,Out of time,67ef60de6de0902719c5faef,2025-04-04 00:32:30-04:00,addentrainer_60,6940,140,maintaskTrials
67eef64a6de0902719c5faca,default,0,f64dd8065615008f0b4eefe36f8ed7514aa6fb3debd185b8ecfd2ae6c9e5339e,1076.9913020133972,False,keypress,testRsp,1797,[],choice-response,Out of time,67ef60de6de0902719c5faef,2025-04-04 00:32:30-04:00,tone1_120,7236,141,maintaskTrials
67eef64a6de0902719c5faca,default,0,f64dd8065615008f0b4eefe36f8ed7514aa6fb3debd185b8ecfd2ae6c9e5339e,1076.9913020133972,False,keypress,testRsp,4695,[],choice-response,Out of time,67ef60de6de0902719c5faef,2025-04-04 00:32:30-04:00,add1_120,10139,142,maintaskTrials
67eef64a6de0902719c5faca,default,0,f64dd8065615008f0b4eefe36f8ed7514aa6fb3debd185b8ecfd2ae6c9e5339e,1076.9913020133972,False,keypress,testRsp,575,[],choice-response,Out of time,67ef60de6de0902719c5faef,2025-04-04 00:32:30-04:00,add8_60,6010,143,maintaskTrials
67eef64a6de0902719c5faca,default,0,f64dd8065615008f0b4eefe36f8ed7514aa6fb3debd185b8ecfd2ae6c9e5339e,1076.9913020133972,False,keypress,testRsp,3416,[],choice-response,Out of time,67ef60de6de0902719c5faef,2025-04-04 00:32:30-04:00,add8_120,8860,144,maintaskTrials
67eef64a6de0902719c5faca,default,0,f64dd8065615008f0b4eefe36f8ed7514aa6fb3debd185b8ecfd2ae6c9e5339e,1076.9913020133972,False,keypress,testRsp,432,[],choice-response,In time,67ef60de6de0902719c5faef,2025-04-04 00:32:30-04:00,add1_0,5867,145,maintaskTrials
67eef64a6de0902719c5faca,default,0,f64dd8065615008f0b4eefe36f8ed7514aa6fb3debd185b8ecfd2ae6c9e5339e,1076.9913020133972,False,keypress,testRsp,1669,[],choice-response,In time,67ef60de6de0902719c5faef,2025-04-04 00:32:30-04:00,tone1_0,7107,146,maintaskTrials
67eef64a6de0902719c5faca,default,0,f64dd8065615008f0b4eefe36f8ed7514aa6fb3debd185b8ecfd2ae6c9e5339e,1076.9913020133972,False,keypress,testRsp,6943,[],choice-response,Out of time,67ef60de6de0902719c5faef,2025-04-04 00:32:30-04:00,add1_90,12492,147,maintaskTrials
67eef64a6de0902719c5faca,default,0,f64dd8065615008f0b4eefe36f8ed7514aa6fb3debd185b8ecfd2ae6c9e5339e,1076.9913020133972,False,keypress,testRsp,915,[],choice-response,Out of time,67ef60de6de0902719c5faef,2025-04-04 00:32:30-04:00,toneentrainer_60,6356,148,maintaskTrials
67eef64a6de0902719c5faca,default,0,f64dd8065615008f0b4eefe36f8ed7514aa6fb3debd185b8ecfd2ae6c9e5339e,1076.9913020133972,False,keypress,testRsp,560,[],choice-response,Out of time,67ef60de6de0902719c5faef,2025-04-04 00:32:30-04:00,toneentrainer_90,5996,149,maintaskTrials
67eef64a6de0902719c5faca,default,0,f64dd8065615008f0b4eefe36f8ed7514aa6fb3debd185b8ecfd2ae6c9e5339e,1076.9913020133972,False,keypress,testRsp,1015,[],choice-response,Out of time,67ef60de6de0902719c5faef,2025-04-04 00:32:30-04:00,addentrainer_30,6458,150,maintaskTrials
67eef64a6de0902719c5faca,default,0,f64dd8065615008f0b4eefe36f8ed7514aa6fb3debd185b8ecfd2ae6c9e5339e,1076.9913020133972,False,keypress,testRsp,184,[],choice-response,In time,67ef60de6de0902719c5faef,2025-04-04 00:32:30-04:00,add8_0,5618,151,maintaskTrials
67eef64a6de0902719c5faca,default,0,f64dd8065615008f0b4eefe36f8ed7514aa6fb3debd185b8ecfd2ae6c9e5339e,1076.9913020133972,False,keypress,testRsp,416,[],choice-response,In time,67ef60de6de0902719c5faef,2025-04-04 00:32:30-04:00,add1_30,5853,152,maintaskTrials
67eef64a6de0902719c5faca,default,0,f64dd8065615008f0b4eefe36f8ed7514aa6fb3debd185b8ecfd2ae6c9e5339e,1076.9913020133972,False,keypress,testRsp,758,[],choice-response,Out of time,67ef60de6de0902719c5faef,2025-04-04 00:32:30-04:00,toneentrainer_30,6194,153,maintaskTrials
67eef64a6de0902719c5faca,default,0,f64dd8065615008f0b4eefe36f8ed7514aa6fb3debd185b8ecfd2ae6c9e5339e,1076.9913020133972,False,keypress,testRsp,612,[],choice-response,Out of time,67ef60de6de0902719c5faef,2025-04-04 00:32:30-04:00,toneentrainer_120,6051,154,maintaskTrials
67eef64a6de0902719c5faca,default,0,f64dd8065615008f0b4eefe36f8ed7514aa6fb3debd185b8ecfd2ae6c9e5339e,1076.9913020133972,False,keypress,testRsp,1821,[],choice-response,In time,67ef60de6de0902719c5faef,2025-04-04 00:32:30-04:00,tone8_30,7261,155,maintaskTrials
67eef64a6de0902719c5faca,default,0,f64dd8065615008f0b4eefe36f8ed7514aa6fb3debd185b8ecfd2ae6c9e5339e,1076.9913020133972,False,keypress,testRsp,776,[],choice-response,Out of time,67ef60de6de0902719c5faef,2025-04-04 00:32:30-04:00,add8_90,6208,156,maintaskTrials
67eef64a6de0902719c5faca,default,0,ddc451a103243aba2e75c42f41e802cb4945e0070c193f27163e938a06aa9d90,1133.8917980194092,True,keypress,exampleRsp_tone,4472,['Out of time'],choice-response,Out of time,67ef60de6de0902719c5faef,2025-04-04 00:32:30-04:00,tone1_120,13668,1,example_tone
67eef64a6de0902719c5faca,default,0,ddc451a103243aba2e75c42f41e802cb4945e0070c193f27163e938a06aa9d90,1133.8917980194092,True,keypress,exampleRsp_lab,1200,['Out of time'],choice-response,Out of time,67ef60de6de0902719c5faef,2025-04-04 00:32:30-04:00,add8_120,9825,2,example_add
67eef64a6de0902719c5faca,default,0,ddc451a103243aba2e75c42f41e802cb4945e0070c193f27163e938a06aa9d90,1133.8917980194092,True,keypress,exampleRsp_lab,1611,['Out of time'],choice-response,Out of time,67ef60de6de0902719c5faef,2025-04-04 00:32:30-04:00,add1_120,10109,3,example_add
67eef64a6de0902719c5faca,default,0,ddc451a103243aba2e75c42f41e802cb4945e0070c193f27163e938a06aa9d90,1133.8917980194092,True,keypress,exampleRsp_lab,965,['Out of time'],choice-response,Out of time,67ef60de6de0902719c5faef,2025-04-04 00:32:30-04:00,add1_120,8995,4,example_add
67eef64a6de0902719c5faca,default,0,ddc451a103243aba2e75c42f41e802cb4945e0070c193f27163e938a06aa9d90,1133.8917980194092,True,keypress,exampleRsp_tone,749,['Out of time'],choice-response,Out of time,67ef60de6de0902719c5faef,2025-04-04 00:32:30-04:00,tone8_120,9120,5,example_tone
67eef64a6de0902719c5faca,default,0,ddc451a103243aba2e75c42f41e802cb4945e0070c193f27163e938a06aa9d90,1133.8917980194092,True,keypress,exampleRsp_lab,2087,['Out of time'],choice-response,Out of time,67ef60de6de0902719c5faef,2025-04-04 00:32:30-04:00,add8_120,10155,6,example_add
67eef64a6de0902719c5faca,default,0,ddc451a103243aba2e75c42f41e802cb4945e0070c193f27163e938a06aa9d90,1133.8917980194092,False,keypress,testRsp,1218,[],choice-response,Out of time,67ef60de6de0902719c5faef,2025-04-04 00:32:30-04:00,add1_120,6637,7,maintaskTrials
67eef64a6de0902719c5faca,default,0,ddc451a103243aba2e75c42f41e802cb4945e0070c193f27163e938a06aa9d90,1133.8917980194092,False,keypress,testRsp,2580,[],choice-response,Out of time,67ef60de6de0902719c5faef,2025-04-04 00:32:30-04:00,add1_30,8540,8,maintaskTrials
67eef64a6de0902719c5faca,default,0,ddc451a103243aba2e75c42f41e802cb4945e0070c193f27163e938a06aa9d90,1133.8917980194092,False,keypress,testRsp,649,[],choice-response,Out of time,67ef60de6de0902719c5faef,2025-04-04 00:32:30-04:00,tone1_120,6051,9,maintaskTrials
67eef64a6de0902719c5faca,default,0,ddc451a103243aba2e75c42f41e802cb4945e0070c193f27163e938a06aa9d90,1133.8917980194092,False,keypress,testRsp,557,[],choice-response,In time,67ef60de6de0902719c5faef,2025-04-04 00:32:30-04:00,tone1_30,6500,10,maintaskTrials
67eef64a6de0902719c5faca,default,0,ddc451a103243aba2e75c42f41e802cb4945e0070c193f27163e938a06aa9d90,1133.8917980194092,False,keypress,testRsp,630,[],choice-response,Out of time,67ef60de6de0902719c5faef,2025-04-04 00:32:30-04:00,addentrainer_120,7266,11,maintaskTrials
67eef64a6de0902719c5faca,default,0,ddc451a103243aba2e75c42f41e802cb4945e0070c193f27163e938a06aa9d90,1133.8917980194092,False,keypress,testRsp,711,[],choice-response,In time,67ef60de6de0902719c5faef,2025-04-04 00:32:30-04:00,add1_0,6458,12,maintaskTrials
67eef64a6de0902719c5faca,default,0,ddc451a103243aba2e75c42f41e802cb4945e0070c193f27163e938a06aa9d90,1133.8917980194092,False,keypress,testRsp,656,[],choice-response,Out of time,67ef60de6de0902719c5faef,2025-04-04 00:32:30-04:00,add8_30,6581,13,maintaskTrials
67eef64a6de0902719c5faca,default,0,ddc451a103243aba2e75c42f41e802cb4945e0070c193f27163e938a06aa9d90,1133.8917980194092,False,keypress,testRsp,778,[],choice-response,Out of time,67ef60de6de0902719c5faef,2025-04-04 00:32:30-04:00,tone8_30,6691,14,maintaskTrials
67eef64a6de0902719c5faca,default,0,ddc451a103243aba2e75c42f41e802cb4945e0070c193f27163e938a06aa9d90,1133.8917980194092,False,keypress,testRsp,3688,[],choice-response,In time,67ef60de6de0902719c5faef,2025-04-04 00:32:30-04:00,tone8_60,9390,15,maintaskTrials
67eef64a6de0902719c5faca,default,0,ddc451a103243aba2e75c42f41e802cb4945e0070c193f27163e938a06aa9d90,1133.8917980194092,False,keypress,testRsp,1854,[],choice-response,Out of time,67ef60de6de0902719c5faef,2025-04-04 00:32:30-04:00,tone8_120,7274,16,maintaskTrials
67eef64a6de0902719c5faca,default,0,ddc451a103243aba2e75c42f41e802cb4945e0070c193f27163e938a06aa9d90,1133.8917980194092,False,keypress,testRsp,489,[],choice-response,In time,67ef60de6de0902719c5faef,2025-04-04 00:32:30-04:00,toneentrainer_30,6465,17,maintaskTrials
67eef64a6de0902719c5faca,default,0,ddc451a103243aba2e75c42f41e802cb4945e0070c193f27163e938a06aa9d90,1133.8917980194092,False,keypress,testRsp,3509,[],choice-response,Out of time,67ef60de6de0902719c5faef,2025-04-04 00:32:30-04:00,addentrainer_60,9464,18,maintaskTrials
67eef64a6de0902719c5faca,default,0,ddc451a103243aba2e75c42f41e802cb4945e0070c193f27163e938a06aa9d90,1133.8917980194092,False,keypress,testRsp,532,[],choice-response,Out of time,67ef60de6de0902719c5faef,2025-04-04 00:32:30-04:00,toneentrainer_90,6699,19,maintaskTrials
67eef64a6de0902719c5faca,default,0,ddc451a103243aba2e75c42f41e802cb4945e0070c193f27163e938a06aa9d90,1133.8917980194092,False,keypress,testRsp,944,[],choice-response,In time,67ef60de6de0902719c5faef,2025-04-04 00:32:30-04:00,add8_60,6829,20,maintaskTrials
67eef64a6de0902719c5faca,default,0,ddc451a103243aba2e75c42f41e802cb4945e0070c193f27163e938a06aa9d90,1133.8917980194092,False,keypress,testRsp,491,[],choice-response,Out of time,67ef60de6de0902719c5faef,2025-04-04 00:32:30-04:00,tone8_90,6472,21,maintaskTrials
67eef64a6de0902719c5faca,default,0,ddc451a103243aba2e75c42f41e802cb4945e0070c193f27163e938a06aa9d90,1133.8917980194092,False,keypress,testRsp,381,[],choice-response,In time,67ef60de6de0902719c5faef,2025-04-04 00:32:30-04:00,tone1_0,6321,22,maintaskTrials
67eef64a6de0902719c5faca,default,0,ddc451a103243aba2e75c42f41e802cb4945e0070c193f27163e938a06aa9d90,1133.8917980194092,False,keypress,testRsp,387,[],choice-response,Out of time,67ef60de6de0902719c5faef,2025-04-04 00:32:30-04:00,toneentrainer_120,6315,23,maintaskTrials
67eef64a6de0902719c5faca,default,0,ddc451a103243aba2e75c42f41e802cb4945e0070c193f27163e938a06aa9d90,1133.8917980194092,False,keypress,testRsp,427,[],choice-response,Out of time,67ef60de6de0902719c5faef,2025-04-04 00:32:30-04:00,addentrainer_90,6485,24,maintaskTrials
67eef64a6de0902719c5faca,default,0,ddc451a103243aba2e75c42f41e802cb4945e0070c193f27163e938a06aa9d90,1133.8917980194092,False,keypress,testRsp,471,[],choice-response,In time,67ef60de6de0902719c5faef,2025-04-04 00:32:30-04:00,addentrainer_30,6177,25,maintaskTrials
67eef64a6de0902719c5faca,default,0,ddc451a103243aba2e75c42f41e802cb4945e0070c193f27163e938a06aa9d90,1133.8917980194092,False,keypress,testRsp,2438,[],choice-response,Out of time,67ef60de6de0902719c5faef,2025-04-04 00:32:30-04:00,tone8_0,8337,26,maintaskTrials
67eef64a6de0902719c5faca,default,0,ddc451a103243aba2e75c42f41e802cb4945e0070c193f27163e938a06aa9d90,1133.8917980194092,False,keypress,testRsp,3170,[],choice-response,Out of time,67ef60de6de0902719c5faef,2025-04-04 00:32:30-04:00,add1_60,9144,27,maintaskTrials
67eef64a6de0902719c5faca,default,0,ddc451a103243aba2e75c42f41e802cb4945e0070c193f27163e938a06aa9d90,1133.8917980194092,False,keypress,testRsp,8826,[],choice-response,Out of time,67ef60de6de0902719c5faef,2025-04-04 00:32:30-04:00,add8_0,14776,28,maintaskTrials
67eef64a6de0902719c5faca,default,0,ddc451a103243aba2e75c42f41e802cb4945e0070c193f27163e938a06aa9d90,1133.8917980194092,False,keypress,testRsp,366,[],choice-response,In time,67ef60de6de0902719c5faef,2025-04-04 00:32:30-04:00,tone1_60,6041,29,maintaskTrials
67eef64a6de0902719c5faca,default,0,ddc451a103243aba2e75c42f41e802cb4945e0070c193f27163e938a06aa9d90,1133.8917980194092,False,keypress,testRsp,1273,[],choice-response,Out of time,67ef60de6de0902719c5faef,2025-04-04 00:32:30-04:00,addentrainer_0,7183,30,maintaskTrials
67eef64a6de0902719c5faca,default,0,ddc451a103243aba2e75c42f41e802cb4945e0070c193f27163e938a06aa9d90,1133.8917980194092,False,keypress,testRsp,433,[],choice-response,Out of time,67ef60de6de0902719c5faef,2025-04-04 00:32:30-04:00,add1_90,6299,31,maintaskTrials
67eef64a6de0902719c5faca,default,0,ddc451a103243aba2e75c42f41e802cb4945e0070c193f27163e938a06aa9d90,1133.8917980194092,False,keypress,testRsp,480,[],choice-response,Out of time,67ef60de6de0902719c5faef,2025-04-04 00:32:30-04:00,add8_120,5904,32,maintaskTrials
67eef64a6de0902719c5faca,default,0,ddc451a103243aba2e75c42f41e802cb4945e0070c193f27163e938a06aa9d90,1133.8917980194092,False,keypress,testRsp,1374,[],choice-response,Out of time,67ef60de6de0902719c5faef,2025-04-04 00:32:30-04:00,tone1_90,7379,33,maintaskTrials
67eef64a6de0902719c5faca,default,0,ddc451a103243aba2e75c42f41e802cb4945e0070c193f27163e938a06aa9d90,1133.8917980194092,False,keypress,testRsp,1473,[],choice-response,Out of time,67ef60de6de0902719c5faef,2025-04-04 00:32:30-04:00,toneentrainer_60,7478,34,maintaskTrials
67eef64a6de0902719c5faca,default,0,ddc451a103243aba2e75c42f41e802cb4945e0070c193f27163e938a06aa9d90,1133.8917980194092,False,keypress,testRsp,398,[],choice-response,In time,67ef60de6de0902719c5faef,2025-04-04 00:32:30-04:00,toneentrainer_0,6397,35,maintaskTrials
67eef64a6de0902719c5faca,default,0,ddc451a103243aba2e75c42f41e802cb4945e0070c193f27163e938a06aa9d90,1133.8917980194092,False,keypress,testRsp,3325,[],choice-response,Out of time,67ef60de6de0902719c5faef,2025-04-04 00:32:30-04:00,add8_90,9243,36,maintaskTrials
67eef64a6de0902719c5faca,default,0,ddc451a103243aba2e75c42f41e802cb4945e0070c193f27163e938a06aa9d90,1133.8917980194092,False,keypress,testRsp,2051,[],choice-response,In time,67ef60de6de0902719c5faef,2025-04-04 00:32:30-04:00,toneentrainer_90,7476,37,maintaskTrials
67eef64a6de0902719c5faca,default,0,ddc451a103243aba2e75c42f41e802cb4945e0070c193f27163e938a06aa9d90,1133.8917980194092,False,keypress,testRsp,441,[],choice-response,Out of time,67ef60de6de0902719c5faef,2025-04-04 00:32:30-04:00,tone8_120,5839,38,maintaskTrials
67eef64a6de0902719c5faca,default,0,ddc451a103243aba2e75c42f41e802cb4945e0070c193f27163e938a06aa9d90,1133.8917980194092,False,keypress,testRsp,3113,[],choice-response,Out of time,67ef60de6de0902719c5faef,2025-04-04 00:32:30-04:00,add8_90,8511,39,maintaskTrials
67eef64a6de0902719c5faca,default,0,ddc451a103243aba2e75c42f41e802cb4945e0070c193f27163e938a06aa9d90,1133.8917980194092,False,keypress,testRsp,696,[],choice-response,In time,67ef60de6de0902719c5faef,2025-04-04 00:32:30-04:00,add8_120,6102,40,maintaskTrials
67eef64a6de0902719c5faca,default,0,ddc451a103243aba2e75c42f41e802cb4945e0070c193f27163e938a06aa9d90,1133.8917980194092,False,keypress,testRsp,512,[],choice-response,In time,67ef60de6de0902719c5faef,2025-04-04 00:32:30-04:00,add8_0,5928,41,maintaskTrials
67eef64a6de0902719c5faca,default,0,ddc451a103243aba2e75c42f41e802cb4945e0070c193f27163e938a06aa9d90,1133.8917980194092,False,keypress,testRsp,939,[],choice-response,Out of time,67ef60de6de0902719c5faef,2025-04-04 00:32:30-04:00,tone8_0,6358,42,maintaskTrials
67eef64a6de0902719c5faca,default,0,ddc451a103243aba2e75c42f41e802cb4945e0070c193f27163e938a06aa9d90,1133.8917980194092,False,keypress,testRsp,725,[],choice-response,Out of time,67ef60de6de0902719c5faef,2025-04-04 00:32:30-04:00,addentrainer_120,6125,43,maintaskTrials
67eef64a6de0902719c5faca,default,0,ddc451a103243aba2e75c42f41e802cb4945e0070c193f27163e938a06aa9d90,1133.8917980194092,False,keypress,testRsp,640,[],choice-response,Out of time,67ef60de6de0902719c5faef,2025-04-04 00:32:30-04:00,toneentrainer_0,6043,44,maintaskTrials
67eef64a6de0902719c5faca,default,0,ddc451a103243aba2e75c42f41e802cb4945e0070c193f27163e938a06aa9d90,1133.8917980194092,False,keypress,testRsp,556,[],choice-response,Out of time,67ef60de6de0902719c5faef,2025-04-04 00:32:30-04:00,tone1_30,5984,45,maintaskTrials
67eef64a6de0902719c5faca,default,0,ddc451a103243aba2e75c42f41e802cb4945e0070c193f27163e938a06aa9d90,1133.8917980194092,False,keypress,testRsp,546,[],choice-response,In time,67ef60de6de0902719c5faef,2025-04-04 00:32:30-04:00,add1_0,5968,46,maintaskTrials
67eef64a6de0902719c5faca,default,0,ddc451a103243aba2e75c42f41e802cb4945e0070c193f27163e938a06aa9d90,1133.8917980194092,False,keypress,testRsp,423,[],choice-response,In time,67ef60de6de0902719c5faef,2025-04-04 00:32:30-04:00,tone1_0,5846,47,maintaskTrials
67eef64a6de0902719c5faca,default,0,ddc451a103243aba2e75c42f41e802cb4945e0070c193f27163e938a06aa9d90,1133.8917980194092,False,keypress,testRsp,379,[],choice-response,Out of time,67ef60de6de0902719c5faef,2025-04-04 00:32:30-04:00,add8_30,5785,48,maintaskTrials
67eef64a6de0902719c5faca,default,0,ddc451a103243aba2e75c42f41e802cb4945e0070c193f27163e938a06aa9d90,1133.8917980194092,False,keypress,testRsp,481,[],choice-response,Out of time,67ef60de6de0902719c5faef,2025-04-04 00:32:30-04:00,tone8_90,5892,49,maintaskTrials
67eef64a6de0902719c5faca,default,0,ddc451a103243aba2e75c42f41e802cb4945e0070c193f27163e938a06aa9d90,1133.8917980194092,False,keypress,testRsp,403,[],choice-response,Out of time,67ef60de6de0902719c5faef,2025-04-04 00:32:30-04:00,add1_120,5810,50,maintaskTrials
67eef64a6de0902719c5faca,default,0,ddc451a103243aba2e75c42f41e802cb4945e0070c193f27163e938a06aa9d90,1133.8917980194092,False,keypress,testRsp,342,[],choice-response,In time,67ef60de6de0902719c5faef,2025-04-04 00:32:30-04:00,toneentrainer_60,5749,51,maintaskTrials
67eef64a6de0902719c5faca,default,0,ddc451a103243aba2e75c42f41e802cb4945e0070c193f27163e938a06aa9d90,1133.8917980194092,False,keypress,testRsp,583,[],choice-response,Out of time,67ef60de6de0902719c5faef,2025-04-04 00:32:30-04:00,toneentrainer_120,6000,52,maintaskTrials
67eef64a6de0902719c5faca,default,0,ddc451a103243aba2e75c42f41e802cb4945e0070c193f27163e938a06aa9d90,1133.8917980194092,False,keypress,testRsp,600,[],choice-response,In time,67ef60de6de0902719c5faef,2025-04-04 00:32:30-04:00,add1_60,6019,53,maintaskTrials
67eef64a6de0902719c5faca,default,0,ddc451a103243aba2e75c42f41e802cb4945e0070c193f27163e938a06aa9d90,1133.8917980194092,False,keypress,testRsp,1742,[],choice-response,Out of time,67ef60de6de0902719c5faef,2025-04-04 00:32:30-04:00,tone1_90,7161,54,maintaskTrials
67eef64a6de0902719c5faca,default,0,ddc451a103243aba2e75c42f41e802cb4945e0070c193f27163e938a06aa9d90,1133.8917980194092,False,keypress,testRsp,732,[],choice-response,In time,67ef60de6de0902719c5faef,2025-04-04 00:32:30-04:00,addentrainer_0,6140,55,maintaskTrials
67eef64a6de0902719c5faca,default,0,ddc451a103243aba2e75c42f41e802cb4945e0070c193f27163e938a06aa9d90,1133.8917980194092,False,keypress,testRsp,12320,[],choice-response,Out of time,67ef60de6de0902719c5faef,2025-04-04 00:32:30-04:00,tone1_60,17727,56,maintaskTrials
67eef64a6de0902719c5faca,default,0,ddc451a103243aba2e75c42f41e802cb4945e0070c193f27163e938a06aa9d90,1133.8917980194092,False,keypress,testRsp,515,[],choice-response,Out of time,67ef60de6de0902719c5faef,2025-04-04 00:32:30-04:00,toneentrainer_30,5925,57,maintaskTrials
67eef64a6de0902719c5faca,default,0,ddc451a103243aba2e75c42f41e802cb4945e0070c193f27163e938a06aa9d90,1133.8917980194092,False,keypress,testRsp,514,[],choice-response,Out of time,67ef60de6de0902719c5faef,2025-04-04 00:32:30-04:00,add8_60,5931,58,maintaskTrials
67eef64a6de0902719c5faca,default,0,ddc451a103243aba2e75c42f41e802cb4945e0070c193f27163e938a06aa9d90,1133.8917980194092,False,keypress,testRsp,511,[],choice-response,Out of time,67ef60de6de0902719c5faef,2025-04-04 00:32:30-04:00,addentrainer_90,5906,59,maintaskTrials
67eef64a6de0902719c5faca,default,0,ddc451a103243aba2e75c42f41e802cb4945e0070c193f27163e938a06aa9d90,1133.8917980194092,False,keypress,testRsp,1134,[],choice-response,Out of time,67ef60de6de0902719c5faef,2025-04-04 00:32:30-04:00,tone1_120,6534,60,maintaskTrials
67eef64a6de0902719c5faca,default,0,ddc451a103243aba2e75c42f41e802cb4945e0070c193f27163e938a06aa9d90,1133.8917980194092,False,keypress,testRsp,1107,[],choice-response,In time,67ef60de6de0902719c5faef,2025-04-04 00:32:30-04:00,add1_30,6522,61,maintaskTrials
67eef64a6de0902719c5faca,default,0,ddc451a103243aba2e75c42f41e802cb4945e0070c193f27163e938a06aa9d90,1133.8917980194092,False,keypress,testRsp,2432,[],choice-response,Out of time,67ef60de6de0902719c5faef,2025-04-04 00:32:30-04:00,tone8_30,7836,62,maintaskTrials
67eef64a6de0902719c5faca,default,0,ddc451a103243aba2e75c42f41e802cb4945e0070c193f27163e938a06aa9d90,1133.8917980194092,False,keypress,testRsp,1515,[],choice-response,Out of time,67ef60de6de0902719c5faef,2025-04-04 00:32:30-04:00,tone8_60,6923,63,maintaskTrials
67eef64a6de0902719c5faca,default,0,ddc451a103243aba2e75c42f41e802cb4945e0070c193f27163e938a06aa9d90,1133.8917980194092,False,keypress,testRsp,405,[],choice-response,In time,67ef60de6de0902719c5faef,2025-04-04 00:32:30-04:00,addentrainer_60,5820,64,maintaskTrials
67eef64a6de0902719c5faca,default,0,ddc451a103243aba2e75c42f41e802cb4945e0070c193f27163e938a06aa9d90,1133.8917980194092,False,keypress,testRsp,474,[],choice-response,In time,67ef60de6de0902719c5faef,2025-04-04 00:32:30-04:00,addentrainer_30,5876,65,maintaskTrials
67eef64a6de0902719c5faca,default,0,ddc451a103243aba2e75c42f41e802cb4945e0070c193f27163e938a06aa9d90,1133.8917980194092,False,keypress,testRsp,904,[],choice-response,Out of time,67ef60de6de0902719c5faef,2025-04-04 00:32:30-04:00,add1_90,6322,66,maintaskTrials
67eef64a6de0902719c5faca,default,0,ddc451a103243aba2e75c42f41e802cb4945e0070c193f27163e938a06aa9d90,1133.8917980194092,False,keypress,testRsp,4025,[],choice-response,Out of time,67ef60de6de0902719c5faef,2025-04-04 00:32:30-04:00,tone1_60,9440,67,maintaskTrials
67eef64a6de0902719c5faca,default,0,ddc451a103243aba2e75c42f41e802cb4945e0070c193f27163e938a06aa9d90,1133.8917980194092,False,keypress,testRsp,402,[],choice-response,Out of time,67ef60de6de0902719c5faef,2025-04-04 00:32:30-04:00,add1_90,5817,68,maintaskTrials
67eef64a6de0902719c5faca,default,0,ddc451a103243aba2e75c42f41e802cb4945e0070c193f27163e938a06aa9d90,1133.8917980194092,False,keypress,testRsp,396,[],choice-response,Out of time,67ef60de6de0902719c5faef,2025-04-04 00:32:30-04:00,toneentrainer_90,5800,69,maintaskTrials
67eef64a6de0902719c5faca,default,0,ddc451a103243aba2e75c42f41e802cb4945e0070c193f27163e938a06aa9d90,1133.8917980194092,False,keypress,testRsp,380,[],choice-response,In time,67ef60de6de0902719c5faef,2025-04-04 00:32:30-04:00,tone8_30,5804,70,maintaskTrials
67eef64a6de0902719c5faca,default,0,ddc451a103243aba2e75c42f41e802cb4945e0070c193f27163e938a06aa9d90,1133.8917980194092,False,keypress,testRsp,458,[],choice-response,Out of time,67ef60de6de0902719c5faef,2025-04-04 00:32:30-04:00,tone1_0,5859,71,maintaskTrials
67eef64a6de0902719c5faca,default,0,ddc451a103243aba2e75c42f41e802cb4945e0070c193f27163e938a06aa9d90,1133.8917980194092,False,keypress,testRsp,514,[],choice-response,Out of time,67ef60de6de0902719c5faef,2025-04-04 00:32:30-04:00,tone1_120,5932,72,maintaskTrials
67eef64a6de0902719c5faca,default,0,ddc451a103243aba2e75c42f41e802cb4945e0070c193f27163e938a06aa9d90,1133.8917980194092,False,keypress,testRsp,1554,[],choice-response,Out of time,67ef60de6de0902719c5faef,2025-04-04 00:32:30-04:00,add1_120,6958,73,maintaskTrials
67eef64a6de0902719c5faca,default,0,ddc451a103243aba2e75c42f41e802cb4945e0070c193f27163e938a06aa9d90,1133.8917980194092,False,keypress,testRsp,588,[],choice-response,Out of time,67ef60de6de0902719c5faef,2025-04-04 00:32:30-04:00,add8_120,6004,74,maintaskTrials
67eef64a6de0902719c5faca,default,0,ddc451a103243aba2e75c42f41e802cb4945e0070c193f27163e938a06aa9d90,1133.8917980194092,False,keypress,testRsp,313,[],choice-response,In time,67ef60de6de0902719c5faef,2025-04-04 00:32:30-04:00,tone8_0,5723,75,maintaskTrials
67eef64a6de0902719c5faca,default,0,ddc451a103243aba2e75c42f41e802cb4945e0070c193f27163e938a06aa9d90,1133.8917980194092,False,keypress,testRsp,2496,[],choice-response,In time,67ef60de6de0902719c5faef,2025-04-04 00:32:30-04:00,tone8_60,7922,76,maintaskTrials
67eef64a6de0902719c5faca,default,0,ddc451a103243aba2e75c42f41e802cb4945e0070c193f27163e938a06aa9d90,1133.8917980194092,False,keypress,testRsp,365,[],choice-response,In time,67ef60de6de0902719c5faef,2025-04-04 00:32:30-04:00,add1_60,5771,77,maintaskTrials
67eef64a6de0902719c5faca,default,0,ddc451a103243aba2e75c42f41e802cb4945e0070c193f27163e938a06aa9d90,1133.8917980194092,False,keypress,testRsp,337,[],choice-response,In time,67ef60de6de0902719c5faef,2025-04-04 00:32:30-04:00,add1_30,5761,78,maintaskTrials
67eef64a6de0902719c5faca,default,0,ddc451a103243aba2e75c42f41e802cb4945e0070c193f27163e938a06aa9d90,1133.8917980194092,False,keypress,testRsp,407,[],choice-response,Out of time,67ef60de6de0902719c5faef,2025-04-04 00:32:30-04:00,addentrainer_90,5830,79,maintaskTrials
67eef64a6de0902719c5faca,default,0,ddc451a103243aba2e75c42f41e802cb4945e0070c193f27163e938a06aa9d90,1133.8917980194092,False,keypress,testRsp,439,[],choice-response,Out of time,67ef60de6de0902719c5faef,2025-04-04 00:32:30-04:00,add8_90,5843,80,maintaskTrials
67eef64a6de0902719c5faca,default,0,ddc451a103243aba2e75c42f41e802cb4945e0070c193f27163e938a06aa9d90,1133.8917980194092,False,keypress,testRsp,479,[],choice-response,Out of time,67ef60de6de0902719c5faef,2025-04-04 00:32:30-04:00,toneentrainer_60,5889,81,maintaskTrials
67eef64a6de0902719c5faca,default,0,ddc451a103243aba2e75c42f41e802cb4945e0070c193f27163e938a06aa9d90,1133.8917980194092,False,keypress,testRsp,558,[],choice-response,In time,67ef60de6de0902719c5faef,2025-04-04 00:32:30-04:00,toneentrainer_0,5969,82,maintaskTrials
67eef64a6de0902719c5faca,default,0,ddc451a103243aba2e75c42f41e802cb4945e0070c193f27163e938a06aa9d90,1133.8917980194092,False,keypress,testRsp,614,[],choice-response,Out of time,67ef60de6de0902719c5faef,2025-04-04 00:32:30-04:00,toneentrainer_120,6025,83,maintaskTrials
67eef64a6de0902719c5faca,default,0,ddc451a103243aba2e75c42f41e802cb4945e0070c193f27163e938a06aa9d90,1133.8917980194092,False,keypress,testRsp,537,[],choice-response,Out of time,67ef60de6de0902719c5faef,2025-04-04 00:32:30-04:00,addentrainer_120,5942,84,maintaskTrials
67eef64a6de0902719c5faca,default,0,ddc451a103243aba2e75c42f41e802cb4945e0070c193f27163e938a06aa9d90,1133.8917980194092,False,keypress,testRsp,3192,[],choice-response,Out of time,67ef60de6de0902719c5faef,2025-04-04 00:32:30-04:00,add1_0,8594,85,maintaskTrials
67eef64a6de0902719c5faca,default,0,ddc451a103243aba2e75c42f41e802cb4945e0070c193f27163e938a06aa9d90,1133.8917980194092,False,keypress,testRsp,38795,[],choice-response,Out of time,67ef60de6de0902719c5faef,2025-04-04 00:32:30-04:00,tone1_30,44194,86,maintaskTrials
67eef64a6de0902719c5faca,default,0,ddc451a103243aba2e75c42f41e802cb4945e0070c193f27163e938a06aa9d90,1133.8917980194092,False,keypress,testRsp,303,[],choice-response,In time,67ef60de6de0902719c5faef,2025-04-04 00:32:30-04:00,tone8_90,5748,87,maintaskTrials
67eef64a6de0902719c5faca,default,0,ddc451a103243aba2e75c42f41e802cb4945e0070c193f27163e938a06aa9d90,1133.8917980194092,False,keypress,testRsp,330,[],choice-response,Out of time,67ef60de6de0902719c5faef,2025-04-04 00:32:30-04:00,tone1_90,5740,88,maintaskTrials
67eef64a6de0902719c5faca,default,0,ddc451a103243aba2e75c42f41e802cb4945e0070c193f27163e938a06aa9d90,1133.8917980194092,False,keypress,testRsp,375,[],choice-response,Out of time,67ef60de6de0902719c5faef,2025-04-04 00:32:30-04:00,tone8_120,5784,89,maintaskTrials
67eef64a6de0902719c5faca,default,0,ddc451a103243aba2e75c42f41e802cb4945e0070c193f27163e938a06aa9d90,1133.8917980194092,False,keypress,testRsp,716,[],choice-response,Out of time,67ef60de6de0902719c5faef,2025-04-04 00:32:30-04:00,add8_0,6141,90,maintaskTrials
67eef64a6de0902719c5faca,default,0,ddc451a103243aba2e75c42f41e802cb4945e0070c193f27163e938a06aa9d90,1133.8917980194092,False,keypress,testRsp,1032,[],choice-response,Out of time,67ef60de6de0902719c5faef,2025-04-04 00:32:30-04:00,toneentrainer_30,6434,91,maintaskTrials
67eef64a6de0902719c5faca,default,0,ddc451a103243aba2e75c42f41e802cb4945e0070c193f27163e938a06aa9d90,1133.8917980194092,False,keypress,testRsp,361,[],choice-response,Out of time,67ef60de6de0902719c5faef,2025-04-04 00:32:30-04:00,add8_60,5777,92,maintaskTrials
67eef64a6de0902719c5faca,default,0,ddc451a103243aba2e75c42f41e802cb4945e0070c193f27163e938a06aa9d90,1133.8917980194092,False,keypress,testRsp,317,[],choice-response,Out of time,67ef60de6de0902719c5faef,2025-04-04 00:32:30-04:00,addentrainer_60,5728,93,maintaskTrials
67eef64a6de0902719c5faca,default,0,ddc451a103243aba2e75c42f41e802cb4945e0070c193f27163e938a06aa9d90,1133.8917980194092,False,keypress,testRsp,1348,[],choice-response,In time,67ef60de6de0902719c5faef,2025-04-04 00:32:30-04:00,add8_30,6771,94,maintaskTrials
67eef64a6de0902719c5faca,default,0,ddc451a103243aba2e75c42f41e802cb4945e0070c193f27163e938a06aa9d90,1133.8917980194092,False,keypress,testRsp,451,[],choice-response,In time,67ef60de6de0902719c5faef,2025-04-04 00:32:30-04:00,addentrainer_30,5862,95,maintaskTrials
67eef64a6de0902719c5faca,default,0,ddc451a103243aba2e75c42f41e802cb4945e0070c193f27163e938a06aa9d90,1133.8917980194092,False,keypress,testRsp,338,[],choice-response,In time,67ef60de6de0902719c5faef,2025-04-04 00:32:30-04:00,addentrainer_0,5758,96,maintaskTrials
67eef64a6de0902719c5faca,default,0,ddc451a103243aba2e75c42f41e802cb4945e0070c193f27163e938a06aa9d90,1133.8917980194092,False,keypress,testRsp,425,[],choice-response,Out of time,67ef60de6de0902719c5faef,2025-04-04 00:32:30-04:00,addentrainer_120,5848,97,maintaskTrials
67eef64a6de0902719c5faca,default,0,ddc451a103243aba2e75c42f41e802cb4945e0070c193f27163e938a06aa9d90,1133.8917980194092,False,keypress,testRsp,555,[],choice-response,Out of time,67ef60de6de0902719c5faef,2025-04-04 00:32:30-04:00,add8_120,5974,98,maintaskTrials
67eef64a6de0902719c5faca,default,0,ddc451a103243aba2e75c42f41e802cb4945e0070c193f27163e938a06aa9d90,1133.8917980194092,False,keypress,testRsp,1369,[],choice-response,Out of time,67ef60de6de0902719c5faef,2025-04-04 00:32:30-04:00,tone8_60,6792,99,maintaskTrials
67eef64a6de0902719c5faca,default,0,ddc451a103243aba2e75c42f41e802cb4945e0070c193f27163e938a06aa9d90,1133.8917980194092,False,keypress,testRsp,323,[],choice-response,Out of time,67ef60de6de0902719c5faef,2025-04-04 00:32:30-04:00,toneentrainer_90,5742,100,maintaskTrials
67eef64a6de0902719c5faca,default,0,ddc451a103243aba2e75c42f41e802cb4945e0070c193f27163e938a06aa9d90,1133.8917980194092,False,keypress,testRsp,791,[],choice-response,Out of time,67ef60de6de0902719c5faef,2025-04-04 00:32:30-04:00,tone1_30,6215,101,maintaskTrials
67eef64a6de0902719c5faca,default,0,ddc451a103243aba2e75c42f41e802cb4945e0070c193f27163e938a06aa9d90,1133.8917980194092,False,keypress,testRsp,432,[],choice-response,Out of time,67ef60de6de0902719c5faef,2025-04-04 00:32:30-04:00,addentrainer_90,5849,102,maintaskTrials
67eef64a6de0902719c5faca,default,0,ddc451a103243aba2e75c42f41e802cb4945e0070c193f27163e938a06aa9d90,1133.8917980194092,False,keypress,testRsp,470,[],choice-response,Out of time,67ef60de6de0902719c5faef,2025-04-04 00:32:30-04:00,toneentrainer_60,5878,103,maintaskTrials
67eef64a6de0902719c5faca,default,0,ddc451a103243aba2e75c42f41e802cb4945e0070c193f27163e938a06aa9d90,1133.8917980194092,False,keypress,testRsp,396,[],choice-response,Out of time,67ef60de6de0902719c5faef,2025-04-04 00:32:30-04:00,add8_0,5823,104,maintaskTrials
67eef64a6de0902719c5faca,default,0,ddc451a103243aba2e75c42f41e802cb4945e0070c193f27163e938a06aa9d90,1133.8917980194092,False,keypress,testRsp,422,[],choice-response,Out of time,67ef60de6de0902719c5faef,2025-04-04 00:32:30-04:00,toneentrainer_120,5847,105,maintaskTrials
67eef64a6de0902719c5faca,default,0,ddc451a103243aba2e75c42f41e802cb4945e0070c193f27163e938a06aa9d90,1133.8917980194092,False,keypress,testRsp,517,[],choice-response,Out of time,67ef60de6de0902719c5faef,2025-04-04 00:32:30-04:00,add8_90,5947,106,maintaskTrials
67eef64a6de0902719c5faca,default,0,ddc451a103243aba2e75c42f41e802cb4945e0070c193f27163e938a06aa9d90,1133.8917980194092,False,keypress,testRsp,889,[],choice-response,Out of time,67ef60de6de0902719c5faef,2025-04-04 00:32:30-04:00,tone8_30,6299,107,maintaskTrials
67eef64a6de0902719c5faca,default,0,ddc451a103243aba2e75c42f41e802cb4945e0070c193f27163e938a06aa9d90,1133.8917980194092,False,keypress,testRsp,1325,[],choice-response,Out of time,67ef60de6de0902719c5faef,2025-04-04 00:32:30-04:00,toneentrainer_0,6736,108,maintaskTrials
67eef64a6de0902719c5faca,default,0,ddc451a103243aba2e75c42f41e802cb4945e0070c193f27163e938a06aa9d90,1133.8917980194092,False,keypress,testRsp,1132,[],choice-response,In time,67ef60de6de0902719c5faef,2025-04-04 00:32:30-04:00,tone1_60,6556,109,maintaskTrials
67eef64a6de0902719c5faca,default,0,ddc451a103243aba2e75c42f41e802cb4945e0070c193f27163e938a06aa9d90,1133.8917980194092,False,keypress,testRsp,382,[],choice-response,In time,67ef60de6de0902719c5faef,2025-04-04 00:32:30-04:00,tone1_90,5801,110,maintaskTrials
67eef64a6de0902719c5faca,default,0,ddc451a103243aba2e75c42f41e802cb4945e0070c193f27163e938a06aa9d90,1133.8917980194092,False,keypress,testRsp,3211,[],choice-response,Out of time,67ef60de6de0902719c5faef,2025-04-04 00:32:30-04:00,tone1_0,8637,111,maintaskTrials
67eef64a6de0902719c5faca,default,0,ddc451a103243aba2e75c42f41e802cb4945e0070c193f27163e938a06aa9d90,1133.8917980194092,False,keypress,testRsp,929,[],choice-response,Out of time,67ef60de6de0902719c5faef,2025-04-04 00:32:30-04:00,add8_60,6337,112,maintaskTrials
67eef64a6de0902719c5faca,default,0,ddc451a103243aba2e75c42f41e802cb4945e0070c193f27163e938a06aa9d90,1133.8917980194092,False,keypress,testRsp,538,[],choice-response,Out of time,67ef60de6de0902719c5faef,2025-04-04 00:32:30-04:00,tone8_120,5924,113,maintaskTrials
67eef64a6de0902719c5faca,default,0,ddc451a103243aba2e75c42f41e802cb4945e0070c193f27163e938a06aa9d90,1133.8917980194092,False,keypress,testRsp,792,[],choice-response,Out of time,67ef60de6de0902719c5faef,2025-04-04 00:32:30-04:00,add1_120,6198,114,maintaskTrials
67eef64a6de0902719c5faca,default,0,ddc451a103243aba2e75c42f41e802cb4945e0070c193f27163e938a06aa9d90,1133.8917980194092,False,keypress,testRsp,433,[],choice-response,Out of time,67ef60de6de0902719c5faef,2025-04-04 00:32:30-04:00,tone8_0,5862,115,maintaskTrials
67eef64a6de0902719c5faca,default,0,ddc451a103243aba2e75c42f41e802cb4945e0070c193f27163e938a06aa9d90,1133.8917980194092,False,keypress,testRsp,394,[],choice-response,In time,67ef60de6de0902719c5faef,2025-04-04 00:32:30-04:00,addentrainer_0,5831,116,maintaskTrials
67eef64a6de0902719c5faca,default,0,ddc451a103243aba2e75c42f41e802cb4945e0070c193f27163e938a06aa9d90,1133.8917980194092,False,keypress,testRsp,449,[],choice-response,In time,67ef60de6de0902719c5faef,2025-04-04 00:32:30-04:00,add1_0,5856,117,maintaskTrials
67eef64a6de0902719c5faca,default,0,ddc451a103243aba2e75c42f41e802cb4945e0070c193f27163e938a06aa9d90,1133.8917980194092,False,keypress,testRsp,419,[],choice-response,In time,67ef60de6de0902719c5faef,2025-04-04 00:32:30-04:00,toneentrainer_30,5820,118,maintaskTrials
67eef64a6de0902719c5faca,default,0,ddc451a103243aba2e75c42f41e802cb4945e0070c193f27163e938a06aa9d90,1133.8917980194092,False,keypress,testRsp,325,[],choice-response,In time,67ef60de6de0902719c5faef,2025-04-04 00:32:30-04:00,addentrainer_30,5736,119,maintaskTrials
67eef64a6de0902719c5faca,default,0,ddc451a103243aba2e75c42f41e802cb4945e0070c193f27163e938a06aa9d90,1133.8917980194092,False,keypress,testRsp,436,[],choice-response,Out of time,67ef60de6de0902719c5faef,2025-04-04 00:32:30-04:00,add1_90,5859,120,maintaskTrials
67eef64a6de0902719c5faca,default,0,ddc451a103243aba2e75c42f41e802cb4945e0070c193f27163e938a06aa9d90,1133.8917980194092,False,keypress,testRsp,608,[],choice-response,Out of time,67ef60de6de0902719c5faef,2025-04-04 00:32:30-04:00,add8_30,6021,121,maintaskTrials
67eef64a6de0902719c5faca,default,0,ddc451a103243aba2e75c42f41e802cb4945e0070c193f27163e938a06aa9d90,1133.8917980194092,False,keypress,testRsp,513,[],choice-response,In time,67ef60de6de0902719c5faef,2025-04-04 00:32:30-04:00,add1_60,5933,122,maintaskTrials
67eef64a6de0902719c5faca,default,0,ddc451a103243aba2e75c42f41e802cb4945e0070c193f27163e938a06aa9d90,1133.8917980194092,False,keypress,testRsp,972,[],choice-response,In time,67ef60de6de0902719c5faef,2025-04-04 00:32:30-04:00,addentrainer_60,6399,123,maintaskTrials
67eef64a6de0902719c5faca,default,0,ddc451a103243aba2e75c42f41e802cb4945e0070c193f27163e938a06aa9d90,1133.8917980194092,False,keypress,testRsp,1897,[],choice-response,In time,67ef60de6de0902719c5faef,2025-04-04 00:32:30-04:00,add1_30,7316,124,maintaskTrials
67eef64a6de0902719c5faca,default,0,ddc451a103243aba2e75c42f41e802cb4945e0070c193f27163e938a06aa9d90,1133.8917980194092,False,keypress,testRsp,354,[],choice-response,Out of time,67ef60de6de0902719c5faef,2025-04-04 00:32:30-04:00,tone1_120,5754,125,maintaskTrials
67eef64a6de0902719c5faca,default,0,ddc451a103243aba2e75c42f41e802cb4945e0070c193f27163e938a06aa9d90,1133.8917980194092,False,keypress,testRsp,402,[],choice-response,Out of time,67ef60de6de0902719c5faef,2025-04-04 00:32:30-04:00,tone8_90,5836,126,maintaskTrials
67eef64a6de0902719c5faca,default,0,ddc451a103243aba2e75c42f41e802cb4945e0070c193f27163e938a06aa9d90,1133.8917980194092,False,keypress,testRsp,393,[],choice-response,Out of time,67ef60de6de0902719c5faef,2025-04-04 00:32:30-04:00,addentrainer_60,5802,127,maintaskTrials
67eef64a6de0902719c5faca,default,0,ddc451a103243aba2e75c42f41e802cb4945e0070c193f27163e938a06aa9d90,1133.8917980194092,False,keypress,testRsp,973,[],choice-response,Out of time,67ef60de6de0902719c5faef,2025-04-04 00:32:30-04:00,tone1_90,6379,128,maintaskTrials
67eef64a6de0902719c5faca,default,0,ddc451a103243aba2e75c42f41e802cb4945e0070c193f27163e938a06aa9d90,1133.8917980194092,False,keypress,testRsp,926,[],choice-response,Out of time,67ef60de6de0902719c5faef,2025-04-04 00:32:30-04:00,addentrainer_0,6347,129,maintaskTrials
67eef64a6de0902719c5faca,default,0,ddc451a103243aba2e75c42f41e802cb4945e0070c193f27163e938a06aa9d90,1133.8917980194092,False,keypress,testRsp,632,[],choice-response,Out of time,67ef60de6de0902719c5faef,2025-04-04 00:32:30-04:00,add8_90,6042,130,maintaskTrials
67eef64a6de0902719c5faca,default,0,ddc451a103243aba2e75c42f41e802cb4945e0070c193f27163e938a06aa9d90,1133.8917980194092,False,keypress,testRsp,3732,[],choice-response,Out of time,67ef60de6de0902719c5faef,2025-04-04 00:32:30-04:00,tone8_30,9152,131,maintaskTrials
67eef64a6de0902719c5faca,default,0,ddc451a103243aba2e75c42f41e802cb4945e0070c193f27163e938a06aa9d90,1133.8917980194092,False,keypress,testRsp,529,[],choice-response,Out of time,67ef60de6de0902719c5faef,2025-04-04 00:32:30-04:00,toneentrainer_90,5951,132,maintaskTrials
67eef64a6de0902719c5faca,default,0,ddc451a103243aba2e75c42f41e802cb4945e0070c193f27163e938a06aa9d90,1133.8917980194092,False,keypress,testRsp,633,[],choice-response,Out of time,67ef60de6de0902719c5faef,2025-04-04 00:32:30-04:00,addentrainer_120,6014,133,maintaskTrials
67eef64a6de0902719c5faca,default,0,ddc451a103243aba2e75c42f41e802cb4945e0070c193f27163e938a06aa9d90,1133.8917980194092,False,keypress,testRsp,1504,[],choice-response,Out of time,67ef60de6de0902719c5faef,2025-04-04 00:32:30-04:00,tone8_90,6911,134,maintaskTrials
67eef64a6de0902719c5faca,default,0,ddc451a103243aba2e75c42f41e802cb4945e0070c193f27163e938a06aa9d90,1133.8917980194092,False,keypress,testRsp,752,[],choice-response,Out of time,67ef60de6de0902719c5faef,2025-04-04 00:32:30-04:00,toneentrainer_30,6155,135,maintaskTrials
67eef64a6de0902719c5faca,default,0,ddc451a103243aba2e75c42f41e802cb4945e0070c193f27163e938a06aa9d90,1133.8917980194092,False,keypress,testRsp,2392,[],choice-response,Out of time,67ef60de6de0902719c5faef,2025-04-04 00:32:30-04:00,add1_60,7819,136,maintaskTrials
67eef64a6de0902719c5faca,default,0,ddc451a103243aba2e75c42f41e802cb4945e0070c193f27163e938a06aa9d90,1133.8917980194092,False,keypress,testRsp,333,[],choice-response,In time,67ef60de6de0902719c5faef,2025-04-04 00:32:30-04:00,tone1_0,5733,137,maintaskTrials
67eef64a6de0902719c5faca,default,0,ddc451a103243aba2e75c42f41e802cb4945e0070c193f27163e938a06aa9d90,1133.8917980194092,False,keypress,testRsp,455,[],choice-response,Out of time,67ef60de6de0902719c5faef,2025-04-04 00:32:30-04:00,addentrainer_30,5883,138,maintaskTrials
67eef64a6de0902719c5faca,default,0,ddc451a103243aba2e75c42f41e802cb4945e0070c193f27163e938a06aa9d90,1133.8917980194092,False,keypress,testRsp,633,[],choice-response,Out of time,67ef60de6de0902719c5faef,2025-04-04 00:32:30-04:00,add1_120,6063,139,maintaskTrials
67eef64a6de0902719c5faca,default,0,ddc451a103243aba2e75c42f41e802cb4945e0070c193f27163e938a06aa9d90,1133.8917980194092,False,keypress,testRsp,3142,[],choice-response,Out of time,67ef60de6de0902719c5faef,2025-04-04 00:32:30-04:00,tone8_60,8550,140,maintaskTrials
67eef64a6de0902719c5faca,default,0,ddc451a103243aba2e75c42f41e802cb4945e0070c193f27163e938a06aa9d90,1133.8917980194092,False,keypress,testRsp,1316,[],choice-response,Out of time,67ef60de6de0902719c5faef,2025-04-04 00:32:30-04:00,add8_120,6731,141,maintaskTrials
67eef64a6de0902719c5faca,default,0,ddc451a103243aba2e75c42f41e802cb4945e0070c193f27163e938a06aa9d90,1133.8917980194092,False,keypress,testRsp,690,[],choice-response,Out of time,67ef60de6de0902719c5faef,2025-04-04 00:32:30-04:00,tone1_30,6114,142,maintaskTrials
67eef64a6de0902719c5faca,default,0,ddc451a103243aba2e75c42f41e802cb4945e0070c193f27163e938a06aa9d90,1133.8917980194092,False,keypress,testRsp,606,[],choice-response,Out of time,67ef60de6de0902719c5faef,2025-04-04 00:32:30-04:00,add1_90,6006,143,maintaskTrials
67eef64a6de0902719c5faca,default,0,ddc451a103243aba2e75c42f41e802cb4945e0070c193f27163e938a06aa9d90,1133.8917980194092,False,keypress,testRsp,365,[],choice-response,In time,67ef60de6de0902719c5faef,2025-04-04 00:32:30-04:00,tone8_0,5769,144,maintaskTrials
67eef64a6de0902719c5faca,default,0,ddc451a103243aba2e75c42f41e802cb4945e0070c193f27163e938a06aa9d90,1133.8917980194092,False,keypress,testRsp,1055,[],choice-response,In time,67ef60de6de0902719c5faef,2025-04-04 00:32:30-04:00,tone8_120,6482,145,maintaskTrials
67eef64a6de0902719c5faca,default,0,ddc451a103243aba2e75c42f41e802cb4945e0070c193f27163e938a06aa9d90,1133.8917980194092,False,keypress,testRsp,908,[],choice-response,Out of time,67ef60de6de0902719c5faef,2025-04-04 00:32:30-04:00,toneentrainer_60,6309,146,maintaskTrials
67eef64a6de0902719c5faca,default,0,ddc451a103243aba2e75c42f41e802cb4945e0070c193f27163e938a06aa9d90,1133.8917980194092,False,keypress,testRsp,700,[],choice-response,In time,67ef60de6de0902719c5faef,2025-04-04 00:32:30-04:00,tone1_60,6123,147,maintaskTrials
67eef64a6de0902719c5faca,default,0,ddc451a103243aba2e75c42f41e802cb4945e0070c193f27163e938a06aa9d90,1133.8917980194092,False,keypress,testRsp,672,[],choice-response,In time,67ef60de6de0902719c5faef,2025-04-04 00:32:30-04:00,add8_60,6093,148,maintaskTrials
67eef64a6de0902719c5faca,default,0,ddc451a103243aba2e75c42f41e802cb4945e0070c193f27163e938a06aa9d90,1133.8917980194092,False,keypress,testRsp,1173,[],choice-response,Out of time,67ef60de6de0902719c5faef,2025-04-04 00:32:30-04:00,toneentrainer_120,6599,149,maintaskTrials
67eef64a6de0902719c5faca,default,0,ddc451a103243aba2e75c42f41e802cb4945e0070c193f27163e938a06aa9d90,1133.8917980194092,False,keypress,testRsp,1078,[],choice-response,Out of time,67ef60de6de0902719c5faef,2025-04-04 00:32:30-04:00,add8_30,6500,150,maintaskTrials
67eef64a6de0902719c5faca,default,0,ddc451a103243aba2e75c42f41e802cb4945e0070c193f27163e938a06aa9d90,1133.8917980194092,False,keypress,testRsp,514,[],choice-response,In time,67ef60de6de0902719c5faef,2025-04-04 00:32:30-04:00,toneentrainer_0,5938,151,maintaskTrials
67eef64a6de0902719c5faca,default,0,ddc451a103243aba2e75c42f41e802cb4945e0070c193f27163e938a06aa9d90,1133.8917980194092,False,keypress,testRsp,786,[],choice-response,In time,67ef60de6de0902719c5faef,2025-04-04 00:32:30-04:00,add1_30,6201,152,maintaskTrials
67eef64a6de0902719c5faca,default,0,ddc451a103243aba2e75c42f41e802cb4945e0070c193f27163e938a06aa9d90,1133.8917980194092,False,keypress,testRsp,686,[],choice-response,Out of time,67ef60de6de0902719c5faef,2025-04-04 00:32:30-04:00,add8_0,6103,153,maintaskTrials
67eef64a6de0902719c5faca,default,0,ddc451a103243aba2e75c42f41e802cb4945e0070c193f27163e938a06aa9d90,1133.8917980194092,False,keypress,testRsp,805,[],choice-response,In time,67ef60de6de0902719c5faef,2025-04-04 00:32:30-04:00,add1_0,6230,154,maintaskTrials
67eef64a6de0902719c5faca,default,0,ddc451a103243aba2e75c42f41e802cb4945e0070c193f27163e938a06aa9d90,1133.8917980194092,False,keypress,testRsp,377,[],choice-response,Out of time,67ef60de6de0902719c5faef,2025-04-04 00:32:30-04:00,addentrainer_90,5782,155,maintaskTrials
67eef64a6de0902719c5faca,default,0,ddc451a103243aba2e75c42f41e802cb4945e0070c193f27163e938a06aa9d90,1133.8917980194092,False,keypress,testRsp,690,[],choice-response,Out of time,67ef60de6de0902719c5faef,2025-04-04 00:32:30-04:00,tone1_120,6110,156,maintaskTrials
67eef64a6de0902719c5faca,default,0,36c2cbe01d9b261d61e47c9df23cb00c626171335adbd8716d71dfecf6fd4bfb,1089.289167881012,True,keypress,exampleRsp_tone,7272,['Out of time'],choice-response,Out of time,67ef60de6de0902719c5faef,2025-04-04 00:32:30-04:00,tone1_120,16617,1,example_tone
67eef64a6de0902719c5faca,default,0,36c2cbe01d9b261d61e47c9df23cb00c626171335adbd8716d71dfecf6fd4bfb,1089.289167881012,True,keypress,exampleRsp_lab,1420,['Out of time'],choice-response,Out of time,67ef60de6de0902719c5faef,2025-04-04 00:32:30-04:00,add1_120,10000,2,example_add
67eef64a6de0902719c5faca,default,0,36c2cbe01d9b261d61e47c9df23cb00c626171335adbd8716d71dfecf6fd4bfb,1089.289167881012,True,keypress,exampleRsp_lab,1186,['Out of time'],choice-response,Out of time,67ef60de6de0902719c5faef,2025-04-04 00:32:30-04:00,add8_120,10019,3,example_add
67eef64a6de0902719c5faca,default,0,36c2cbe01d9b261d61e47c9df23cb00c626171335adbd8716d71dfecf6fd4bfb,1089.289167881012,True,keypress,exampleRsp_lab,515,['Out of time'],choice-response,Out of time,67ef60de6de0902719c5faef,2025-04-04 00:32:30-04:00,add8_120,8736,4,example_add
67eef64a6de0902719c5faca,default,0,36c2cbe01d9b261d61e47c9df23cb00c626171335adbd8716d71dfecf6fd4bfb,1089.289167881012,True,keypress,exampleRsp_lab,1026,['Out of time'],choice-response,Out of time,67ef60de6de0902719c5faef,2025-04-04 00:32:30-04:00,add1_120,9253,5,example_add
67eef64a6de0902719c5faca,default,0,36c2cbe01d9b261d61e47c9df23cb00c626171335adbd8716d71dfecf6fd4bfb,1089.289167881012,True,keypress,exampleRsp_tone,1322,['Out of time'],choice-response,Out of time,67ef60de6de0902719c5faef,2025-04-04 00:32:30-04:00,tone8_120,9969,6,example_tone
67eef64a6de0902719c5faca,default,0,36c2cbe01d9b261d61e47c9df23cb00c626171335adbd8716d71dfecf6fd4bfb,1089.289167881012,False,keypress,testRsp,472,[],choice-response,Out of time,67ef60de6de0902719c5faef,2025-04-04 00:32:30-04:00,tone8_120,6065,7,maintaskTrials
67eef64a6de0902719c5faca,default,0,36c2cbe01d9b261d61e47c9df23cb00c626171335adbd8716d71dfecf6fd4bfb,1089.289167881012,False,keypress,testRsp,1814,[],choice-response,In time,67ef60de6de0902719c5faef,2025-04-04 00:32:30-04:00,tone1_0,7833,8,maintaskTrials
67eef64a6de0902719c5faca,default,0,36c2cbe01d9b261d61e47c9df23cb00c626171335adbd8716d71dfecf6fd4bfb,1089.289167881012,False,keypress,testRsp,2264,[],choice-response,Out of time,67ef60de6de0902719c5faef,2025-04-04 00:32:30-04:00,toneentrainer_30,8282,9,maintaskTrials
67eef64a6de0902719c5faca,default,0,36c2cbe01d9b261d61e47c9df23cb00c626171335adbd8716d71dfecf6fd4bfb,1089.289167881012,False,keypress,testRsp,653,[],choice-response,Out of time,67ef60de6de0902719c5faef,2025-04-04 00:32:30-04:00,toneentrainer_120,6630,10,maintaskTrials
67eef64a6de0902719c5faca,default,0,36c2cbe01d9b261d61e47c9df23cb00c626171335adbd8716d71dfecf6fd4bfb,1089.289167881012,False,keypress,testRsp,897,[],choice-response,In time,67ef60de6de0902719c5faef,2025-04-04 00:32:30-04:00,add8_0,6880,11,maintaskTrials
67eef64a6de0902719c5faca,default,0,36c2cbe01d9b261d61e47c9df23cb00c626171335adbd8716d71dfecf6fd4bfb,1089.289167881012,False,keypress,testRsp,411,[],choice-response,Out of time,67ef60de6de0902719c5faef,2025-04-04 00:32:30-04:00,tone1_30,6489,12,maintaskTrials
67eef64a6de0902719c5faca,default,0,36c2cbe01d9b261d61e47c9df23cb00c626171335adbd8716d71dfecf6fd4bfb,1089.289167881012,False,keypress,testRsp,1641,[],choice-response,In time,67ef60de6de0902719c5faef,2025-04-04 00:32:30-04:00,addentrainer_0,7660,13,maintaskTrials
67eef64a6de0902719c5faca,default,0,36c2cbe01d9b261d61e47c9df23cb00c626171335adbd8716d71dfecf6fd4bfb,1089.289167881012,False,keypress,testRsp,536,[],choice-response,Out of time,67ef60de6de0902719c5faef,2025-04-04 00:32:30-04:00,tone8_30,6657,14,maintaskTrials
67eef64a6de0902719c5faca,default,0,36c2cbe01d9b261d61e47c9df23cb00c626171335adbd8716d71dfecf6fd4bfb,1089.289167881012,False,keypress,testRsp,414,[],choice-response,Out of time,67ef60de6de0902719c5faef,2025-04-04 00:32:30-04:00,toneentrainer_0,6521,15,maintaskTrials
67eef64a6de0902719c5faca,default,0,36c2cbe01d9b261d61e47c9df23cb00c626171335adbd8716d71dfecf6fd4bfb,1089.289167881012,False,keypress,testRsp,586,[],choice-response,Out of time,67ef60de6de0902719c5faef,2025-04-04 00:32:30-04:00,addentrainer_30,6646,16,maintaskTrials
67eef64a6de0902719c5faca,default,0,36c2cbe01d9b261d61e47c9df23cb00c626171335adbd8716d71dfecf6fd4bfb,1089.289167881012,False,keypress,testRsp,753,[],choice-response,In time,67ef60de6de0902719c5faef,2025-04-04 00:32:30-04:00,add1_90,6772,17,maintaskTrials
67eef64a6de0902719c5faca,default,0,36c2cbe01d9b261d61e47c9df23cb00c626171335adbd8716d71dfecf6fd4bfb,1089.289167881012,False,keypress,testRsp,347,[],choice-response,Out of time,67ef60de6de0902719c5faef,2025-04-04 00:32:30-04:00,toneentrainer_90,6183,18,maintaskTrials
67eef64a6de0902719c5faca,default,0,36c2cbe01d9b261d61e47c9df23cb00c626171335adbd8716d71dfecf6fd4bfb,1089.289167881012,False,keypress,testRsp,343,[],choice-response,Out of time,67ef60de6de0902719c5faef,2025-04-04 00:32:30-04:00,addentrainer_60,6412,19,maintaskTrials
67eef64a6de0902719c5faca,default,0,36c2cbe01d9b261d61e47c9df23cb00c626171335adbd8716d71dfecf6fd4bfb,1089.289167881012,False,keypress,testRsp,873,[],choice-response,In time,67ef60de6de0902719c5faef,2025-04-04 00:32:30-04:00,add1_30,6666,20,maintaskTrials
67eef64a6de0902719c5faca,default,0,36c2cbe01d9b261d61e47c9df23cb00c626171335adbd8716d71dfecf6fd4bfb,1089.289167881012,False,keypress,testRsp,619,[],choice-response,Out of time,67ef60de6de0902719c5faef,2025-04-04 00:32:30-04:00,toneentrainer_60,6628,21,maintaskTrials
67eef64a6de0902719c5faca,default,0,36c2cbe01d9b261d61e47c9df23cb00c626171335adbd8716d71dfecf6fd4bfb,1089.289167881012,False,keypress,testRsp,1924,[],choice-response,In time,67ef60de6de0902719c5faef,2025-04-04 00:32:30-04:00,tone8_90,7914,22,maintaskTrials
67eef64a6de0902719c5faca,default,0,36c2cbe01d9b261d61e47c9df23cb00c626171335adbd8716d71dfecf6fd4bfb,1089.289167881012,False,keypress,testRsp,997,[],choice-response,In time,67ef60de6de0902719c5faef,2025-04-04 00:32:30-04:00,add8_90,7067,23,maintaskTrials
67eef64a6de0902719c5faca,default,0,36c2cbe01d9b261d61e47c9df23cb00c626171335adbd8716d71dfecf6fd4bfb,1089.289167881012,False,keypress,testRsp,203,[],choice-response,Out of time,67ef60de6de0902719c5faef,2025-04-04 00:32:30-04:00,add8_120,5830,24,maintaskTrials
67eef64a6de0902719c5faca,default,0,36c2cbe01d9b261d61e47c9df23cb00c626171335adbd8716d71dfecf6fd4bfb,1089.289167881012,False,keypress,testRsp,235,[],choice-response,Out of time,67ef60de6de0902719c5faef,2025-04-04 00:32:30-04:00,add1_120,5837,25,maintaskTrials
67eef64a6de0902719c5faca,default,0,36c2cbe01d9b261d61e47c9df23cb00c626171335adbd8716d71dfecf6fd4bfb,1089.289167881012,False,keypress,testRsp,262,[],choice-response,Out of time,67ef60de6de0902719c5faef,2025-04-04 00:32:30-04:00,addentrainer_120,6285,26,maintaskTrials
67eef64a6de0902719c5faca,default,0,36c2cbe01d9b261d61e47c9df23cb00c626171335adbd8716d71dfecf6fd4bfb,1089.289167881012,False,keypress,testRsp,230,[],choice-response,In time,67ef60de6de0902719c5faef,2025-04-04 00:32:30-04:00,tone1_90,6216,27,maintaskTrials
67eef64a6de0902719c5faca,default,0,36c2cbe01d9b261d61e47c9df23cb00c626171335adbd8716d71dfecf6fd4bfb,1089.289167881012,False,keypress,testRsp,241,[],choice-response,In time,67ef60de6de0902719c5faef,2025-04-04 00:32:30-04:00,tone1_60,6168,28,maintaskTrials
67eef64a6de0902719c5faca,default,0,36c2cbe01d9b261d61e47c9df23cb00c626171335adbd8716d71dfecf6fd4bfb,1089.289167881012,False,keypress,testRsp,1518,[],choice-response,Out of time,67ef60de6de0902719c5faef,2025-04-04 00:32:30-04:00,add8_60,7539,29,maintaskTrials
67eef64a6de0902719c5faca,default,0,36c2cbe01d9b261d61e47c9df23cb00c626171335adbd8716d71dfecf6fd4bfb,1089.289167881012,False,keypress,testRsp,344,[],choice-response,Out of time,67ef60de6de0902719c5faef,2025-04-04 00:32:30-04:00,tone8_60,6511,30,maintaskTrials
67eef64a6de0902719c5faca,default,0,36c2cbe01d9b261d61e47c9df23cb00c626171335adbd8716d71dfecf6fd4bfb,1089.289167881012,False,keypress,testRsp,193,[],choice-response,Out of time,67ef60de6de0902719c5faef,2025-04-04 00:32:30-04:00,tone1_120,5801,31,maintaskTrials
67eef64a6de0902719c5faca,default,0,36c2cbe01d9b261d61e47c9df23cb00c626171335adbd8716d71dfecf6fd4bfb,1089.289167881012,False,keypress,testRsp,558,[],choice-response,In time,67ef60de6de0902719c5faef,2025-04-04 00:32:30-04:00,addentrainer_90,6898,32,maintaskTrials
67eef64a6de0902719c5faca,default,0,36c2cbe01d9b261d61e47c9df23cb00c626171335adbd8716d71dfecf6fd4bfb,1089.289167881012,False,keypress,testRsp,2145,[],choice-response,Out of time,67ef60de6de0902719c5faef,2025-04-04 00:32:30-04:00,tone8_0,8126,33,maintaskTrials
67eef64a6de0902719c5faca,default,0,36c2cbe01d9b261d61e47c9df23cb00c626171335adbd8716d71dfecf6fd4bfb,1089.289167881012,False,keypress,testRsp,2062,[],choice-response,Out of time,67ef60de6de0902719c5faef,2025-04-04 00:32:30-04:00,add8_30,8054,34,maintaskTrials
67eef64a6de0902719c5faca,default,0,36c2cbe01d9b261d61e47c9df23cb00c626171335adbd8716d71dfecf6fd4bfb,1089.289167881012,False,keypress,testRsp,370,[],choice-response,In time,67ef60de6de0902719c5faef,2025-04-04 00:32:30-04:00,add1_60,6300,35,maintaskTrials
67eef64a6de0902719c5faca,default,0,36c2cbe01d9b261d61e47c9df23cb00c626171335adbd8716d71dfecf6fd4bfb,1089.289167881012,False,keypress,testRsp,476,[],choice-response,Out of time,67ef60de6de0902719c5faef,2025-04-04 00:32:30-04:00,add1_0,7067,36,maintaskTrials
67eef64a6de0902719c5faca,default,0,36c2cbe01d9b261d61e47c9df23cb00c626171335adbd8716d71dfecf6fd4bfb,1089.289167881012,False,keypress,testRsp,1775,[],choice-response,In time,67ef60de6de0902719c5faef,2025-04-04 00:32:30-04:00,add8_0,7396,37,maintaskTrials
67eef64a6de0902719c5faca,default,0,36c2cbe01d9b261d61e47c9df23cb00c626171335adbd8716d71dfecf6fd4bfb,1089.289167881012,False,keypress,testRsp,574,[],choice-response,Out of time,67ef60de6de0902719c5faef,2025-04-04 00:32:30-04:00,add1_0,6182,38,maintaskTrials
67eef64a6de0902719c5faca,default,0,36c2cbe01d9b261d61e47c9df23cb00c626171335adbd8716d71dfecf6fd4bfb,1089.289167881012,False,keypress,testRsp,373,[],choice-response,Out of time,67ef60de6de0902719c5faef,2025-04-04 00:32:30-04:00,add1_60,5978,39,maintaskTrials
67eef64a6de0902719c5faca,default,0,36c2cbe01d9b261d61e47c9df23cb00c626171335adbd8716d71dfecf6fd4bfb,1089.289167881012,False,keypress,testRsp,266,[],choice-response,Out of time,67ef60de6de0902719c5faef,2025-04-04 00:32:30-04:00,tone1_120,5879,40,maintaskTrials
67eef64a6de0902719c5faca,default,0,36c2cbe01d9b261d61e47c9df23cb00c626171335adbd8716d71dfecf6fd4bfb,1089.289167881012,False,keypress,testRsp,457,[],choice-response,Out of time,67ef60de6de0902719c5faef,2025-04-04 00:32:30-04:00,add8_60,6064,41,maintaskTrials
67eef64a6de0902719c5faca,default,0,36c2cbe01d9b261d61e47c9df23cb00c626171335adbd8716d71dfecf6fd4bfb,1089.289167881012,False,keypress,testRsp,281,[],choice-response,In time,67ef60de6de0902719c5faef,2025-04-04 00:32:30-04:00,tone1_30,5900,42,maintaskTrials
67eef64a6de0902719c5faca,default,0,36c2cbe01d9b261d61e47c9df23cb00c626171335adbd8716d71dfecf6fd4bfb,1089.289167881012,False,keypress,testRsp,195,[],choice-response,Out of time,67ef60de6de0902719c5faef,2025-04-04 00:32:30-04:00,add1_90,5802,43,maintaskTrials
67eef64a6de0902719c5faca,default,0,36c2cbe01d9b261d61e47c9df23cb00c626171335adbd8716d71dfecf6fd4bfb,1089.289167881012,False,keypress,testRsp,284,[],choice-response,Out of time,67ef60de6de0902719c5faef,2025-04-04 00:32:30-04:00,tone8_90,5897,44,maintaskTrials
67eef64a6de0902719c5faca,default,0,36c2cbe01d9b261d61e47c9df23cb00c626171335adbd8716d71dfecf6fd4bfb,1089.289167881012,False,keypress,testRsp,415,[],choice-response,In time,67ef60de6de0902719c5faef,2025-04-04 00:32:30-04:00,toneentrainer_0,6018,45,maintaskTrials
67eef64a6de0902719c5faca,default,0,36c2cbe01d9b261d61e47c9df23cb00c626171335adbd8716d71dfecf6fd4bfb,1089.289167881012,False,keypress,testRsp,2058,[],choice-response,In time,67ef60de6de0902719c5faef,2025-04-04 00:32:30-04:00,addentrainer_120,7664,46,maintaskTrials
67eef64a6de0902719c5faca,default,0,36c2cbe01d9b261d61e47c9df23cb00c626171335adbd8716d71dfecf6fd4bfb,1089.289167881012,False,keypress,testRsp,735,[],choice-response,Out of time,67ef60de6de0902719c5faef,2025-04-04 00:32:30-04:00,tone8_60,6358,47,maintaskTrials
67eef64a6de0902719c5faca,default,0,36c2cbe01d9b261d61e47c9df23cb00c626171335adbd8716d71dfecf6fd4bfb,1089.289167881012,False,keypress,testRsp,255,[],choice-response,Out of time,67ef60de6de0902719c5faef,2025-04-04 00:32:30-04:00,toneentrainer_90,5856,48,maintaskTrials
67eef64a6de0902719c5faca,default,0,36c2cbe01d9b261d61e47c9df23cb00c626171335adbd8716d71dfecf6fd4bfb,1089.289167881012,False,keypress,testRsp,324,[],choice-response,Out of time,67ef60de6de0902719c5faef,2025-04-04 00:32:30-04:00,tone8_120,5929,49,maintaskTrials
67eef64a6de0902719c5faca,default,0,36c2cbe01d9b261d61e47c9df23cb00c626171335adbd8716d71dfecf6fd4bfb,1089.289167881012,False,keypress,testRsp,249,[],choice-response,In time,67ef60de6de0902719c5faef,2025-04-04 00:32:30-04:00,addentrainer_60,5871,50,maintaskTrials
67eef64a6de0902719c5faca,default,0,36c2cbe01d9b261d61e47c9df23cb00c626171335adbd8716d71dfecf6fd4bfb,1089.289167881012,False,keypress,testRsp,758,[],choice-response,In time,67ef60de6de0902719c5faef,2025-04-04 00:32:30-04:00,tone1_0,6377,51,maintaskTrials
67eef64a6de0902719c5faca,default,0,36c2cbe01d9b261d61e47c9df23cb00c626171335adbd8716d71dfecf6fd4bfb,1089.289167881012,False,keypress,testRsp,315,[],choice-response,Out of time,67ef60de6de0902719c5faef,2025-04-04 00:32:30-04:00,addentrainer_90,5924,52,maintaskTrials
67eef64a6de0902719c5faca,default,0,36c2cbe01d9b261d61e47c9df23cb00c626171335adbd8716d71dfecf6fd4bfb,1089.289167881012,False,keypress,testRsp,253,[],choice-response,In time,67ef60de6de0902719c5faef,2025-04-04 00:32:30-04:00,tone8_30,5856,53,maintaskTrials
67eef64a6de0902719c5faca,default,0,36c2cbe01d9b261d61e47c9df23cb00c626171335adbd8716d71dfecf6fd4bfb,1089.289167881012,False,keypress,testRsp,385,[],choice-response,Out of time,67ef60de6de0902719c5faef,2025-04-04 00:32:30-04:00,add8_120,5996,54,maintaskTrials
67eef64a6de0902719c5faca,default,0,36c2cbe01d9b261d61e47c9df23cb00c626171335adbd8716d71dfecf6fd4bfb,1089.289167881012,False,keypress,testRsp,248,[],choice-response,Out of time,67ef60de6de0902719c5faef,2025-04-04 00:32:30-04:00,add8_90,5870,55,maintaskTrials
67eef64a6de0902719c5faca,default,0,36c2cbe01d9b261d61e47c9df23cb00c626171335adbd8716d71dfecf6fd4bfb,1089.289167881012,False,keypress,testRsp,920,[],choice-response,In time,67ef60de6de0902719c5faef,2025-04-04 00:32:30-04:00,tone1_60,6528,56,maintaskTrials
67eef64a6de0902719c5faca,default,0,36c2cbe01d9b261d61e47c9df23cb00c626171335adbd8716d71dfecf6fd4bfb,1089.289167881012,False,keypress,testRsp,314,[],choice-response,Out of time,67ef60de6de0902719c5faef,2025-04-04 00:32:30-04:00,add1_120,5926,57,maintaskTrials
67eef64a6de0902719c5faca,default,0,36c2cbe01d9b261d61e47c9df23cb00c626171335adbd8716d71dfecf6fd4bfb,1089.289167881012,False,keypress,testRsp,361,[],choice-response,In time,67ef60de6de0902719c5faef,2025-04-04 00:32:30-04:00,tone8_0,5978,58,maintaskTrials
67eef64a6de0902719c5faca,default,0,36c2cbe01d9b261d61e47c9df23cb00c626171335adbd8716d71dfecf6fd4bfb,1089.289167881012,False,keypress,testRsp,277,[],choice-response,Out of time,67ef60de6de0902719c5faef,2025-04-04 00:32:30-04:00,toneentrainer_120,5896,59,maintaskTrials
67eef64a6de0902719c5faca,default,0,36c2cbe01d9b261d61e47c9df23cb00c626171335adbd8716d71dfecf6fd4bfb,1089.289167881012,False,keypress,testRsp,205,[],choice-response,Out of time,67ef60de6de0902719c5faef,2025-04-04 00:32:30-04:00,tone1_90,5828,60,maintaskTrials
67eef64a6de0902719c5faca,default,0,36c2cbe01d9b261d61e47c9df23cb00c626171335adbd8716d71dfecf6fd4bfb,1089.289167881012,False,keypress,testRsp,310,[],choice-response,In time,67ef60de6de0902719c5faef,2025-04-04 00:32:30-04:00,add1_30,5923,61,maintaskTrials
67eef64a6de0902719c5faca,default,0,36c2cbe01d9b261d61e47c9df23cb00c626171335adbd8716d71dfecf6fd4bfb,1089.289167881012,False,keypress,testRsp,267,[],choice-response,Out of time,67ef60de6de0902719c5faef,2025-04-04 00:32:30-04:00,addentrainer_0,5891,62,maintaskTrials
67eef64a6de0902719c5faca,default,0,36c2cbe01d9b261d61e47c9df23cb00c626171335adbd8716d71dfecf6fd4bfb,1089.289167881012,False,keypress,testRsp,436,[],choice-response,Out of time,67ef60de6de0902719c5faef,2025-04-04 00:32:30-04:00,toneentrainer_60,6062,63,maintaskTrials
67eef64a6de0902719c5faca,default,0,36c2cbe01d9b261d61e47c9df23cb00c626171335adbd8716d71dfecf6fd4bfb,1089.289167881012,False,keypress,testRsp,327,[],choice-response,Out of time,67ef60de6de0902719c5faef,2025-04-04 00:32:30-04:00,addentrainer_30,5940,64,maintaskTrials
67eef64a6de0902719c5faca,default,0,36c2cbe01d9b261d61e47c9df23cb00c626171335adbd8716d71dfecf6fd4bfb,1089.289167881012,False,keypress,testRsp,1133,[],choice-response,Out of time,67ef60de6de0902719c5faef,2025-04-04 00:32:30-04:00,add8_30,6749,65,maintaskTrials
67eef64a6de0902719c5faca,default,0,36c2cbe01d9b261d61e47c9df23cb00c626171335adbd8716d71dfecf6fd4bfb,1089.289167881012,False,keypress,testRsp,286,[],choice-response,Out of time,67ef60de6de0902719c5faef,2025-04-04 00:32:30-04:00,toneentrainer_30,5904,66,maintaskTrials
67eef64a6de0902719c5faca,default,0,36c2cbe01d9b261d61e47c9df23cb00c626171335adbd8716d71dfecf6fd4bfb,1089.289167881012,False,keypress,testRsp,267,[],choice-response,Out of time,67ef60de6de0902719c5faef,2025-04-04 00:32:30-04:00,tone1_120,5869,67,maintaskTrials
67eef64a6de0902719c5faca,default,0,36c2cbe01d9b261d61e47c9df23cb00c626171335adbd8716d71dfecf6fd4bfb,1089.289167881012,False,keypress,testRsp,268,[],choice-response,In time,67ef60de6de0902719c5faef,2025-04-04 00:32:30-04:00,tone8_30,5879,68,maintaskTrials
67eef64a6de0902719c5faca,default,0,36c2cbe01d9b261d61e47c9df23cb00c626171335adbd8716d71dfecf6fd4bfb,1089.289167881012,False,keypress,testRsp,267,[],choice-response,Out of time,67ef60de6de0902719c5faef,2025-04-04 00:32:30-04:00,addentrainer_60,5876,69,maintaskTrials
67eef64a6de0902719c5faca,default,0,36c2cbe01d9b261d61e47c9df23cb00c626171335adbd8716d71dfecf6fd4bfb,1089.289167881012,False,keypress,testRsp,603,[],choice-response,Out of time,67ef60de6de0902719c5faef,2025-04-04 00:32:30-04:00,toneentrainer_90,6216,70,maintaskTrials
67eef64a6de0902719c5faca,default,0,36c2cbe01d9b261d61e47c9df23cb00c626171335adbd8716d71dfecf6fd4bfb,1089.289167881012,False,keypress,testRsp,430,[],choice-response,In time,67ef60de6de0902719c5faef,2025-04-04 00:32:30-04:00,toneentrainer_60,6047,71,maintaskTrials
67eef64a6de0902719c5faca,default,0,36c2cbe01d9b261d61e47c9df23cb00c626171335adbd8716d71dfecf6fd4bfb,1089.289167881012,False,keypress,testRsp,157,[],choice-response,Out of time,67ef60de6de0902719c5faef,2025-04-04 00:32:30-04:00,tone1_60,5761,72,maintaskTrials
67eef64a6de0902719c5faca,default,0,36c2cbe01d9b261d61e47c9df23cb00c626171335adbd8716d71dfecf6fd4bfb,1089.289167881012,False,keypress,testRsp,347,[],choice-response,In time,67ef60de6de0902719c5faef,2025-04-04 00:32:30-04:00,tone8_120,5963,73,maintaskTrials
67eef64a6de0902719c5faca,default,0,36c2cbe01d9b261d61e47c9df23cb00c626171335adbd8716d71dfecf6fd4bfb,1089.289167881012,False,keypress,testRsp,321,[],choice-response,In time,67ef60de6de0902719c5faef,2025-04-04 00:32:30-04:00,add1_30,5938,74,maintaskTrials
67eef64a6de0902719c5faca,default,0,36c2cbe01d9b261d61e47c9df23cb00c626171335adbd8716d71dfecf6fd4bfb,1089.289167881012,False,keypress,testRsp,291,[],choice-response,Out of time,67ef60de6de0902719c5faef,2025-04-04 00:32:30-04:00,add8_60,5904,75,maintaskTrials
67eef64a6de0902719c5faca,default,0,36c2cbe01d9b261d61e47c9df23cb00c626171335adbd8716d71dfecf6fd4bfb,1089.289167881012,False,keypress,testRsp,813,[],choice-response,In time,67ef60de6de0902719c5faef,2025-04-04 00:32:30-04:00,tone1_30,6416,76,maintaskTrials
67eef64a6de0902719c5faca,default,0,36c2cbe01d9b261d61e47c9df23cb00c626171335adbd8716d71dfecf6fd4bfb,1089.289167881012,False,keypress,testRsp,241,[],choice-response,Out of time,67ef60de6de0902719c5faef,2025-04-04 00:32:30-04:00,add1_90,5853,77,maintaskTrials
67eef64a6de0902719c5faca,default,0,36c2cbe01d9b261d61e47c9df23cb00c626171335adbd8716d71dfecf6fd4bfb,1089.289167881012,False,keypress,testRsp,304,[],choice-response,Out of time,67ef60de6de0902719c5faef,2025-04-04 00:32:30-04:00,addentrainer_30,5913,78,maintaskTrials
67eef64a6de0902719c5faca,default,0,36c2cbe01d9b261d61e47c9df23cb00c626171335adbd8716d71dfecf6fd4bfb,1089.289167881012,False,keypress,testRsp,251,[],choice-response,Out of time,67ef60de6de0902719c5faef,2025-04-04 00:32:30-04:00,addentrainer_90,5863,79,maintaskTrials
67eef64a6de0902719c5faca,default,0,36c2cbe01d9b261d61e47c9df23cb00c626171335adbd8716d71dfecf6fd4bfb,1089.289167881012,False,keypress,testRsp,411,[],choice-response,In time,67ef60de6de0902719c5faef,2025-04-04 00:32:30-04:00,add1_0,6023,80,maintaskTrials
67eef64a6de0902719c5faca,default,0,36c2cbe01d9b261d61e47c9df23cb00c626171335adbd8716d71dfecf6fd4bfb,1089.289167881012,False,keypress,testRsp,418,[],choice-response,Out of time,67ef60de6de0902719c5faef,2025-04-04 00:32:30-04:00,add8_90,6036,81,maintaskTrials
67eef64a6de0902719c5faca,default,0,36c2cbe01d9b261d61e47c9df23cb00c626171335adbd8716d71dfecf6fd4bfb,1089.289167881012,False,keypress,testRsp,274,[],choice-response,Out of time,67ef60de6de0902719c5faef,2025-04-04 00:32:30-04:00,add1_120,5880,82,maintaskTrials
67eef64a6de0902719c5faca,default,0,36c2cbe01d9b261d61e47c9df23cb00c626171335adbd8716d71dfecf6fd4bfb,1089.289167881012,False,keypress,testRsp,3632,[],choice-response,Out of time,67ef60de6de0902719c5faef,2025-04-04 00:32:30-04:00,addentrainer_120,9252,83,maintaskTrials
67eef64a6de0902719c5faca,default,0,36c2cbe01d9b261d61e47c9df23cb00c626171335adbd8716d71dfecf6fd4bfb,1089.289167881012,False,keypress,testRsp,1650,[],choice-response,Out of time,67ef60de6de0902719c5faef,2025-04-04 00:32:30-04:00,add8_120,7252,84,maintaskTrials
67eef64a6de0902719c5faca,default,0,36c2cbe01d9b261d61e47c9df23cb00c626171335adbd8716d71dfecf6fd4bfb,1089.289167881012,False,keypress,testRsp,260,[],choice-response,In time,67ef60de6de0902719c5faef,2025-04-04 00:32:30-04:00,tone1_0,5881,85,maintaskTrials
67eef64a6de0902719c5faca,default,0,36c2cbe01d9b261d61e47c9df23cb00c626171335adbd8716d71dfecf6fd4bfb,1089.289167881012,False,keypress,testRsp,1297,[],choice-response,Out of time,67ef60de6de0902719c5faef,2025-04-04 00:32:30-04:00,tone8_0,6914,86,maintaskTrials
67eef64a6de0902719c5faca,default,0,36c2cbe01d9b261d61e47c9df23cb00c626171335adbd8716d71dfecf6fd4bfb,1089.289167881012,False,keypress,testRsp,451,[],choice-response,In time,67ef60de6de0902719c5faef,2025-04-04 00:32:30-04:00,add1_60,6074,87,maintaskTrials
67eef64a6de0902719c5faca,default,0,36c2cbe01d9b261d61e47c9df23cb00c626171335adbd8716d71dfecf6fd4bfb,1089.289167881012,False,keypress,testRsp,415,[],choice-response,Out of time,67ef60de6de0902719c5faef,2025-04-04 00:32:30-04:00,tone1_90,6038,88,maintaskTrials
67eef64a6de0902719c5faca,default,0,36c2cbe01d9b261d61e47c9df23cb00c626171335adbd8716d71dfecf6fd4bfb,1089.289167881012,False,keypress,testRsp,409,[],choice-response,In time,67ef60de6de0902719c5faef,2025-04-04 00:32:30-04:00,toneentrainer_0,6016,89,maintaskTrials
67eef64a6de0902719c5faca,default,0,36c2cbe01d9b261d61e47c9df23cb00c626171335adbd8716d71dfecf6fd4bfb,1089.289167881012,False,keypress,testRsp,355,[],choice-response,Out of time,67ef60de6de0902719c5faef,2025-04-04 00:32:30-04:00,toneentrainer_120,5958,90,maintaskTrials
67eef64a6de0902719c5faca,default,0,36c2cbe01d9b261d61e47c9df23cb00c626171335adbd8716d71dfecf6fd4bfb,1089.289167881012,False,keypress,testRsp,371,[],choice-response,In time,67ef60de6de0902719c5faef,2025-04-04 00:32:30-04:00,tone8_90,5989,91,maintaskTrials
67eef64a6de0902719c5faca,default,0,36c2cbe01d9b261d61e47c9df23cb00c626171335adbd8716d71dfecf6fd4bfb,1089.289167881012,False,keypress,testRsp,325,[],choice-response,In time,67ef60de6de0902719c5faef,2025-04-04 00:32:30-04:00,add8_30,5932,92,maintaskTrials
67eef64a6de0902719c5faca,default,0,36c2cbe01d9b261d61e47c9df23cb00c626171335adbd8716d71dfecf6fd4bfb,1089.289167881012,False,keypress,testRsp,449,[],choice-response,In time,67ef60de6de0902719c5faef,2025-04-04 00:32:30-04:00,toneentrainer_30,6055,93,maintaskTrials
67eef64a6de0902719c5faca,default,0,36c2cbe01d9b261d61e47c9df23cb00c626171335adbd8716d71dfecf6fd4bfb,1089.289167881012,False,keypress,testRsp,327,[],choice-response,Out of time,67ef60de6de0902719c5faef,2025-04-04 00:32:30-04:00,tone8_60,5929,94,maintaskTrials
67eef64a6de0902719c5faca,default,0,36c2cbe01d9b261d61e47c9df23cb00c626171335adbd8716d71dfecf6fd4bfb,1089.289167881012,False,keypress,testRsp,306,[],choice-response,In time,67ef60de6de0902719c5faef,2025-04-04 00:32:30-04:00,add8_0,5921,95,maintaskTrials
67eef64a6de0902719c5faca,default,0,36c2cbe01d9b261d61e47c9df23cb00c626171335adbd8716d71dfecf6fd4bfb,1089.289167881012,False,keypress,testRsp,333,[],choice-response,Out of time,67ef60de6de0902719c5faef,2025-04-04 00:32:30-04:00,addentrainer_0,5939,96,maintaskTrials
67eef64a6de0902719c5faca,default,0,36c2cbe01d9b261d61e47c9df23cb00c626171335adbd8716d71dfecf6fd4bfb,1089.289167881012,False,keypress,testRsp,184,[],choice-response,Out of time,67ef60de6de0902719c5faef,2025-04-04 00:32:30-04:00,addentrainer_0,5795,97,maintaskTrials
67eef64a6de0902719c5faca,default,0,36c2cbe01d9b261d61e47c9df23cb00c626171335adbd8716d71dfecf6fd4bfb,1089.289167881012,False,keypress,testRsp,236,[],choice-response,Out of time,67ef60de6de0902719c5faef,2025-04-04 00:32:30-04:00,addentrainer_60,5851,98,maintaskTrials
67eef64a6de0902719c5faca,default,0,36c2cbe01d9b261d61e47c9df23cb00c626171335adbd8716d71dfecf6fd4bfb,1089.289167881012,False,keypress,testRsp,260,[],choice-response,Out of time,67ef60de6de0902719c5faef,2025-04-04 00:32:30-04:00,toneentrainer_120,5876,99,maintaskTrials
67eef64a6de0902719c5faca,default,0,36c2cbe01d9b261d61e47c9df23cb00c626171335adbd8716d71dfecf6fd4bfb,1089.289167881012,False,keypress,testRsp,597,[],choice-response,Out of time,67ef60de6de0902719c5faef,2025-04-04 00:32:30-04:00,add8_120,6215,100,maintaskTrials
67eef64a6de0902719c5faca,default,0,36c2cbe01d9b261d61e47c9df23cb00c626171335adbd8716d71dfecf6fd4bfb,1089.289167881012,False,keypress,testRsp,291,[],choice-response,In time,67ef60de6de0902719c5faef,2025-04-04 00:32:30-04:00,toneentrainer_30,5900,101,maintaskTrials
67eef64a6de0902719c5faca,default,0,36c2cbe01d9b261d61e47c9df23cb00c626171335adbd8716d71dfecf6fd4bfb,1089.289167881012,False,keypress,testRsp,456,[],choice-response,In time,67ef60de6de0902719c5faef,2025-04-04 00:32:30-04:00,tone1_0,6065,102,maintaskTrials
67eef64a6de0902719c5faca,default,0,36c2cbe01d9b261d61e47c9df23cb00c626171335adbd8716d71dfecf6fd4bfb,1089.289167881012,False,keypress,testRsp,197,[],choice-response,In time,67ef60de6de0902719c5faef,2025-04-04 00:32:30-04:00,add8_0,5813,103,maintaskTrials
67eef64a6de0902719c5faca,default,0,36c2cbe01d9b261d61e47c9df23cb00c626171335adbd8716d71dfecf6fd4bfb,1089.289167881012,False,keypress,testRsp,280,[],choice-response,In time,67ef60de6de0902719c5faef,2025-04-04 00:32:30-04:00,add1_60,5884,104,maintaskTrials
67eef64a6de0902719c5faca,default,0,36c2cbe01d9b261d61e47c9df23cb00c626171335adbd8716d71dfecf6fd4bfb,1089.289167881012,False,keypress,testRsp,439,[],choice-response,Out of time,67ef60de6de0902719c5faef,2025-04-04 00:32:30-04:00,addentrainer_30,6058,105,maintaskTrials
67eef64a6de0902719c5faca,default,0,36c2cbe01d9b261d61e47c9df23cb00c626171335adbd8716d71dfecf6fd4bfb,1089.289167881012,False,keypress,testRsp,361,[],choice-response,Out of time,67ef60de6de0902719c5faef,2025-04-04 00:32:30-04:00,toneentrainer_90,5980,106,maintaskTrials
67eef64a6de0902719c5faca,default,0,36c2cbe01d9b261d61e47c9df23cb00c626171335adbd8716d71dfecf6fd4bfb,1089.289167881012,False,keypress,testRsp,356,[],choice-response,In time,67ef60de6de0902719c5faef,2025-04-04 00:32:30-04:00,tone1_90,5964,107,maintaskTrials
67eef64a6de0902719c5faca,default,0,36c2cbe01d9b261d61e47c9df23cb00c626171335adbd8716d71dfecf6fd4bfb,1089.289167881012,False,keypress,testRsp,340,[],choice-response,In time,67ef60de6de0902719c5faef,2025-04-04 00:32:30-04:00,tone8_60,5946,108,maintaskTrials
67eef64a6de0902719c5faca,default,0,36c2cbe01d9b261d61e47c9df23cb00c626171335adbd8716d71dfecf6fd4bfb,1089.289167881012,False,keypress,testRsp,5247,[],choice-response,Out of time,67ef60de6de0902719c5faef,2025-04-04 00:32:30-04:00,add8_30,10872,109,maintaskTrials
67eef64a6de0902719c5faca,default,0,36c2cbe01d9b261d61e47c9df23cb00c626171335adbd8716d71dfecf6fd4bfb,1089.289167881012,False,keypress,testRsp,333,[],choice-response,Out of time,67ef60de6de0902719c5faef,2025-04-04 00:32:30-04:00,add1_30,5939,110,maintaskTrials
67eef64a6de0902719c5faca,default,0,36c2cbe01d9b261d61e47c9df23cb00c626171335adbd8716d71dfecf6fd4bfb,1089.289167881012,False,keypress,testRsp,521,[],choice-response,In time,67ef60de6de0902719c5faef,2025-04-04 00:32:30-04:00,tone8_0,6131,111,maintaskTrials
67eef64a6de0902719c5faca,default,0,36c2cbe01d9b261d61e47c9df23cb00c626171335adbd8716d71dfecf6fd4bfb,1089.289167881012,False,keypress,testRsp,381,[],choice-response,Out of time,67ef60de6de0902719c5faef,2025-04-04 00:32:30-04:00,toneentrainer_0,5997,112,maintaskTrials
67eef64a6de0902719c5faca,default,0,36c2cbe01d9b261d61e47c9df23cb00c626171335adbd8716d71dfecf6fd4bfb,1089.289167881012,False,keypress,testRsp,2535,[],choice-response,Out of time,67ef60de6de0902719c5faef,2025-04-04 00:32:30-04:00,add1_120,8144,113,maintaskTrials
67eef64a6de0902719c5faca,default,0,36c2cbe01d9b261d61e47c9df23cb00c626171335adbd8716d71dfecf6fd4bfb,1089.289167881012,False,keypress,testRsp,320,[],choice-response,Out of time,67ef60de6de0902719c5faef,2025-04-04 00:32:30-04:00,add8_90,5938,114,maintaskTrials
67eef64a6de0902719c5faca,default,0,36c2cbe01d9b261d61e47c9df23cb00c626171335adbd8716d71dfecf6fd4bfb,1089.289167881012,False,keypress,testRsp,518,[],choice-response,Out of time,67ef60de6de0902719c5faef,2025-04-04 00:32:30-04:00,tone1_120,6120,115,maintaskTrials
67eef64a6de0902719c5faca,default,0,36c2cbe01d9b261d61e47c9df23cb00c626171335adbd8716d71dfecf6fd4bfb,1089.289167881012,False,keypress,testRsp,403,[],choice-response,In time,67ef60de6de0902719c5faef,2025-04-04 00:32:30-04:00,add8_60,6011,116,maintaskTrials
67eef64a6de0902719c5faca,default,0,36c2cbe01d9b261d61e47c9df23cb00c626171335adbd8716d71dfecf6fd4bfb,1089.289167881012,False,keypress,testRsp,464,[],choice-response,In time,67ef60de6de0902719c5faef,2025-04-04 00:32:30-04:00,tone8_30,6090,117,maintaskTrials
67eef64a6de0902719c5faca,default,0,36c2cbe01d9b261d61e47c9df23cb00c626171335adbd8716d71dfecf6fd4bfb,1089.289167881012,False,keypress,testRsp,356,[],choice-response,Out of time,67ef60de6de0902719c5faef,2025-04-04 00:32:30-04:00,tone8_120,5963,118,maintaskTrials
67eef64a6de0902719c5faca,default,0,36c2cbe01d9b261d61e47c9df23cb00c626171335adbd8716d71dfecf6fd4bfb,1089.289167881012,False,keypress,testRsp,226,[],choice-response,In time,67ef60de6de0902719c5faef,2025-04-04 00:32:30-04:00,tone1_30,5844,119,maintaskTrials
67eef64a6de0902719c5faca,default,0,36c2cbe01d9b261d61e47c9df23cb00c626171335adbd8716d71dfecf6fd4bfb,1089.289167881012,False,keypress,testRsp,2260,[],choice-response,Out of time,67ef60de6de0902719c5faef,2025-04-04 00:32:30-04:00,add1_0,7870,120,maintaskTrials
67eef64a6de0902719c5faca,default,0,36c2cbe01d9b261d61e47c9df23cb00c626171335adbd8716d71dfecf6fd4bfb,1089.289167881012,False,keypress,testRsp,396,[],choice-response,Out of time,67ef60de6de0902719c5faef,2025-04-04 00:32:30-04:00,addentrainer_120,6013,121,maintaskTrials
67eef64a6de0902719c5faca,default,0,36c2cbe01d9b261d61e47c9df23cb00c626171335adbd8716d71dfecf6fd4bfb,1089.289167881012,False,keypress,testRsp,288,[],choice-response,Out of time,67ef60de6de0902719c5faef,2025-04-04 00:32:30-04:00,toneentrainer_60,5904,122,maintaskTrials
67eef64a6de0902719c5faca,default,0,36c2cbe01d9b261d61e47c9df23cb00c626171335adbd8716d71dfecf6fd4bfb,1089.289167881012,False,keypress,testRsp,428,[],choice-response,Out of time,67ef60de6de0902719c5faef,2025-04-04 00:32:30-04:00,tone8_90,6038,123,maintaskTrials
67eef64a6de0902719c5faca,default,0,36c2cbe01d9b261d61e47c9df23cb00c626171335adbd8716d71dfecf6fd4bfb,1089.289167881012,False,keypress,testRsp,334,[],choice-response,Out of time,67ef60de6de0902719c5faef,2025-04-04 00:32:30-04:00,addentrainer_90,5945,124,maintaskTrials
67eef64a6de0902719c5faca,default,0,36c2cbe01d9b261d61e47c9df23cb00c626171335adbd8716d71dfecf6fd4bfb,1089.289167881012,False,keypress,testRsp,3728,[],choice-response,Out of time,67ef60de6de0902719c5faef,2025-04-04 00:32:30-04:00,add1_90,9347,125,maintaskTrials
67eef64a6de0902719c5faca,default,0,36c2cbe01d9b261d61e47c9df23cb00c626171335adbd8716d71dfecf6fd4bfb,1089.289167881012,False,keypress,testRsp,1293,[],choice-response,In time,67ef60de6de0902719c5faef,2025-04-04 00:32:30-04:00,tone1_60,6914,126,maintaskTrials
67eef64a6de0902719c5faca,default,0,36c2cbe01d9b261d61e47c9df23cb00c626171335adbd8716d71dfecf6fd4bfb,1089.289167881012,False,keypress,testRsp,279,[],choice-response,In time,67ef60de6de0902719c5faef,2025-04-04 00:32:30-04:00,toneentrainer_0,5882,127,maintaskTrials
67eef64a6de0902719c5faca,default,0,36c2cbe01d9b261d61e47c9df23cb00c626171335adbd8716d71dfecf6fd4bfb,1089.289167881012,False,keypress,testRsp,155,[],choice-response,Out of time,67ef60de6de0902719c5faef,2025-04-04 00:32:30-04:00,toneentrainer_30,5768,128,maintaskTrials
67eef64a6de0902719c5faca,default,0,36c2cbe01d9b261d61e47c9df23cb00c626171335adbd8716d71dfecf6fd4bfb,1089.289167881012,False,keypress,testRsp,365,[],choice-response,Out of time,67ef60de6de0902719c5faef,2025-04-04 00:32:30-04:00,addentrainer_0,5970,129,maintaskTrials
67eef64a6de0902719c5faca,default,0,36c2cbe01d9b261d61e47c9df23cb00c626171335adbd8716d71dfecf6fd4bfb,1089.289167881012,False,keypress,testRsp,2244,[],choice-response,In time,67ef60de6de0902719c5faef,2025-04-04 00:32:30-04:00,add1_0,7855,130,maintaskTrials
67eef64a6de0902719c5faca,default,0,36c2cbe01d9b261d61e47c9df23cb00c626171335adbd8716d71dfecf6fd4bfb,1089.289167881012,False,keypress,testRsp,334,[],choice-response,Out of time,67ef60de6de0902719c5faef,2025-04-04 00:32:30-04:00,add8_60,5933,131,maintaskTrials
67eef64a6de0902719c5faca,default,0,36c2cbe01d9b261d61e47c9df23cb00c626171335adbd8716d71dfecf6fd4bfb,1089.289167881012,False,keypress,testRsp,1924,[],choice-response,In time,67ef60de6de0902719c5faef,2025-04-04 00:32:30-04:00,tone1_30,7529,132,maintaskTrials
67eef64a6de0902719c5faca,default,0,36c2cbe01d9b261d61e47c9df23cb00c626171335adbd8716d71dfecf6fd4bfb,1089.289167881012,False,keypress,testRsp,209,[],choice-response,Out of time,67ef60de6de0902719c5faef,2025-04-04 00:32:30-04:00,tone1_120,5816,133,maintaskTrials
67eef64a6de0902719c5faca,default,0,36c2cbe01d9b261d61e47c9df23cb00c626171335adbd8716d71dfecf6fd4bfb,1089.289167881012,False,keypress,testRsp,362,[],choice-response,Out of time,67ef60de6de0902719c5faef,2025-04-04 00:32:30-04:00,tone8_90,5981,134,maintaskTrials
67eef64a6de0902719c5faca,default,0,36c2cbe01d9b261d61e47c9df23cb00c626171335adbd8716d71dfecf6fd4bfb,1089.289167881012,False,keypress,testRsp,327,[],choice-response,Out of time,67ef60de6de0902719c5faef,2025-04-04 00:32:30-04:00,addentrainer_120,5948,135,maintaskTrials
67eef64a6de0902719c5faca,default,0,36c2cbe01d9b261d61e47c9df23cb00c626171335adbd8716d71dfecf6fd4bfb,1089.289167881012,False,keypress,testRsp,372,[],choice-response,In time,67ef60de6de0902719c5faef,2025-04-04 00:32:30-04:00,tone8_60,5980,136,maintaskTrials
67eef64a6de0902719c5faca,default,0,36c2cbe01d9b261d61e47c9df23cb00c626171335adbd8716d71dfecf6fd4bfb,1089.289167881012,False,keypress,testRsp,366,[],choice-response,Out of time,67ef60de6de0902719c5faef,2025-04-04 00:32:30-04:00,add1_90,5990,137,maintaskTrials
67eef64a6de0902719c5faca,default,0,36c2cbe01d9b261d61e47c9df23cb00c626171335adbd8716d71dfecf6fd4bfb,1089.289167881012,False,keypress,testRsp,1086,[],choice-response,Out of time,67ef60de6de0902719c5faef,2025-04-04 00:32:30-04:00,add8_120,6696,138,maintaskTrials
67eef64a6de0902719c5faca,default,0,36c2cbe01d9b261d61e47c9df23cb00c626171335adbd8716d71dfecf6fd4bfb,1089.289167881012,False,keypress,testRsp,301,[],choice-response,In time,67ef60de6de0902719c5faef,2025-04-04 00:32:30-04:00,tone1_60,5912,139,maintaskTrials
67eef64a6de0902719c5faca,default,0,36c2cbe01d9b261d61e47c9df23cb00c626171335adbd8716d71dfecf6fd4bfb,1089.289167881012,False,keypress,testRsp,194,[],choice-response,Out of time,67ef60de6de0902719c5faef,2025-04-04 00:32:30-04:00,add8_90,5810,140,maintaskTrials
67eef64a6de0902719c5faca,default,0,36c2cbe01d9b261d61e47c9df23cb00c626171335adbd8716d71dfecf6fd4bfb,1089.289167881012,False,keypress,testRsp,290,[],choice-response,In time,67ef60de6de0902719c5faef,2025-04-04 00:32:30-04:00,toneentrainer_60,5902,141,maintaskTrials
67eef64a6de0902719c5faca,default,0,36c2cbe01d9b261d61e47c9df23cb00c626171335adbd8716d71dfecf6fd4bfb,1089.289167881012,False,keypress,testRsp,353,[],choice-response,In time,67ef60de6de0902719c5faef,2025-04-04 00:32:30-04:00,add1_30,5973,142,maintaskTrials
67eef64a6de0902719c5faca,default,0,36c2cbe01d9b261d61e47c9df23cb00c626171335adbd8716d71dfecf6fd4bfb,1089.289167881012,False,keypress,testRsp,254,[],choice-response,Out of time,67ef60de6de0902719c5faef,2025-04-04 00:32:30-04:00,add1_120,5861,143,maintaskTrials
67eef64a6de0902719c5faca,default,0,36c2cbe01d9b261d61e47c9df23cb00c626171335adbd8716d71dfecf6fd4bfb,1089.289167881012,False,keypress,testRsp,8480,[],choice-response,Out of time,67ef60de6de0902719c5faef,2025-04-04 00:32:30-04:00,add8_0,14089,144,maintaskTrials
67eef64a6de0902719c5faca,default,0,36c2cbe01d9b261d61e47c9df23cb00c626171335adbd8716d71dfecf6fd4bfb,1089.289167881012,False,keypress,testRsp,366,[],choice-response,Out of time,67ef60de6de0902719c5faef,2025-04-04 00:32:30-04:00,add1_60,5972,145,maintaskTrials
67eef64a6de0902719c5faca,default,0,36c2cbe01d9b261d61e47c9df23cb00c626171335adbd8716d71dfecf6fd4bfb,1089.289167881012,False,keypress,testRsp,410,[],choice-response,Out of time,67ef60de6de0902719c5faef,2025-04-04 00:32:30-04:00,toneentrainer_120,6036,146,maintaskTrials
67eef64a6de0902719c5faca,default,0,36c2cbe01d9b261d61e47c9df23cb00c626171335adbd8716d71dfecf6fd4bfb,1089.289167881012,False,keypress,testRsp,376,[],choice-response,In time,67ef60de6de0902719c5faef,2025-04-04 00:32:30-04:00,tone1_90,5981,147,maintaskTrials
67eef64a6de0902719c5faca,default,0,36c2cbe01d9b261d61e47c9df23cb00c626171335adbd8716d71dfecf6fd4bfb,1089.289167881012,False,keypress,testRsp,2382,[],choice-response,In time,67ef60de6de0902719c5faef,2025-04-04 00:32:30-04:00,tone1_0,7985,148,maintaskTrials
67eef64a6de0902719c5faca,default,0,36c2cbe01d9b261d61e47c9df23cb00c626171335adbd8716d71dfecf6fd4bfb,1089.289167881012,False,keypress,testRsp,560,[],choice-response,In time,67ef60de6de0902719c5faef,2025-04-04 00:32:30-04:00,tone8_30,6183,149,maintaskTrials
67eef64a6de0902719c5faca,default,0,36c2cbe01d9b261d61e47c9df23cb00c626171335adbd8716d71dfecf6fd4bfb,1089.289167881012,False,keypress,testRsp,280,[],choice-response,Out of time,67ef60de6de0902719c5faef,2025-04-04 00:32:30-04:00,addentrainer_30,5903,150,maintaskTrials
67eef64a6de0902719c5faca,default,0,36c2cbe01d9b261d61e47c9df23cb00c626171335adbd8716d71dfecf6fd4bfb,1089.289167881012,False,keypress,testRsp,286,[],choice-response,Out of time,67ef60de6de0902719c5faef,2025-04-04 00:32:30-04:00,toneentrainer_90,5905,151,maintaskTrials
67eef64a6de0902719c5faca,default,0,36c2cbe01d9b261d61e47c9df23cb00c626171335adbd8716d71dfecf6fd4bfb,1089.289167881012,False,keypress,testRsp,752,[],choice-response,In time,67ef60de6de0902719c5faef,2025-04-04 00:32:30-04:00,tone8_0,6359,152,maintaskTrials
67eef64a6de0902719c5faca,default,0,36c2cbe01d9b261d61e47c9df23cb00c626171335adbd8716d71dfecf6fd4bfb,1089.289167881012,False,keypress,testRsp,251,[],choice-response,Out of time,67ef60de6de0902719c5faef,2025-04-04 00:32:30-04:00,addentrainer_90,5870,153,maintaskTrials
67eef64a6de0902719c5faca,default,0,36c2cbe01d9b261d61e47c9df23cb00c626171335adbd8716d71dfecf6fd4bfb,1089.289167881012,False,keypress,testRsp,231,[],choice-response,In time,67ef60de6de0902719c5faef,2025-04-04 00:32:30-04:00,addentrainer_60,5843,154,maintaskTrials
67eef64a6de0902719c5faca,default,0,36c2cbe01d9b261d61e47c9df23cb00c626171335adbd8716d71dfecf6fd4bfb,1089.289167881012,False,keypress,testRsp,2319,[],choice-response,Out of time,67ef60de6de0902719c5faef,2025-04-04 00:32:30-04:00,add8_30,7926,155,maintaskTrials
67eef64a6de0902719c5faca,default,0,36c2cbe01d9b261d61e47c9df23cb00c626171335adbd8716d71dfecf6fd4bfb,1089.289167881012,False,keypress,testRsp,574,[],choice-response,Out of time,67ef60de6de0902719c5faef,2025-04-04 00:32:30-04:00,tone8_120,6193,156,maintaskTrials
67eef64a6de0902719c5faca,default,0,b6b41e4807101a8efc22ef754ea277e12f6cad5c7a9ae29dada23b7f6e003608,1290.3253681659698,False,click,exampleRsp_lab,2480,['Out of time'],choice-response,In time,67ef60de6de0902719c5faef,2025-04-04 00:32:30-04:00,add1_120,12537,1,example_add
67eef64a6de0902719c5faca,default,0,b6b41e4807101a8efc22ef754ea277e12f6cad5c7a9ae29dada23b7f6e003608,1290.3253681659698,False,click,exampleRsp_lab,4002,['Out of time'],choice-response,In time,67ef60de6de0902719c5faef,2025-04-04 00:32:30-04:00,add1_120,12485,2,example_add
67eef64a6de0902719c5faca,default,0,b6b41e4807101a8efc22ef754ea277e12f6cad5c7a9ae29dada23b7f6e003608,1290.3253681659698,True,click,exampleRsp_lab,1385,['Out of time'],choice-response,Out of time,67ef60de6de0902719c5faef,2025-04-04 00:32:30-04:00,add8_120,10351,3,example_add
67eef64a6de0902719c5faca,default,0,b6b41e4807101a8efc22ef754ea277e12f6cad5c7a9ae29dada23b7f6e003608,1290.3253681659698,True,click,exampleRsp_tone,1217,['Out of time'],choice-response,Out of time,67ef60de6de0902719c5faef,2025-04-04 00:32:30-04:00,tone8_120,10698,4,example_tone
67eef64a6de0902719c5faca,default,0,b6b41e4807101a8efc22ef754ea277e12f6cad5c7a9ae29dada23b7f6e003608,1290.3253681659698,True,click,exampleRsp_tone,812,['Out of time'],choice-response,Out of time,67ef60de6de0902719c5faef,2025-04-04 00:32:30-04:00,tone1_120,9716,5,example_tone
67eef64a6de0902719c5faca,default,0,b6b41e4807101a8efc22ef754ea277e12f6cad5c7a9ae29dada23b7f6e003608,1290.3253681659698,True,click,exampleRsp_lab,1057,['Out of time'],choice-response,Out of time,67ef60de6de0902719c5faef,2025-04-04 00:32:30-04:00,add8_120,9486,6,example_add
67eef64a6de0902719c5faca,default,0,b6b41e4807101a8efc22ef754ea277e12f6cad5c7a9ae29dada23b7f6e003608,1290.3253681659698,False,click,testRsp,1145,[],choice-response,Out of time,67ef60de6de0902719c5faef,2025-04-04 00:32:30-04:00,addentrainer_0,7905,7,maintaskTrials
67eef64a6de0902719c5faca,default,0,b6b41e4807101a8efc22ef754ea277e12f6cad5c7a9ae29dada23b7f6e003608,1290.3253681659698,False,click,testRsp,1782,[],choice-response,In time,67ef60de6de0902719c5faef,2025-04-04 00:32:30-04:00,addentrainer_30,8629,8,maintaskTrials
67eef64a6de0902719c5faca,default,0,b6b41e4807101a8efc22ef754ea277e12f6cad5c7a9ae29dada23b7f6e003608,1290.3253681659698,False,click,testRsp,3163,[],choice-response,Out of time,67ef60de6de0902719c5faef,2025-04-04 00:32:30-04:00,add8_0,9863,9,maintaskTrials
67eef64a6de0902719c5faca,default,0,b6b41e4807101a8efc22ef754ea277e12f6cad5c7a9ae29dada23b7f6e003608,1290.3253681659698,False,click,testRsp,1690,[],choice-response,In time,67ef60de6de0902719c5faef,2025-04-04 00:32:30-04:00,add1_120,7658,10,maintaskTrials
67eef64a6de0902719c5faca,default,0,b6b41e4807101a8efc22ef754ea277e12f6cad5c7a9ae29dada23b7f6e003608,1290.3253681659698,False,click,testRsp,4595,[],choice-response,Out of time,67ef60de6de0902719c5faef,2025-04-04 00:32:30-04:00,tone1_0,11047,11,maintaskTrials
67eef64a6de0902719c5faca,default,0,b6b41e4807101a8efc22ef754ea277e12f6cad5c7a9ae29dada23b7f6e003608,1290.3253681659698,False,click,testRsp,717,[],choice-response,In time,67ef60de6de0902719c5faef,2025-04-04 00:32:30-04:00,toneentrainer_30,7146,12,maintaskTrials
67eef64a6de0902719c5faca,default,0,b6b41e4807101a8efc22ef754ea277e12f6cad5c7a9ae29dada23b7f6e003608,1290.3253681659698,False,click,testRsp,776,[],choice-response,Out of time,67ef60de6de0902719c5faef,2025-04-04 00:32:30-04:00,tone1_120,6562,13,maintaskTrials
67eef64a6de0902719c5faca,default,0,b6b41e4807101a8efc22ef754ea277e12f6cad5c7a9ae29dada23b7f6e003608,1290.3253681659698,False,click,testRsp,920,[],choice-response,Out of time,67ef60de6de0902719c5faef,2025-04-04 00:32:30-04:00,tone8_120,6707,14,maintaskTrials
67eef64a6de0902719c5faca,default,0,b6b41e4807101a8efc22ef754ea277e12f6cad5c7a9ae29dada23b7f6e003608,1290.3253681659698,False,click,testRsp,3151,[],choice-response,In time,67ef60de6de0902719c5faef,2025-04-04 00:32:30-04:00,add8_30,9483,15,maintaskTrials
67eef64a6de0902719c5faca,default,0,b6b41e4807101a8efc22ef754ea277e12f6cad5c7a9ae29dada23b7f6e003608,1290.3253681659698,False,click,testRsp,1403,[],choice-response,Out of time,67ef60de6de0902719c5faef,2025-04-04 00:32:30-04:00,tone8_90,8010,16,maintaskTrials
67eef64a6de0902719c5faca,default,0,b6b41e4807101a8efc22ef754ea277e12f6cad5c7a9ae29dada23b7f6e003608,1290.3253681659698,False,click,testRsp,1964,[],choice-response,Out of time,67ef60de6de0902719c5faef,2025-04-04 00:32:30-04:00,toneentrainer_90,8694,17,maintaskTrials
67eef64a6de0902719c5faca,default,0,b6b41e4807101a8efc22ef754ea277e12f6cad5c7a9ae29dada23b7f6e003608,1290.3253681659698,False,click,testRsp,1257,[],choice-response,Out of time,67ef60de6de0902719c5faef,2025-04-04 00:32:30-04:00,tone8_30,8358,18,maintaskTrials
67eef64a6de0902719c5faca,default,0,b6b41e4807101a8efc22ef754ea277e12f6cad5c7a9ae29dada23b7f6e003608,1290.3253681659698,False,click,testRsp,1360,[],choice-response,In time,67ef60de6de0902719c5faef,2025-04-04 00:32:30-04:00,add1_60,7996,19,maintaskTrials
67eef64a6de0902719c5faca,default,0,b6b41e4807101a8efc22ef754ea277e12f6cad5c7a9ae29dada23b7f6e003608,1290.3253681659698,False,click,testRsp,2208,[],choice-response,Out of time,67ef60de6de0902719c5faef,2025-04-04 00:32:30-04:00,toneentrainer_0,8743,20,maintaskTrials
67eef64a6de0902719c5faca,default,0,b6b41e4807101a8efc22ef754ea277e12f6cad5c7a9ae29dada23b7f6e003608,1290.3253681659698,False,click,testRsp,1251,[],choice-response,Out of time,67ef60de6de0902719c5faef,2025-04-04 00:32:30-04:00,tone1_60,7713,21,maintaskTrials
67eef64a6de0902719c5faca,default,0,b6b41e4807101a8efc22ef754ea277e12f6cad5c7a9ae29dada23b7f6e003608,1290.3253681659698,False,click,testRsp,812,[],choice-response,Out of time,67ef60de6de0902719c5faef,2025-04-04 00:32:30-04:00,toneentrainer_120,7430,22,maintaskTrials
67eef64a6de0902719c5faca,default,0,b6b41e4807101a8efc22ef754ea277e12f6cad5c7a9ae29dada23b7f6e003608,1290.3253681659698,False,click,testRsp,598,[],choice-response,Out of time,67ef60de6de0902719c5faef,2025-04-04 00:32:30-04:00,tone1_90,7013,23,maintaskTrials
67eef64a6de0902719c5faca,default,0,b6b41e4807101a8efc22ef754ea277e12f6cad5c7a9ae29dada23b7f6e003608,1290.3253681659698,False,click,testRsp,2758,[],choice-response,In time,67ef60de6de0902719c5faef,2025-04-04 00:32:30-04:00,add1_90,8945,24,maintaskTrials
67eef64a6de0902719c5faca,default,0,b6b41e4807101a8efc22ef754ea277e12f6cad5c7a9ae29dada23b7f6e003608,1290.3253681659698,False,click,testRsp,2930,[],choice-response,In time,67ef60de6de0902719c5faef,2025-04-04 00:32:30-04:00,tone8_60,9256,25,maintaskTrials
67eef64a6de0902719c5faca,default,0,b6b41e4807101a8efc22ef754ea277e12f6cad5c7a9ae29dada23b7f6e003608,1290.3253681659698,False,click,testRsp,1622,[],choice-response,Out of time,67ef60de6de0902719c5faef,2025-04-04 00:32:30-04:00,add8_120,7845,26,maintaskTrials
67eef64a6de0902719c5faca,default,0,b6b41e4807101a8efc22ef754ea277e12f6cad5c7a9ae29dada23b7f6e003608,1290.3253681659698,False,click,testRsp,1682,[],choice-response,In time,67ef60de6de0902719c5faef,2025-04-04 00:32:30-04:00,tone1_30,8342,27,maintaskTrials
67eef64a6de0902719c5faca,default,0,b6b41e4807101a8efc22ef754ea277e12f6cad5c7a9ae29dada23b7f6e003608,1290.3253681659698,False,click,testRsp,1053,[],choice-response,Out of time,67ef60de6de0902719c5faef,2025-04-04 00:32:30-04:00,toneentrainer_60,7467,28,maintaskTrials
67eef64a6de0902719c5faca,default,0,b6b41e4807101a8efc22ef754ea277e12f6cad5c7a9ae29dada23b7f6e003608,1290.3253681659698,False,click,testRsp,851,[],choice-response,In time,67ef60de6de0902719c5faef,2025-04-04 00:32:30-04:00,tone8_0,7040,29,maintaskTrials
67eef64a6de0902719c5faca,default,0,b6b41e4807101a8efc22ef754ea277e12f6cad5c7a9ae29dada23b7f6e003608,1290.3253681659698,False,click,testRsp,1593,[],choice-response,Out of time,67ef60de6de0902719c5faef,2025-04-04 00:32:30-04:00,addentrainer_120,8082,30,maintaskTrials
67eef64a6de0902719c5faca,default,0,b6b41e4807101a8efc22ef754ea277e12f6cad5c7a9ae29dada23b7f6e003608,1290.3253681659698,False,click,testRsp,1865,[],choice-response,Out of time,67ef60de6de0902719c5faef,2025-04-04 00:32:30-04:00,addentrainer_60,8291,31,maintaskTrials
67eef64a6de0902719c5faca,default,0,b6b41e4807101a8efc22ef754ea277e12f6cad5c7a9ae29dada23b7f6e003608,1290.3253681659698,False,click,testRsp,1389,[],choice-response,Out of time,67ef60de6de0902719c5faef,2025-04-04 00:32:30-04:00,add8_90,7842,32,maintaskTrials
67eef64a6de0902719c5faca,default,0,b6b41e4807101a8efc22ef754ea277e12f6cad5c7a9ae29dada23b7f6e003608,1290.3253681659698,False,click,testRsp,6112,[],choice-response,Out of time,67ef60de6de0902719c5faef,2025-04-04 00:32:30-04:00,add1_30,12594,33,maintaskTrials
67eef64a6de0902719c5faca,default,0,b6b41e4807101a8efc22ef754ea277e12f6cad5c7a9ae29dada23b7f6e003608,1290.3253681659698,False,click,testRsp,773,[],choice-response,In time,67ef60de6de0902719c5faef,2025-04-04 00:32:30-04:00,add1_0,7345,34,maintaskTrials
67eef64a6de0902719c5faca,default,0,b6b41e4807101a8efc22ef754ea277e12f6cad5c7a9ae29dada23b7f6e003608,1290.3253681659698,False,click,testRsp,1413,[],choice-response,In time,67ef60de6de0902719c5faef,2025-04-04 00:32:30-04:00,add8_60,7496,35,maintaskTrials
67eef64a6de0902719c5faca,default,0,b6b41e4807101a8efc22ef754ea277e12f6cad5c7a9ae29dada23b7f6e003608,1290.3253681659698,False,click,testRsp,1378,[],choice-response,Out of time,67ef60de6de0902719c5faef,2025-04-04 00:32:30-04:00,addentrainer_90,7813,36,maintaskTrials
67eef64a6de0902719c5faca,default,0,b6b41e4807101a8efc22ef754ea277e12f6cad5c7a9ae29dada23b7f6e003608,1290.3253681659698,False,click,testRsp,757,[],choice-response,Out of time,67ef60de6de0902719c5faef,2025-04-04 00:32:30-04:00,add1_30,6561,37,maintaskTrials
67eef64a6de0902719c5faca,default,0,b6b41e4807101a8efc22ef754ea277e12f6cad5c7a9ae29dada23b7f6e003608,1290.3253681659698,False,click,testRsp,860,[],choice-response,Out of time,67ef60de6de0902719c5faef,2025-04-04 00:32:30-04:00,addentrainer_0,6630,38,maintaskTrials
67eef64a6de0902719c5faca,default,0,b6b41e4807101a8efc22ef754ea277e12f6cad5c7a9ae29dada23b7f6e003608,1290.3253681659698,False,click,testRsp,1584,[],choice-response,In time,67ef60de6de0902719c5faef,2025-04-04 00:32:30-04:00,tone8_0,7694,39,maintaskTrials
67eef64a6de0902719c5faca,default,0,b6b41e4807101a8efc22ef754ea277e12f6cad5c7a9ae29dada23b7f6e003608,1290.3253681659698,False,click,testRsp,1159,[],choice-response,Out of time,67ef60de6de0902719c5faef,2025-04-04 00:32:30-04:00,add8_30,7457,40,maintaskTrials
67eef64a6de0902719c5faca,default,0,b6b41e4807101a8efc22ef754ea277e12f6cad5c7a9ae29dada23b7f6e003608,1290.3253681659698,False,click,testRsp,2170,[],choice-response,Out of time,67ef60de6de0902719c5faef,2025-04-04 00:32:30-04:00,tone1_30,7974,41,maintaskTrials
67eef64a6de0902719c5faca,default,0,b6b41e4807101a8efc22ef754ea277e12f6cad5c7a9ae29dada23b7f6e003608,1290.3253681659698,False,click,testRsp,2034,[],choice-response,Out of time,67ef60de6de0902719c5faef,2025-04-04 00:32:30-04:00,tone1_120,8159,42,maintaskTrials
67eef64a6de0902719c5faca,default,0,b6b41e4807101a8efc22ef754ea277e12f6cad5c7a9ae29dada23b7f6e003608,1290.3253681659698,False,click,testRsp,1450,[],choice-response,Out of time,67ef60de6de0902719c5faef,2025-04-04 00:32:30-04:00,add8_90,7603,43,maintaskTrials
67eef64a6de0902719c5faca,default,0,b6b41e4807101a8efc22ef754ea277e12f6cad5c7a9ae29dada23b7f6e003608,1290.3253681659698,False,click,testRsp,1187,[],choice-response,Out of time,67ef60de6de0902719c5faef,2025-04-04 00:32:30-04:00,tone8_90,7008,44,maintaskTrials
67eef64a6de0902719c5faca,default,0,b6b41e4807101a8efc22ef754ea277e12f6cad5c7a9ae29dada23b7f6e003608,1290.3253681659698,False,click,testRsp,1241,[],choice-response,In time,67ef60de6de0902719c5faef,2025-04-04 00:32:30-04:00,add8_60,7264,45,maintaskTrials
67eef64a6de0902719c5faca,default,0,b6b41e4807101a8efc22ef754ea277e12f6cad5c7a9ae29dada23b7f6e003608,1290.3253681659698,False,click,testRsp,1762,[],choice-response,In time,67ef60de6de0902719c5faef,2025-04-04 00:32:30-04:00,addentrainer_30,7573,46,maintaskTrials
67eef64a6de0902719c5faca,default,0,b6b41e4807101a8efc22ef754ea277e12f6cad5c7a9ae29dada23b7f6e003608,1290.3253681659698,False,click,testRsp,856,[],choice-response,Out of time,67ef60de6de0902719c5faef,2025-04-04 00:32:30-04:00,addentrainer_90,7012,47,maintaskTrials
67eef64a6de0902719c5faca,default,0,b6b41e4807101a8efc22ef754ea277e12f6cad5c7a9ae29dada23b7f6e003608,1290.3253681659698,False,click,testRsp,3012,[],choice-response,Out of time,67ef60de6de0902719c5faef,2025-04-04 00:32:30-04:00,add1_120,8830,48,maintaskTrials
67eef64a6de0902719c5faca,default,0,b6b41e4807101a8efc22ef754ea277e12f6cad5c7a9ae29dada23b7f6e003608,1290.3253681659698,False,click,testRsp,636,[],choice-response,Out of time,67ef60de6de0902719c5faef,2025-04-04 00:32:30-04:00,addentrainer_60,6562,49,maintaskTrials
67eef64a6de0902719c5faca,default,0,b6b41e4807101a8efc22ef754ea277e12f6cad5c7a9ae29dada23b7f6e003608,1290.3253681659698,False,click,testRsp,852,[],choice-response,Out of time,67ef60de6de0902719c5faef,2025-04-04 00:32:30-04:00,tone8_120,6694,50,maintaskTrials
67eef64a6de0902719c5faca,default,0,b6b41e4807101a8efc22ef754ea277e12f6cad5c7a9ae29dada23b7f6e003608,1290.3253681659698,False,click,testRsp,1533,[],choice-response,In time,67ef60de6de0902719c5faef,2025-04-04 00:32:30-04:00,tone1_0,7580,51,maintaskTrials
67eef64a6de0902719c5faca,default,0,b6b41e4807101a8efc22ef754ea277e12f6cad5c7a9ae29dada23b7f6e003608,1290.3253681659698,False,click,testRsp,622,[],choice-response,Out of time,67ef60de6de0902719c5faef,2025-04-04 00:32:30-04:00,add1_90,6966,52,maintaskTrials
67eef64a6de0902719c5faca,default,0,b6b41e4807101a8efc22ef754ea277e12f6cad5c7a9ae29dada23b7f6e003608,1290.3253681659698,False,click,testRsp,1330,[],choice-response,In time,67ef60de6de0902719c5faef,2025-04-04 00:32:30-04:00,add8_120,7146,53,maintaskTrials
67eef64a6de0902719c5faca,default,0,b6b41e4807101a8efc22ef754ea277e12f6cad5c7a9ae29dada23b7f6e003608,1290.3253681659698,False,click,testRsp,1137,[],choice-response,In time,67ef60de6de0902719c5faef,2025-04-04 00:32:30-04:00,add1_60,7163,54,maintaskTrials
67eef64a6de0902719c5faca,default,0,b6b41e4807101a8efc22ef754ea277e12f6cad5c7a9ae29dada23b7f6e003608,1290.3253681659698,False,click,testRsp,752,[],choice-response,In time,67ef60de6de0902719c5faef,2025-04-04 00:32:30-04:00,tone8_30,6545,55,maintaskTrials
67eef64a6de0902719c5faca,default,0,b6b41e4807101a8efc22ef754ea277e12f6cad5c7a9ae29dada23b7f6e003608,1290.3253681659698,False,click,testRsp,806,[],choice-response,Out of time,67ef60de6de0902719c5faef,2025-04-04 00:32:30-04:00,addentrainer_120,6597,56,maintaskTrials
67eef64a6de0902719c5faca,default,0,b6b41e4807101a8efc22ef754ea277e12f6cad5c7a9ae29dada23b7f6e003608,1290.3253681659698,False,click,testRsp,1376,[],choice-response,Out of time,67ef60de6de0902719c5faef,2025-04-04 00:32:30-04:00,tone8_60,7180,57,maintaskTrials
67eef64a6de0902719c5faca,default,0,b6b41e4807101a8efc22ef754ea277e12f6cad5c7a9ae29dada23b7f6e003608,1290.3253681659698,False,click,testRsp,2517,[],choice-response,In time,67ef60de6de0902719c5faef,2025-04-04 00:32:30-04:00,tone1_60,8329,58,maintaskTrials
67eef64a6de0902719c5faca,default,0,b6b41e4807101a8efc22ef754ea277e12f6cad5c7a9ae29dada23b7f6e003608,1290.3253681659698,False,click,testRsp,3179,[],choice-response,In time,67ef60de6de0902719c5faef,2025-04-04 00:32:30-04:00,toneentrainer_30,9147,59,maintaskTrials
67eef64a6de0902719c5faca,default,0,b6b41e4807101a8efc22ef754ea277e12f6cad5c7a9ae29dada23b7f6e003608,1290.3253681659698,False,click,testRsp,11394,[],choice-response,In time,67ef60de6de0902719c5faef,2025-04-04 00:32:30-04:00,add8_0,17345,60,maintaskTrials
67eef64a6de0902719c5faca,default,0,b6b41e4807101a8efc22ef754ea277e12f6cad5c7a9ae29dada23b7f6e003608,1290.3253681659698,False,click,testRsp,553,[],choice-response,In time,67ef60de6de0902719c5faef,2025-04-04 00:32:30-04:00,add1_0,6896,61,maintaskTrials
67eef64a6de0902719c5faca,default,0,b6b41e4807101a8efc22ef754ea277e12f6cad5c7a9ae29dada23b7f6e003608,1290.3253681659698,False,click,testRsp,900,[],choice-response,Out of time,67ef60de6de0902719c5faef,2025-04-04 00:32:30-04:00,tone1_90,6715,62,maintaskTrials
67eef64a6de0902719c5faca,default,0,b6b41e4807101a8efc22ef754ea277e12f6cad5c7a9ae29dada23b7f6e003608,1290.3253681659698,False,click,testRsp,756,[],choice-response,Out of time,67ef60de6de0902719c5faef,2025-04-04 00:32:30-04:00,toneentrainer_60,6579,63,maintaskTrials
67eef64a6de0902719c5faca,default,0,b6b41e4807101a8efc22ef754ea277e12f6cad5c7a9ae29dada23b7f6e003608,1290.3253681659698,False,click,testRsp,451,[],choice-response,Out of time,67ef60de6de0902719c5faef,2025-04-04 00:32:30-04:00,toneentrainer_90,6232,64,maintaskTrials
67eef64a6de0902719c5faca,default,0,b6b41e4807101a8efc22ef754ea277e12f6cad5c7a9ae29dada23b7f6e003608,1290.3253681659698,False,click,testRsp,663,[],choice-response,In time,67ef60de6de0902719c5faef,2025-04-04 00:32:30-04:00,toneentrainer_0,6478,65,maintaskTrials
67eef64a6de0902719c5faca,default,0,b6b41e4807101a8efc22ef754ea277e12f6cad5c7a9ae29dada23b7f6e003608,1290.3253681659698,False,click,testRsp,532,[],choice-response,Out of time,67ef60de6de0902719c5faef,2025-04-04 00:32:30-04:00,toneentrainer_120,6547,66,maintaskTrials
67eef64a6de0902719c5faca,default,0,b6b41e4807101a8efc22ef754ea277e12f6cad5c7a9ae29dada23b7f6e003608,1290.3253681659698,False,click,testRsp,621,[],choice-response,Out of time,67ef60de6de0902719c5faef,2025-04-04 00:32:30-04:00,toneentrainer_90,6431,67,maintaskTrials
67eef64a6de0902719c5faca,default,0,b6b41e4807101a8efc22ef754ea277e12f6cad5c7a9ae29dada23b7f6e003608,1290.3253681659698,False,click,testRsp,766,[],choice-response,Out of time,67ef60de6de0902719c5faef,2025-04-04 00:32:30-04:00,add1_90,6578,68,maintaskTrials
67eef64a6de0902719c5faca,default,0,b6b41e4807101a8efc22ef754ea277e12f6cad5c7a9ae29dada23b7f6e003608,1290.3253681659698,False,click,testRsp,1050,[],choice-response,In time,67ef60de6de0902719c5faef,2025-04-04 00:32:30-04:00,addentrainer_30,6832,69,maintaskTrials
67eef64a6de0902719c5faca,default,0,b6b41e4807101a8efc22ef754ea277e12f6cad5c7a9ae29dada23b7f6e003608,1290.3253681659698,False,click,testRsp,760,[],choice-response,Out of time,67ef60de6de0902719c5faef,2025-04-04 00:32:30-04:00,tone1_120,6546,70,maintaskTrials
67eef64a6de0902719c5faca,default,0,b6b41e4807101a8efc22ef754ea277e12f6cad5c7a9ae29dada23b7f6e003608,1290.3253681659698,False,click,testRsp,1018,[],choice-response,In time,67ef60de6de0902719c5faef,2025-04-04 00:32:30-04:00,toneentrainer_30,7087,71,maintaskTrials
67eef64a6de0902719c5faca,default,0,b6b41e4807101a8efc22ef754ea277e12f6cad5c7a9ae29dada23b7f6e003608,1290.3253681659698,False,click,testRsp,1441,[],choice-response,In time,67ef60de6de0902719c5faef,2025-04-04 00:32:30-04:00,add1_0,7455,72,maintaskTrials
67eef64a6de0902719c5faca,default,0,b6b41e4807101a8efc22ef754ea277e12f6cad5c7a9ae29dada23b7f6e003608,1290.3253681659698,False,click,testRsp,1261,[],choice-response,In time,67ef60de6de0902719c5faef,2025-04-04 00:32:30-04:00,add8_90,7056,73,maintaskTrials
67eef64a6de0902719c5faca,default,0,b6b41e4807101a8efc22ef754ea277e12f6cad5c7a9ae29dada23b7f6e003608,1290.3253681659698,False,click,testRsp,931,[],choice-response,In time,67ef60de6de0902719c5faef,2025-04-04 00:32:30-04:00,addentrainer_0,6771,74,maintaskTrials
67eef64a6de0902719c5faca,default,0,b6b41e4807101a8efc22ef754ea277e12f6cad5c7a9ae29dada23b7f6e003608,1290.3253681659698,False,click,testRsp,1931,[],choice-response,In time,67ef60de6de0902719c5faef,2025-04-04 00:32:30-04:00,tone1_30,7778,75,maintaskTrials
67eef64a6de0902719c5faca,default,0,b6b41e4807101a8efc22ef754ea277e12f6cad5c7a9ae29dada23b7f6e003608,1290.3253681659698,False,click,testRsp,1982,[],choice-response,Out of time,67ef60de6de0902719c5faef,2025-04-04 00:32:30-04:00,tone8_120,7998,76,maintaskTrials
67eef64a6de0902719c5faca,default,0,b6b41e4807101a8efc22ef754ea277e12f6cad5c7a9ae29dada23b7f6e003608,1290.3253681659698,False,click,testRsp,882,[],choice-response,Out of time,67ef60de6de0902719c5faef,2025-04-04 00:32:30-04:00,addentrainer_90,6847,77,maintaskTrials
67eef64a6de0902719c5faca,default,0,b6b41e4807101a8efc22ef754ea277e12f6cad5c7a9ae29dada23b7f6e003608,1290.3253681659698,False,click,testRsp,487,[],choice-response,Out of time,67ef60de6de0902719c5faef,2025-04-04 00:32:30-04:00,addentrainer_60,6326,78,maintaskTrials
67eef64a6de0902719c5faca,default,0,b6b41e4807101a8efc22ef754ea277e12f6cad5c7a9ae29dada23b7f6e003608,1290.3253681659698,False,click,testRsp,1134,[],choice-response,In time,67ef60de6de0902719c5faef,2025-04-04 00:32:30-04:00,tone1_0,6943,79,maintaskTrials
67eef64a6de0902719c5faca,default,0,b6b41e4807101a8efc22ef754ea277e12f6cad5c7a9ae29dada23b7f6e003608,1290.3253681659698,False,click,testRsp,539,[],choice-response,Out of time,67ef60de6de0902719c5faef,2025-04-04 00:32:30-04:00,toneentrainer_120,6346,80,maintaskTrials
67eef64a6de0902719c5faca,default,0,b6b41e4807101a8efc22ef754ea277e12f6cad5c7a9ae29dada23b7f6e003608,1290.3253681659698,False,click,testRsp,1323,[],choice-response,Out of time,67ef60de6de0902719c5faef,2025-04-04 00:32:30-04:00,add8_60,7129,81,maintaskTrials
67eef64a6de0902719c5faca,default,0,b6b41e4807101a8efc22ef754ea277e12f6cad5c7a9ae29dada23b7f6e003608,1290.3253681659698,False,click,testRsp,1198,[],choice-response,Out of time,67ef60de6de0902719c5faef,2025-04-04 00:32:30-04:00,tone8_30,7080,82,maintaskTrials
67eef64a6de0902719c5faca,default,0,b6b41e4807101a8efc22ef754ea277e12f6cad5c7a9ae29dada23b7f6e003608,1290.3253681659698,False,click,testRsp,617,[],choice-response,In time,67ef60de6de0902719c5faef,2025-04-04 00:32:30-04:00,toneentrainer_0,6640,83,maintaskTrials
67eef64a6de0902719c5faca,default,0,b6b41e4807101a8efc22ef754ea277e12f6cad5c7a9ae29dada23b7f6e003608,1290.3253681659698,False,click,testRsp,2602,[],choice-response,In time,67ef60de6de0902719c5faef,2025-04-04 00:32:30-04:00,tone1_60,8463,84,maintaskTrials
67eef64a6de0902719c5faca,default,0,b6b41e4807101a8efc22ef754ea277e12f6cad5c7a9ae29dada23b7f6e003608,1290.3253681659698,False,click,testRsp,769,[],choice-response,Out of time,67ef60de6de0902719c5faef,2025-04-04 00:32:30-04:00,add1_120,6848,85,maintaskTrials
67eef64a6de0902719c5faca,default,0,b6b41e4807101a8efc22ef754ea277e12f6cad5c7a9ae29dada23b7f6e003608,1290.3253681659698,False,click,testRsp,682,[],choice-response,Out of time,67ef60de6de0902719c5faef,2025-04-04 00:32:30-04:00,tone8_90,6564,86,maintaskTrials
67eef64a6de0902719c5faca,default,0,b6b41e4807101a8efc22ef754ea277e12f6cad5c7a9ae29dada23b7f6e003608,1290.3253681659698,False,click,testRsp,1428,[],choice-response,Out of time,67ef60de6de0902719c5faef,2025-04-04 00:32:30-04:00,tone8_0,7247,87,maintaskTrials
67eef64a6de0902719c5faca,default,0,b6b41e4807101a8efc22ef754ea277e12f6cad5c7a9ae29dada23b7f6e003608,1290.3253681659698,False,click,testRsp,1933,[],choice-response,Out of time,67ef60de6de0902719c5faef,2025-04-04 00:32:30-04:00,add8_120,7778,88,maintaskTrials
67eef64a6de0902719c5faca,default,0,b6b41e4807101a8efc22ef754ea277e12f6cad5c7a9ae29dada23b7f6e003608,1290.3253681659698,False,click,testRsp,986,[],choice-response,In time,67ef60de6de0902719c5faef,2025-04-04 00:32:30-04:00,add1_60,6962,89,maintaskTrials
67eef64a6de0902719c5faca,default,0,b6b41e4807101a8efc22ef754ea277e12f6cad5c7a9ae29dada23b7f6e003608,1290.3253681659698,False,click,testRsp,722,[],choice-response,In time,67ef60de6de0902719c5faef,2025-04-04 00:32:30-04:00,add1_30,6831,90,maintaskTrials
67eef64a6de0902719c5faca,default,0,b6b41e4807101a8efc22ef754ea277e12f6cad5c7a9ae29dada23b7f6e003608,1290.3253681659698,False,click,testRsp,848,[],choice-response,In time,67ef60de6de0902719c5faef,2025-04-04 00:32:30-04:00,add8_0,6701,91,maintaskTrials
67eef64a6de0902719c5faca,default,0,b6b41e4807101a8efc22ef754ea277e12f6cad5c7a9ae29dada23b7f6e003608,1290.3253681659698,False,click,testRsp,721,[],choice-response,Out of time,67ef60de6de0902719c5faef,2025-04-04 00:32:30-04:00,addentrainer_120,6566,92,maintaskTrials
67eef64a6de0902719c5faca,default,0,b6b41e4807101a8efc22ef754ea277e12f6cad5c7a9ae29dada23b7f6e003608,1290.3253681659698,False,click,testRsp,1615,[],choice-response,In time,67ef60de6de0902719c5faef,2025-04-04 00:32:30-04:00,tone8_60,7434,93,maintaskTrials
67eef64a6de0902719c5faca,default,0,b6b41e4807101a8efc22ef754ea277e12f6cad5c7a9ae29dada23b7f6e003608,1290.3253681659698,False,click,testRsp,1120,[],choice-response,Out of time,67ef60de6de0902719c5faef,2025-04-04 00:32:30-04:00,toneentrainer_60,7375,94,maintaskTrials
67eef64a6de0902719c5faca,default,0,b6b41e4807101a8efc22ef754ea277e12f6cad5c7a9ae29dada23b7f6e003608,1290.3253681659698,False,click,testRsp,574,[],choice-response,Out of time,67ef60de6de0902719c5faef,2025-04-04 00:32:30-04:00,tone1_90,6395,95,maintaskTrials
67eef64a6de0902719c5faca,default,0,b6b41e4807101a8efc22ef754ea277e12f6cad5c7a9ae29dada23b7f6e003608,1290.3253681659698,False,click,testRsp,1222,[],choice-response,In time,67ef60de6de0902719c5faef,2025-04-04 00:32:30-04:00,add8_30,7346,96,maintaskTrials
67eef64a6de0902719c5faca,default,0,b6b41e4807101a8efc22ef754ea277e12f6cad5c7a9ae29dada23b7f6e003608,1290.3253681659698,False,click,testRsp,498,[],choice-response,In time,67ef60de6de0902719c5faef,2025-04-04 00:32:30-04:00,toneentrainer_0,6364,97,maintaskTrials
67eef64a6de0902719c5faca,default,0,b6b41e4807101a8efc22ef754ea277e12f6cad5c7a9ae29dada23b7f6e003608,1290.3253681659698,False,click,testRsp,496,[],choice-response,Out of time,67ef60de6de0902719c5faef,2025-04-04 00:32:30-04:00,toneentrainer_120,6295,98,maintaskTrials
67eef64a6de0902719c5faca,default,0,b6b41e4807101a8efc22ef754ea277e12f6cad5c7a9ae29dada23b7f6e003608,1290.3253681659698,False,click,testRsp,864,[],choice-response,Out of time,67ef60de6de0902719c5faef,2025-04-04 00:32:30-04:00,addentrainer_90,6665,99,maintaskTrials
67eef64a6de0902719c5faca,default,0,b6b41e4807101a8efc22ef754ea277e12f6cad5c7a9ae29dada23b7f6e003608,1290.3253681659698,False,click,testRsp,467,[],choice-response,Out of time,67ef60de6de0902719c5faef,2025-04-04 00:32:30-04:00,toneentrainer_90,6379,100,maintaskTrials
67eef64a6de0902719c5faca,default,0,b6b41e4807101a8efc22ef754ea277e12f6cad5c7a9ae29dada23b7f6e003608,1290.3253681659698,False,click,testRsp,1216,[],choice-response,Out of time,67ef60de6de0902719c5faef,2025-04-04 00:32:30-04:00,toneentrainer_60,7045,101,maintaskTrials
67eef64a6de0902719c5faca,default,0,b6b41e4807101a8efc22ef754ea277e12f6cad5c7a9ae29dada23b7f6e003608,1290.3253681659698,False,click,testRsp,4936,[],choice-response,Out of time,67ef60de6de0902719c5faef,2025-04-04 00:32:30-04:00,add1_0,10735,102,maintaskTrials
67eef64a6de0902719c5faca,default,0,b6b41e4807101a8efc22ef754ea277e12f6cad5c7a9ae29dada23b7f6e003608,1290.3253681659698,False,click,testRsp,666,[],choice-response,Out of time,67ef60de6de0902719c5faef,2025-04-04 00:32:30-04:00,addentrainer_120,6690,103,maintaskTrials
67eef64a6de0902719c5faca,default,0,b6b41e4807101a8efc22ef754ea277e12f6cad5c7a9ae29dada23b7f6e003608,1290.3253681659698,False,click,testRsp,1947,[],choice-response,Out of time,67ef60de6de0902719c5faef,2025-04-04 00:32:30-04:00,addentrainer_60,7769,104,maintaskTrials
67eef64a6de0902719c5faca,default,0,b6b41e4807101a8efc22ef754ea277e12f6cad5c7a9ae29dada23b7f6e003608,1290.3253681659698,False,click,testRsp,745,[],choice-response,In time,67ef60de6de0902719c5faef,2025-04-04 00:32:30-04:00,addentrainer_0,6724,105,maintaskTrials
67eef64a6de0902719c5faca,default,0,b6b41e4807101a8efc22ef754ea277e12f6cad5c7a9ae29dada23b7f6e003608,1290.3253681659698,False,click,testRsp,1578,[],choice-response,In time,67ef60de6de0902719c5faef,2025-04-04 00:32:30-04:00,tone1_0,7379,106,maintaskTrials
67eef64a6de0902719c5faca,default,0,b6b41e4807101a8efc22ef754ea277e12f6cad5c7a9ae29dada23b7f6e003608,1290.3253681659698,False,click,testRsp,942,[],choice-response,Out of time,67ef60de6de0902719c5faef,2025-04-04 00:32:30-04:00,add8_90,7278,107,maintaskTrials
67eef64a6de0902719c5faca,default,0,b6b41e4807101a8efc22ef754ea277e12f6cad5c7a9ae29dada23b7f6e003608,1290.3253681659698,False,click,testRsp,813,[],choice-response,Out of time,67ef60de6de0902719c5faef,2025-04-04 00:32:30-04:00,add8_60,6679,108,maintaskTrials
67eef64a6de0902719c5faca,default,0,b6b41e4807101a8efc22ef754ea277e12f6cad5c7a9ae29dada23b7f6e003608,1290.3253681659698,False,click,testRsp,516,[],choice-response,Out of time,67ef60de6de0902719c5faef,2025-04-04 00:32:30-04:00,add8_120,6333,109,maintaskTrials
67eef64a6de0902719c5faca,default,0,b6b41e4807101a8efc22ef754ea277e12f6cad5c7a9ae29dada23b7f6e003608,1290.3253681659698,False,click,testRsp,662,[],choice-response,Out of time,67ef60de6de0902719c5faef,2025-04-04 00:32:30-04:00,tone1_60,6525,110,maintaskTrials
67eef64a6de0902719c5faca,default,0,b6b41e4807101a8efc22ef754ea277e12f6cad5c7a9ae29dada23b7f6e003608,1290.3253681659698,False,click,testRsp,1657,[],choice-response,Out of time,67ef60de6de0902719c5faef,2025-04-04 00:32:30-04:00,tone8_90,7472,111,maintaskTrials
67eef64a6de0902719c5faca,default,0,b6b41e4807101a8efc22ef754ea277e12f6cad5c7a9ae29dada23b7f6e003608,1290.3253681659698,False,click,testRsp,667,[],choice-response,In time,67ef60de6de0902719c5faef,2025-04-04 00:32:30-04:00,tone1_30,6878,112,maintaskTrials
67eef64a6de0902719c5faca,default,0,b6b41e4807101a8efc22ef754ea277e12f6cad5c7a9ae29dada23b7f6e003608,1290.3253681659698,False,click,testRsp,870,[],choice-response,In time,67ef60de6de0902719c5faef,2025-04-04 00:32:30-04:00,add1_90,6708,113,maintaskTrials
67eef64a6de0902719c5faca,default,0,b6b41e4807101a8efc22ef754ea277e12f6cad5c7a9ae29dada23b7f6e003608,1290.3253681659698,False,click,testRsp,1546,[],choice-response,Out of time,67ef60de6de0902719c5faef,2025-04-04 00:32:30-04:00,tone8_30,7797,114,maintaskTrials
67eef64a6de0902719c5faca,default,0,b6b41e4807101a8efc22ef754ea277e12f6cad5c7a9ae29dada23b7f6e003608,1290.3253681659698,False,click,testRsp,1332,[],choice-response,In time,67ef60de6de0902719c5faef,2025-04-04 00:32:30-04:00,add1_60,7664,115,maintaskTrials
67eef64a6de0902719c5faca,default,0,b6b41e4807101a8efc22ef754ea277e12f6cad5c7a9ae29dada23b7f6e003608,1290.3253681659698,False,click,testRsp,2356,[],choice-response,In time,67ef60de6de0902719c5faef,2025-04-04 00:32:30-04:00,toneentrainer_30,8184,116,maintaskTrials
67eef64a6de0902719c5faca,default,0,b6b41e4807101a8efc22ef754ea277e12f6cad5c7a9ae29dada23b7f6e003608,1290.3253681659698,False,click,testRsp,750,[],choice-response,Out of time,67ef60de6de0902719c5faef,2025-04-04 00:32:30-04:00,tone8_0,6723,117,maintaskTrials
67eef64a6de0902719c5faca,default,0,b6b41e4807101a8efc22ef754ea277e12f6cad5c7a9ae29dada23b7f6e003608,1290.3253681659698,False,click,testRsp,2409,[],choice-response,Out of time,67ef60de6de0902719c5faef,2025-04-04 00:32:30-04:00,add1_30,8247,118,maintaskTrials
67eef64a6de0902719c5faca,default,0,b6b41e4807101a8efc22ef754ea277e12f6cad5c7a9ae29dada23b7f6e003608,1290.3253681659698,False,click,testRsp,2067,[],choice-response,Out of time,67ef60de6de0902719c5faef,2025-04-04 00:32:30-04:00,addentrainer_30,8013,119,maintaskTrials
67eef64a6de0902719c5faca,default,0,b6b41e4807101a8efc22ef754ea277e12f6cad5c7a9ae29dada23b7f6e003608,1290.3253681659698,False,click,testRsp,1484,[],choice-response,Out of time,67ef60de6de0902719c5faef,2025-04-04 00:32:30-04:00,tone1_90,7613,120,maintaskTrials
67eef64a6de0902719c5faca,default,0,b6b41e4807101a8efc22ef754ea277e12f6cad5c7a9ae29dada23b7f6e003608,1290.3253681659698,False,click,testRsp,682,[],choice-response,Out of time,67ef60de6de0902719c5faef,2025-04-04 00:32:30-04:00,tone8_60,6736,121,maintaskTrials
67eef64a6de0902719c5faca,default,0,b6b41e4807101a8efc22ef754ea277e12f6cad5c7a9ae29dada23b7f6e003608,1290.3253681659698,False,click,testRsp,3319,[],choice-response,Out of time,67ef60de6de0902719c5faef,2025-04-04 00:32:30-04:00,add8_0,9174,122,maintaskTrials
67eef64a6de0902719c5faca,default,0,b6b41e4807101a8efc22ef754ea277e12f6cad5c7a9ae29dada23b7f6e003608,1290.3253681659698,False,click,testRsp,1013,[],choice-response,Out of time,67ef60de6de0902719c5faef,2025-04-04 00:32:30-04:00,add8_30,7060,123,maintaskTrials
67eef64a6de0902719c5faca,default,0,b6b41e4807101a8efc22ef754ea277e12f6cad5c7a9ae29dada23b7f6e003608,1290.3253681659698,False,click,testRsp,1862,[],choice-response,Out of time,67ef60de6de0902719c5faef,2025-04-04 00:32:30-04:00,tone8_120,7679,124,maintaskTrials
67eef64a6de0902719c5faca,default,0,b6b41e4807101a8efc22ef754ea277e12f6cad5c7a9ae29dada23b7f6e003608,1290.3253681659698,False,click,testRsp,682,[],choice-response,Out of time,67ef60de6de0902719c5faef,2025-04-04 00:32:30-04:00,tone1_120,6751,125,maintaskTrials
67eef64a6de0902719c5faca,default,0,b6b41e4807101a8efc22ef754ea277e12f6cad5c7a9ae29dada23b7f6e003608,1290.3253681659698,False,click,testRsp,660,[],choice-response,Out of time,67ef60de6de0902719c5faef,2025-04-04 00:32:30-04:00,add1_120,6609,126,maintaskTrials
67eef64a6de0902719c5faca,default,0,b6b41e4807101a8efc22ef754ea277e12f6cad5c7a9ae29dada23b7f6e003608,1290.3253681659698,False,click,testRsp,2404,[],choice-response,Out of time,67ef60de6de0902719c5faef,2025-04-04 00:32:30-04:00,tone1_30,8245,127,maintaskTrials
67eef64a6de0902719c5faca,default,0,b6b41e4807101a8efc22ef754ea277e12f6cad5c7a9ae29dada23b7f6e003608,1290.3253681659698,False,click,testRsp,4652,[],choice-response,Out of time,67ef60de6de0902719c5faef,2025-04-04 00:32:30-04:00,tone8_60,10629,128,maintaskTrials
67eef64a6de0902719c5faca,default,0,b6b41e4807101a8efc22ef754ea277e12f6cad5c7a9ae29dada23b7f6e003608,1290.3253681659698,False,click,testRsp,3964,[],choice-response,In time,67ef60de6de0902719c5faef,2025-04-04 00:32:30-04:00,addentrainer_0,9979,129,maintaskTrials
67eef64a6de0902719c5faca,default,0,b6b41e4807101a8efc22ef754ea277e12f6cad5c7a9ae29dada23b7f6e003608,1290.3253681659698,False,click,testRsp,1318,[],choice-response,Out of time,67ef60de6de0902719c5faef,2025-04-04 00:32:30-04:00,tone1_120,7380,130,maintaskTrials
67eef64a6de0902719c5faca,default,0,b6b41e4807101a8efc22ef754ea277e12f6cad5c7a9ae29dada23b7f6e003608,1290.3253681659698,False,click,testRsp,1016,[],choice-response,In time,67ef60de6de0902719c5faef,2025-04-04 00:32:30-04:00,toneentrainer_60,6865,131,maintaskTrials
67eef64a6de0902719c5faca,default,0,b6b41e4807101a8efc22ef754ea277e12f6cad5c7a9ae29dada23b7f6e003608,1290.3253681659698,False,click,testRsp,1501,[],choice-response,In time,67ef60de6de0902719c5faef,2025-04-04 00:32:30-04:00,add1_0,7303,132,maintaskTrials
67eef64a6de0902719c5faca,default,0,b6b41e4807101a8efc22ef754ea277e12f6cad5c7a9ae29dada23b7f6e003608,1290.3253681659698,False,click,testRsp,611,[],choice-response,Out of time,67ef60de6de0902719c5faef,2025-04-04 00:32:30-04:00,addentrainer_120,6483,133,maintaskTrials
67eef64a6de0902719c5faca,default,0,b6b41e4807101a8efc22ef754ea277e12f6cad5c7a9ae29dada23b7f6e003608,1290.3253681659698,False,click,testRsp,2291,[],choice-response,In time,67ef60de6de0902719c5faef,2025-04-04 00:32:30-04:00,add1_30,8099,134,maintaskTrials
67eef64a6de0902719c5faca,default,0,b6b41e4807101a8efc22ef754ea277e12f6cad5c7a9ae29dada23b7f6e003608,1290.3253681659698,False,click,testRsp,1968,[],choice-response,Out of time,67ef60de6de0902719c5faef,2025-04-04 00:32:30-04:00,add8_60,7931,135,maintaskTrials
67eef64a6de0902719c5faca,default,0,b6b41e4807101a8efc22ef754ea277e12f6cad5c7a9ae29dada23b7f6e003608,1290.3253681659698,False,click,testRsp,743,[],choice-response,Out of time,67ef60de6de0902719c5faef,2025-04-04 00:32:30-04:00,tone8_120,6712,136,maintaskTrials
67eef64a6de0902719c5faca,default,0,b6b41e4807101a8efc22ef754ea277e12f6cad5c7a9ae29dada23b7f6e003608,1290.3253681659698,False,click,testRsp,1261,[],choice-response,In time,67ef60de6de0902719c5faef,2025-04-04 00:32:30-04:00,addentrainer_30,7109,137,maintaskTrials
67eef64a6de0902719c5faca,default,0,b6b41e4807101a8efc22ef754ea277e12f6cad5c7a9ae29dada23b7f6e003608,1290.3253681659698,False,click,testRsp,1785,[],choice-response,In time,67ef60de6de0902719c5faef,2025-04-04 00:32:30-04:00,tone1_0,7670,138,maintaskTrials
67eef64a6de0902719c5faca,default,0,b6b41e4807101a8efc22ef754ea277e12f6cad5c7a9ae29dada23b7f6e003608,1290.3253681659698,False,click,testRsp,973,[],choice-response,Out of time,67ef60de6de0902719c5faef,2025-04-04 00:32:30-04:00,addentrainer_60,7059,139,maintaskTrials
67eef64a6de0902719c5faca,default,0,b6b41e4807101a8efc22ef754ea277e12f6cad5c7a9ae29dada23b7f6e003608,1290.3253681659698,False,click,testRsp,1572,[],choice-response,Out of time,67ef60de6de0902719c5faef,2025-04-04 00:32:30-04:00,add8_90,7446,140,maintaskTrials
67eef64a6de0902719c5faca,default,0,b6b41e4807101a8efc22ef754ea277e12f6cad5c7a9ae29dada23b7f6e003608,1290.3253681659698,False,click,testRsp,1327,[],choice-response,Out of time,67ef60de6de0902719c5faef,2025-04-04 00:32:30-04:00,add1_90,7634,141,maintaskTrials
67eef64a6de0902719c5faca,default,0,b6b41e4807101a8efc22ef754ea277e12f6cad5c7a9ae29dada23b7f6e003608,1290.3253681659698,False,click,testRsp,736,[],choice-response,In time,67ef60de6de0902719c5faef,2025-04-04 00:32:30-04:00,tone8_30,6598,142,maintaskTrials
67eef64a6de0902719c5faca,default,0,b6b41e4807101a8efc22ef754ea277e12f6cad5c7a9ae29dada23b7f6e003608,1290.3253681659698,False,click,testRsp,1057,[],choice-response,Out of time,67ef60de6de0902719c5faef,2025-04-04 00:32:30-04:00,addentrainer_90,6903,143,maintaskTrials
67eef64a6de0902719c5faca,default,0,b6b41e4807101a8efc22ef754ea277e12f6cad5c7a9ae29dada23b7f6e003608,1290.3253681659698,False,click,testRsp,1062,[],choice-response,Out of time,67ef60de6de0902719c5faef,2025-04-04 00:32:30-04:00,toneentrainer_120,7016,144,maintaskTrials
67eef64a6de0902719c5faca,default,0,b6b41e4807101a8efc22ef754ea277e12f6cad5c7a9ae29dada23b7f6e003608,1290.3253681659698,False,click,testRsp,791,[],choice-response,Out of time,67ef60de6de0902719c5faef,2025-04-04 00:32:30-04:00,add1_120,6645,145,maintaskTrials
67eef64a6de0902719c5faca,default,0,b6b41e4807101a8efc22ef754ea277e12f6cad5c7a9ae29dada23b7f6e003608,1290.3253681659698,False,click,testRsp,560,[],choice-response,Out of time,67ef60de6de0902719c5faef,2025-04-04 00:32:30-04:00,tone1_60,6456,146,maintaskTrials
67eef64a6de0902719c5faca,default,0,b6b41e4807101a8efc22ef754ea277e12f6cad5c7a9ae29dada23b7f6e003608,1290.3253681659698,False,click,testRsp,1553,[],choice-response,Out of time,67ef60de6de0902719c5faef,2025-04-04 00:32:30-04:00,toneentrainer_90,7447,147,maintaskTrials
67eef64a6de0902719c5faca,default,0,b6b41e4807101a8efc22ef754ea277e12f6cad5c7a9ae29dada23b7f6e003608,1290.3253681659698,False,click,testRsp,1781,[],choice-response,Out of time,67ef60de6de0902719c5faef,2025-04-04 00:32:30-04:00,tone8_90,8041,148,maintaskTrials
67eef64a6de0902719c5faca,default,0,b6b41e4807101a8efc22ef754ea277e12f6cad5c7a9ae29dada23b7f6e003608,1290.3253681659698,False,click,testRsp,2470,[],choice-response,Out of time,67ef60de6de0902719c5faef,2025-04-04 00:32:30-04:00,add8_0,8579,149,maintaskTrials
67eef64a6de0902719c5faca,default,0,b6b41e4807101a8efc22ef754ea277e12f6cad5c7a9ae29dada23b7f6e003608,1290.3253681659698,False,click,testRsp,601,[],choice-response,In time,67ef60de6de0902719c5faef,2025-04-04 00:32:30-04:00,add8_30,6656,150,maintaskTrials
67eef64a6de0902719c5faca,default,0,b6b41e4807101a8efc22ef754ea277e12f6cad5c7a9ae29dada23b7f6e003608,1290.3253681659698,False,click,testRsp,831,[],choice-response,In time,67ef60de6de0902719c5faef,2025-04-04 00:32:30-04:00,add1_60,6775,151,maintaskTrials
67eef64a6de0902719c5faca,default,0,b6b41e4807101a8efc22ef754ea277e12f6cad5c7a9ae29dada23b7f6e003608,1290.3253681659698,False,click,testRsp,536,[],choice-response,In time,67ef60de6de0902719c5faef,2025-04-04 00:32:30-04:00,tone8_0,6383,152,maintaskTrials
67eef64a6de0902719c5faca,default,0,b6b41e4807101a8efc22ef754ea277e12f6cad5c7a9ae29dada23b7f6e003608,1290.3253681659698,False,click,testRsp,755,[],choice-response,Out of time,67ef60de6de0902719c5faef,2025-04-04 00:32:30-04:00,tone1_90,6693,153,maintaskTrials
67eef64a6de0902719c5faca,default,0,b6b41e4807101a8efc22ef754ea277e12f6cad5c7a9ae29dada23b7f6e003608,1290.3253681659698,False,click,testRsp,755,[],choice-response,In time,67ef60de6de0902719c5faef,2025-04-04 00:32:30-04:00,toneentrainer_0,6804,154,maintaskTrials
67eef64a6de0902719c5faca,default,0,b6b41e4807101a8efc22ef754ea277e12f6cad5c7a9ae29dada23b7f6e003608,1290.3253681659698,False,click,testRsp,808,[],choice-response,Out of time,67ef60de6de0902719c5faef,2025-04-04 00:32:30-04:00,toneentrainer_30,6795,155,maintaskTrials
67eef64a6de0902719c5faca,default,0,b6b41e4807101a8efc22ef754ea277e12f6cad5c7a9ae29dada23b7f6e003608,1290.3253681659698,False,click,testRsp,1071,[],choice-response,Out of time,67ef60de6de0902719c5faef,2025-04-04 00:32:30-04:00,add8_120,6908,156,maintaskTrials
67eef64a6de0902719c5faca,default,0,1762237f0392729c0f88c11fd83c357a9e2c2af606b24127a1f272a14db19fbd,1163.4421730041504,True,click,exampleRsp_lab,10897,['Out of time'],choice-response,Out of time,67ef60de6de0902719c5faef,2025-04-04 00:32:30-04:00,add1_120,19688,1,example_add
67eef64a6de0902719c5faca,default,0,1762237f0392729c0f88c11fd83c357a9e2c2af606b24127a1f272a14db19fbd,1163.4421730041504,False,click,exampleRsp_tone,1654,['Out of time'],choice-response,In time,67ef60de6de0902719c5faef,2025-04-04 00:32:30-04:00,tone1_120,10408,2,example_tone
67eef64a6de0902719c5faca,default,0,1762237f0392729c0f88c11fd83c357a9e2c2af606b24127a1f272a14db19fbd,1163.4421730041504,False,click,exampleRsp_tone,931,['Out of time'],choice-response,In time,67ef60de6de0902719c5faef,2025-04-04 00:32:30-04:00,tone8_120,9326,3,example_tone
67eef64a6de0902719c5faca,default,0,1762237f0392729c0f88c11fd83c357a9e2c2af606b24127a1f272a14db19fbd,1163.4421730041504,False,click,exampleRsp_lab,4607,['Out of time'],choice-response,In time,67ef60de6de0902719c5faef,2025-04-04 00:32:30-04:00,add8_120,13029,4,example_add
67eef64a6de0902719c5faca,default,0,1762237f0392729c0f88c11fd83c357a9e2c2af606b24127a1f272a14db19fbd,1163.4421730041504,False,click,exampleRsp_lab,651,['Out of time'],choice-response,In time,67ef60de6de0902719c5faef,2025-04-04 00:32:30-04:00,add1_120,8875,5,example_add
67eef64a6de0902719c5faca,default,0,1762237f0392729c0f88c11fd83c357a9e2c2af606b24127a1f272a14db19fbd,1163.4421730041504,True,click,exampleRsp_lab,3640,['Out of time'],choice-response,Out of time,67ef60de6de0902719c5faef,2025-04-04 00:32:30-04:00,add8_120,11877,6,example_add
67eef64a6de0902719c5faca,default,0,1762237f0392729c0f88c11fd83c357a9e2c2af606b24127a1f272a14db19fbd,1163.4421730041504,False,click,testRsp,4013,[],choice-response,In time,67ef60de6de0902719c5faef,2025-04-04 00:32:30-04:00,add8_0,9960,7,maintaskTrials
67eef64a6de0902719c5faca,default,0,1762237f0392729c0f88c11fd83c357a9e2c2af606b24127a1f272a14db19fbd,1163.4421730041504,False,click,testRsp,792,[],choice-response,In time,67ef60de6de0902719c5faef,2025-04-04 00:32:30-04:00,tone8_30,6590,8,maintaskTrials
67eef64a6de0902719c5faca,default,0,1762237f0392729c0f88c11fd83c357a9e2c2af606b24127a1f272a14db19fbd,1163.4421730041504,False,click,testRsp,2831,[],choice-response,In time,67ef60de6de0902719c5faef,2025-04-04 00:32:30-04:00,toneentrainer_30,8662,9,maintaskTrials
67eef64a6de0902719c5faca,default,0,1762237f0392729c0f88c11fd83c357a9e2c2af606b24127a1f272a14db19fbd,1163.4421730041504,False,click,testRsp,1033,[],choice-response,Out of time,67ef60de6de0902719c5faef,2025-04-04 00:32:30-04:00,toneentrainer_120,7110,10,maintaskTrials
67eef64a6de0902719c5faca,default,0,1762237f0392729c0f88c11fd83c357a9e2c2af606b24127a1f272a14db19fbd,1163.4421730041504,False,click,testRsp,595,[],choice-response,Out of time,67ef60de6de0902719c5faef,2025-04-04 00:32:30-04:00,toneentrainer_90,6394,11,maintaskTrials
67eef64a6de0902719c5faca,default,0,1762237f0392729c0f88c11fd83c357a9e2c2af606b24127a1f272a14db19fbd,1163.4421730041504,False,click,testRsp,759,[],choice-response,Out of time,67ef60de6de0902719c5faef,2025-04-04 00:32:30-04:00,tone1_30,6713,12,maintaskTrials
67eef64a6de0902719c5faca,default,0,1762237f0392729c0f88c11fd83c357a9e2c2af606b24127a1f272a14db19fbd,1163.4421730041504,False,click,testRsp,1270,[],choice-response,Out of time,67ef60de6de0902719c5faef,2025-04-04 00:32:30-04:00,addentrainer_120,7678,13,maintaskTrials
67eef64a6de0902719c5faca,default,0,1762237f0392729c0f88c11fd83c357a9e2c2af606b24127a1f272a14db19fbd,1163.4421730041504,False,click,testRsp,1055,[],choice-response,In time,67ef60de6de0902719c5faef,2025-04-04 00:32:30-04:00,add1_0,6827,14,maintaskTrials
67eef64a6de0902719c5faca,default,0,1762237f0392729c0f88c11fd83c357a9e2c2af606b24127a1f272a14db19fbd,1163.4421730041504,False,click,testRsp,1383,[],choice-response,Out of time,67ef60de6de0902719c5faef,2025-04-04 00:32:30-04:00,addentrainer_90,7462,15,maintaskTrials
67eef64a6de0902719c5faca,default,0,1762237f0392729c0f88c11fd83c357a9e2c2af606b24127a1f272a14db19fbd,1163.4421730041504,False,click,testRsp,1395,[],choice-response,In time,67ef60de6de0902719c5faef,2025-04-04 00:32:30-04:00,tone8_0,7525,16,maintaskTrials
67eef64a6de0902719c5faca,default,0,1762237f0392729c0f88c11fd83c357a9e2c2af606b24127a1f272a14db19fbd,1163.4421730041504,False,click,testRsp,2501,[],choice-response,Out of time,67ef60de6de0902719c5faef,2025-04-04 00:32:30-04:00,tone1_0,8295,17,maintaskTrials
67eef64a6de0902719c5faca,default,0,1762237f0392729c0f88c11fd83c357a9e2c2af606b24127a1f272a14db19fbd,1163.4421730041504,False,click,testRsp,3054,[],choice-response,Out of time,67ef60de6de0902719c5faef,2025-04-04 00:32:30-04:00,add1_120,8659,18,maintaskTrials
67eef64a6de0902719c5faca,default,0,1762237f0392729c0f88c11fd83c357a9e2c2af606b24127a1f272a14db19fbd,1163.4421730041504,False,click,testRsp,2971,[],choice-response,Out of time,67ef60de6de0902719c5faef,2025-04-04 00:32:30-04:00,tone1_90,8929,19,maintaskTrials
67eef64a6de0902719c5faca,default,0,1762237f0392729c0f88c11fd83c357a9e2c2af606b24127a1f272a14db19fbd,1163.4421730041504,False,click,testRsp,1904,[],choice-response,Out of time,67ef60de6de0902719c5faef,2025-04-04 00:32:30-04:00,add8_90,7859,20,maintaskTrials
67eef64a6de0902719c5faca,default,0,1762237f0392729c0f88c11fd83c357a9e2c2af606b24127a1f272a14db19fbd,1163.4421730041504,False,keypress,testRsp,258,[],choice-response,In time,67ef60de6de0902719c5faef,2025-04-04 00:32:30-04:00,add1_90,6042,21,maintaskTrials
67eef64a6de0902719c5faca,default,0,1762237f0392729c0f88c11fd83c357a9e2c2af606b24127a1f272a14db19fbd,1163.4421730041504,False,keypress,testRsp,487,[],choice-response,Out of time,67ef60de6de0902719c5faef,2025-04-04 00:32:30-04:00,tone1_120,6094,22,maintaskTrials
67eef64a6de0902719c5faca,default,0,1762237f0392729c0f88c11fd83c357a9e2c2af606b24127a1f272a14db19fbd,1163.4421730041504,False,keypress,testRsp,1722,[],choice-response,Out of time,67ef60de6de0902719c5faef,2025-04-04 00:32:30-04:00,add1_60,7507,23,maintaskTrials
67eef64a6de0902719c5faca,default,0,1762237f0392729c0f88c11fd83c357a9e2c2af606b24127a1f272a14db19fbd,1163.4421730041504,False,keypress,testRsp,255,[],choice-response,In time,67ef60de6de0902719c5faef,2025-04-04 00:32:30-04:00,addentrainer_60,6251,24,maintaskTrials
67eef64a6de0902719c5faca,default,0,1762237f0392729c0f88c11fd83c357a9e2c2af606b24127a1f272a14db19fbd,1163.4421730041504,False,keypress,testRsp,160,[],choice-response,In time,67ef60de6de0902719c5faef,2025-04-04 00:32:30-04:00,tone1_60,5944,25,maintaskTrials
67eef64a6de0902719c5faca,default,0,1762237f0392729c0f88c11fd83c357a9e2c2af606b24127a1f272a14db19fbd,1163.4421730041504,False,keypress,testRsp,257,[],choice-response,Out of time,67ef60de6de0902719c5faef,2025-04-04 00:32:30-04:00,add8_120,5852,26,maintaskTrials
67eef64a6de0902719c5faca,default,0,1762237f0392729c0f88c11fd83c357a9e2c2af606b24127a1f272a14db19fbd,1163.4421730041504,False,keypress,testRsp,266,[],choice-response,Out of time,67ef60de6de0902719c5faef,2025-04-04 00:32:30-04:00,add8_30,6066,27,maintaskTrials
67eef64a6de0902719c5faca,default,0,1762237f0392729c0f88c11fd83c357a9e2c2af606b24127a1f272a14db19fbd,1163.4421730041504,False,keypress,testRsp,704,[],choice-response,In time,67ef60de6de0902719c5faef,2025-04-04 00:32:30-04:00,tone8_60,6512,28,maintaskTrials
67eef64a6de0902719c5faca,default,0,1762237f0392729c0f88c11fd83c357a9e2c2af606b24127a1f272a14db19fbd,1163.4421730041504,False,keypress,testRsp,3582,[],choice-response,In time,67ef60de6de0902719c5faef,2025-04-04 00:32:30-04:00,addentrainer_30,9735,29,maintaskTrials
67eef64a6de0902719c5faca,default,0,1762237f0392729c0f88c11fd83c357a9e2c2af606b24127a1f272a14db19fbd,1163.4421730041504,False,keypress,testRsp,311,[],choice-response,In time,67ef60de6de0902719c5faef,2025-04-04 00:32:30-04:00,toneentrainer_0,6109,30,maintaskTrials
67eef64a6de0902719c5faca,default,0,1762237f0392729c0f88c11fd83c357a9e2c2af606b24127a1f272a14db19fbd,1163.4421730041504,False,keypress,testRsp,189,[],choice-response,In time,67ef60de6de0902719c5faef,2025-04-04 00:32:30-04:00,addentrainer_0,6301,31,maintaskTrials
67eef64a6de0902719c5faca,default,0,1762237f0392729c0f88c11fd83c357a9e2c2af606b24127a1f272a14db19fbd,1163.4421730041504,False,keypress,testRsp,177,[],choice-response,Out of time,67ef60de6de0902719c5faef,2025-04-04 00:32:30-04:00,tone8_90,6134,32,maintaskTrials
67eef64a6de0902719c5faca,default,0,1762237f0392729c0f88c11fd83c357a9e2c2af606b24127a1f272a14db19fbd,1163.4421730041504,False,keypress,testRsp,201,[],choice-response,In time,67ef60de6de0902719c5faef,2025-04-04 00:32:30-04:00,add1_30,5976,33,maintaskTrials
67eef64a6de0902719c5faca,default,0,1762237f0392729c0f88c11fd83c357a9e2c2af606b24127a1f272a14db19fbd,1163.4421730041504,False,keypress,testRsp,873,[],choice-response,Out of time,67ef60de6de0902719c5faef,2025-04-04 00:32:30-04:00,tone8_120,6482,34,maintaskTrials
67eef64a6de0902719c5faca,default,0,1762237f0392729c0f88c11fd83c357a9e2c2af606b24127a1f272a14db19fbd,1163.4421730041504,False,keypress,testRsp,325,[],choice-response,In time,67ef60de6de0902719c5faef,2025-04-04 00:32:30-04:00,add8_60,6307,35,maintaskTrials
67eef64a6de0902719c5faca,default,0,1762237f0392729c0f88c11fd83c357a9e2c2af606b24127a1f272a14db19fbd,1163.4421730041504,False,keypress,testRsp,4006,[],choice-response,In time,67ef60de6de0902719c5faef,2025-04-04 00:32:30-04:00,toneentrainer_60,9811,36,maintaskTrials
67eef64a6de0902719c5faca,default,0,1762237f0392729c0f88c11fd83c357a9e2c2af606b24127a1f272a14db19fbd,1163.4421730041504,False,keypress,testRsp,804,[],choice-response,In time,67ef60de6de0902719c5faef,2025-04-04 00:32:30-04:00,add8_60,6582,37,maintaskTrials
67eef64a6de0902719c5faca,default,0,1762237f0392729c0f88c11fd83c357a9e2c2af606b24127a1f272a14db19fbd,1163.4421730041504,False,keypress,testRsp,241,[],choice-response,Out of time,67ef60de6de0902719c5faef,2025-04-04 00:32:30-04:00,addentrainer_120,5856,38,maintaskTrials
67eef64a6de0902719c5faca,default,0,1762237f0392729c0f88c11fd83c357a9e2c2af606b24127a1f272a14db19fbd,1163.4421730041504,False,keypress,testRsp,565,[],choice-response,Out of time,67ef60de6de0902719c5faef,2025-04-04 00:32:30-04:00,add8_90,6170,39,maintaskTrials
67eef64a6de0902719c5faca,default,0,1762237f0392729c0f88c11fd83c357a9e2c2af606b24127a1f272a14db19fbd,1163.4421730041504,False,keypress,testRsp,1799,[],choice-response,Out of time,67ef60de6de0902719c5faef,2025-04-04 00:32:30-04:00,addentrainer_30,7399,40,maintaskTrials
67eef64a6de0902719c5faca,default,0,1762237f0392729c0f88c11fd83c357a9e2c2af606b24127a1f272a14db19fbd,1163.4421730041504,False,keypress,testRsp,1165,[],choice-response,Out of time,67ef60de6de0902719c5faef,2025-04-04 00:32:30-04:00,tone8_90,6778,41,maintaskTrials
67eef64a6de0902719c5faca,default,0,1762237f0392729c0f88c11fd83c357a9e2c2af606b24127a1f272a14db19fbd,1163.4421730041504,False,keypress,testRsp,214,[],choice-response,In time,67ef60de6de0902719c5faef,2025-04-04 00:32:30-04:00,tone8_0,5821,42,maintaskTrials
67eef64a6de0902719c5faca,default,0,1762237f0392729c0f88c11fd83c357a9e2c2af606b24127a1f272a14db19fbd,1163.4421730041504,False,keypress,testRsp,283,[],choice-response,In time,67ef60de6de0902719c5faef,2025-04-04 00:32:30-04:00,add1_0,5890,43,maintaskTrials
67eef64a6de0902719c5faca,default,0,1762237f0392729c0f88c11fd83c357a9e2c2af606b24127a1f272a14db19fbd,1163.4421730041504,False,keypress,testRsp,441,[],choice-response,In time,67ef60de6de0902719c5faef,2025-04-04 00:32:30-04:00,tone8_30,6048,44,maintaskTrials
67eef64a6de0902719c5faca,default,0,1762237f0392729c0f88c11fd83c357a9e2c2af606b24127a1f272a14db19fbd,1163.4421730041504,False,keypress,testRsp,3889,[],choice-response,Out of time,67ef60de6de0902719c5faef,2025-04-04 00:32:30-04:00,addentrainer_60,9664,45,maintaskTrials
67eef64a6de0902719c5faca,default,0,1762237f0392729c0f88c11fd83c357a9e2c2af606b24127a1f272a14db19fbd,1163.4421730041504,False,keypress,testRsp,263,[],choice-response,Out of time,67ef60de6de0902719c5faef,2025-04-04 00:32:30-04:00,addentrainer_90,5869,46,maintaskTrials
67eef64a6de0902719c5faca,default,0,1762237f0392729c0f88c11fd83c357a9e2c2af606b24127a1f272a14db19fbd,1163.4421730041504,False,keypress,testRsp,255,[],choice-response,In time,67ef60de6de0902719c5faef,2025-04-04 00:32:30-04:00,tone1_0,5861,47,maintaskTrials
67eef64a6de0902719c5faca,default,0,1762237f0392729c0f88c11fd83c357a9e2c2af606b24127a1f272a14db19fbd,1163.4421730041504,False,keypress,testRsp,252,[],choice-response,Out of time,67ef60de6de0902719c5faef,2025-04-04 00:32:30-04:00,add1_120,5874,48,maintaskTrials
67eef64a6de0902719c5faca,default,0,1762237f0392729c0f88c11fd83c357a9e2c2af606b24127a1f272a14db19fbd,1163.4421730041504,False,keypress,testRsp,318,[],choice-response,Out of time,67ef60de6de0902719c5faef,2025-04-04 00:32:30-04:00,toneentrainer_120,5923,49,maintaskTrials
67eef64a6de0902719c5faca,default,0,1762237f0392729c0f88c11fd83c357a9e2c2af606b24127a1f272a14db19fbd,1163.4421730041504,False,keypress,testRsp,264,[],choice-response,Out of time,67ef60de6de0902719c5faef,2025-04-04 00:32:30-04:00,tone1_120,5882,50,maintaskTrials
67eef64a6de0902719c5faca,default,0,1762237f0392729c0f88c11fd83c357a9e2c2af606b24127a1f272a14db19fbd,1163.4421730041504,False,keypress,testRsp,311,[],choice-response,In time,67ef60de6de0902719c5faef,2025-04-04 00:32:30-04:00,add8_0,5923,51,maintaskTrials
67eef64a6de0902719c5faca,default,0,1762237f0392729c0f88c11fd83c357a9e2c2af606b24127a1f272a14db19fbd,1163.4421730041504,False,keypress,testRsp,253,[],choice-response,Out of time,67ef60de6de0902719c5faef,2025-04-04 00:32:30-04:00,add1_60,6003,52,maintaskTrials
67eef64a6de0902719c5faca,default,0,1762237f0392729c0f88c11fd83c357a9e2c2af606b24127a1f272a14db19fbd,1163.4421730041504,False,keypress,testRsp,86,[],choice-response,Out of time,67ef60de6de0902719c5faef,2025-04-04 00:32:30-04:00,add1_90,5688,53,maintaskTrials
67eef64a6de0902719c5faca,default,0,1762237f0392729c0f88c11fd83c357a9e2c2af606b24127a1f272a14db19fbd,1163.4421730041504,False,keypress,testRsp,238,[],choice-response,In time,67ef60de6de0902719c5faef,2025-04-04 00:32:30-04:00,add8_30,5845,54,maintaskTrials
67eef64a6de0902719c5faca,default,0,1762237f0392729c0f88c11fd83c357a9e2c2af606b24127a1f272a14db19fbd,1163.4421730041504,False,keypress,testRsp,186,[],choice-response,In time,67ef60de6de0902719c5faef,2025-04-04 00:32:30-04:00,toneentrainer_0,5802,55,maintaskTrials
67eef64a6de0902719c5faca,default,0,1762237f0392729c0f88c11fd83c357a9e2c2af606b24127a1f272a14db19fbd,1163.4421730041504,False,keypress,testRsp,260,[],choice-response,Out of time,67ef60de6de0902719c5faef,2025-04-04 00:32:30-04:00,tone8_120,5862,56,maintaskTrials
67eef64a6de0902719c5faca,default,0,1762237f0392729c0f88c11fd83c357a9e2c2af606b24127a1f272a14db19fbd,1163.4421730041504,False,keypress,testRsp,236,[],choice-response,Out of time,67ef60de6de0902719c5faef,2025-04-04 00:32:30-04:00,toneentrainer_90,5852,57,maintaskTrials
67eef64a6de0902719c5faca,default,0,1762237f0392729c0f88c11fd83c357a9e2c2af606b24127a1f272a14db19fbd,1163.4421730041504,False,keypress,testRsp,272,[],choice-response,In time,67ef60de6de0902719c5faef,2025-04-04 00:32:30-04:00,add1_30,5882,58,maintaskTrials
67eef64a6de0902719c5faca,default,0,1762237f0392729c0f88c11fd83c357a9e2c2af606b24127a1f272a14db19fbd,1163.4421730041504,False,keypress,testRsp,249,[],choice-response,Out of time,67ef60de6de0902719c5faef,2025-04-04 00:32:30-04:00,tone1_90,5861,59,maintaskTrials
67eef64a6de0902719c5faca,default,0,1762237f0392729c0f88c11fd83c357a9e2c2af606b24127a1f272a14db19fbd,1163.4421730041504,False,keypress,testRsp,183,[],choice-response,In time,67ef60de6de0902719c5faef,2025-04-04 00:32:30-04:00,toneentrainer_30,5944,60,maintaskTrials
67eef64a6de0902719c5faca,default,0,1762237f0392729c0f88c11fd83c357a9e2c2af606b24127a1f272a14db19fbd,1163.4421730041504,False,keypress,testRsp,309,[],choice-response,Out of time,67ef60de6de0902719c5faef,2025-04-04 00:32:30-04:00,add8_120,6075,61,maintaskTrials
67eef64a6de0902719c5faca,default,0,1762237f0392729c0f88c11fd83c357a9e2c2af606b24127a1f272a14db19fbd,1163.4421730041504,False,keypress,testRsp,207,[],choice-response,In time,67ef60de6de0902719c5faef,2025-04-04 00:32:30-04:00,tone8_60,5815,62,maintaskTrials
67eef64a6de0902719c5faca,default,0,1762237f0392729c0f88c11fd83c357a9e2c2af606b24127a1f272a14db19fbd,1163.4421730041504,False,keypress,testRsp,357,[],choice-response,Out of time,67ef60de6de0902719c5faef,2025-04-04 00:32:30-04:00,tone1_60,5977,63,maintaskTrials
67eef64a6de0902719c5faca,default,0,1762237f0392729c0f88c11fd83c357a9e2c2af606b24127a1f272a14db19fbd,1163.4421730041504,False,keypress,testRsp,475,[],choice-response,In time,67ef60de6de0902719c5faef,2025-04-04 00:32:30-04:00,toneentrainer_60,6080,64,maintaskTrials
67eef64a6de0902719c5faca,default,0,1762237f0392729c0f88c11fd83c357a9e2c2af606b24127a1f272a14db19fbd,1163.4421730041504,False,keypress,testRsp,296,[],choice-response,In time,67ef60de6de0902719c5faef,2025-04-04 00:32:30-04:00,tone1_30,5908,65,maintaskTrials
67eef64a6de0902719c5faca,default,0,1762237f0392729c0f88c11fd83c357a9e2c2af606b24127a1f272a14db19fbd,1163.4421730041504,False,keypress,testRsp,836,[],choice-response,In time,67ef60de6de0902719c5faef,2025-04-04 00:32:30-04:00,addentrainer_0,6448,66,maintaskTrials
67eef64a6de0902719c5faca,default,0,1762237f0392729c0f88c11fd83c357a9e2c2af606b24127a1f272a14db19fbd,1163.4421730041504,False,keypress,testRsp,257,[],choice-response,Out of time,67ef60de6de0902719c5faef,2025-04-04 00:32:30-04:00,add8_0,5862,67,maintaskTrials
67eef64a6de0902719c5faca,default,0,1762237f0392729c0f88c11fd83c357a9e2c2af606b24127a1f272a14db19fbd,1163.4421730041504,False,keypress,testRsp,344,[],choice-response,In time,67ef60de6de0902719c5faef,2025-04-04 00:32:30-04:00,addentrainer_0,5965,68,maintaskTrials
67eef64a6de0902719c5faca,default,0,1762237f0392729c0f88c11fd83c357a9e2c2af606b24127a1f272a14db19fbd,1163.4421730041504,False,keypress,testRsp,211,[],choice-response,Out of time,67ef60de6de0902719c5faef,2025-04-04 00:32:30-04:00,addentrainer_90,5813,69,maintaskTrials
67eef64a6de0902719c5faca,default,0,1762237f0392729c0f88c11fd83c357a9e2c2af606b24127a1f272a14db19fbd,1163.4421730041504,False,keypress,testRsp,348,[],choice-response,In time,67ef60de6de0902719c5faef,2025-04-04 00:32:30-04:00,tone1_90,5957,70,maintaskTrials
67eef64a6de0902719c5faca,default,0,1762237f0392729c0f88c11fd83c357a9e2c2af606b24127a1f272a14db19fbd,1163.4421730041504,False,keypress,testRsp,897,[],choice-response,In time,67ef60de6de0902719c5faef,2025-04-04 00:32:30-04:00,add1_60,6512,71,maintaskTrials
67eef64a6de0902719c5faca,default,0,1762237f0392729c0f88c11fd83c357a9e2c2af606b24127a1f272a14db19fbd,1163.4421730041504,False,keypress,testRsp,341,[],choice-response,In time,67ef60de6de0902719c5faef,2025-04-04 00:32:30-04:00,add1_30,5953,72,maintaskTrials
67eef64a6de0902719c5faca,default,0,1762237f0392729c0f88c11fd83c357a9e2c2af606b24127a1f272a14db19fbd,1163.4421730041504,False,keypress,testRsp,225,[],choice-response,Out of time,67ef60de6de0902719c5faef,2025-04-04 00:32:30-04:00,toneentrainer_120,5964,73,maintaskTrials
67eef64a6de0902719c5faca,default,0,1762237f0392729c0f88c11fd83c357a9e2c2af606b24127a1f272a14db19fbd,1163.4421730041504,False,keypress,testRsp,3497,[],choice-response,Out of time,67ef60de6de0902719c5faef,2025-04-04 00:32:30-04:00,add1_0,9300,74,maintaskTrials
67eef64a6de0902719c5faca,default,0,1762237f0392729c0f88c11fd83c357a9e2c2af606b24127a1f272a14db19fbd,1163.4421730041504,False,keypress,testRsp,311,[],choice-response,In time,67ef60de6de0902719c5faef,2025-04-04 00:32:30-04:00,toneentrainer_30,6054,75,maintaskTrials
67eef64a6de0902719c5faca,default,0,1762237f0392729c0f88c11fd83c357a9e2c2af606b24127a1f272a14db19fbd,1163.4421730041504,False,keypress,testRsp,351,[],choice-response,In time,67ef60de6de0902719c5faef,2025-04-04 00:32:30-04:00,add1_120,5963,76,maintaskTrials
67eef64a6de0902719c5faca,default,0,1762237f0392729c0f88c11fd83c357a9e2c2af606b24127a1f272a14db19fbd,1163.4421730041504,False,keypress,testRsp,941,[],choice-response,In time,67ef60de6de0902719c5faef,2025-04-04 00:32:30-04:00,tone1_60,6543,77,maintaskTrials
67eef64a6de0902719c5faca,default,0,1762237f0392729c0f88c11fd83c357a9e2c2af606b24127a1f272a14db19fbd,1163.4421730041504,False,keypress,testRsp,369,[],choice-response,In time,67ef60de6de0902719c5faef,2025-04-04 00:32:30-04:00,tone8_0,6119,78,maintaskTrials
67eef64a6de0902719c5faca,default,0,1762237f0392729c0f88c11fd83c357a9e2c2af606b24127a1f272a14db19fbd,1163.4421730041504,False,keypress,testRsp,565,[],choice-response,Out of time,67ef60de6de0902719c5faef,2025-04-04 00:32:30-04:00,tone1_0,6165,79,maintaskTrials
67eef64a6de0902719c5faca,default,0,1762237f0392729c0f88c11fd83c357a9e2c2af606b24127a1f272a14db19fbd,1163.4421730041504,False,keypress,testRsp,279,[],choice-response,In time,67ef60de6de0902719c5faef,2025-04-04 00:32:30-04:00,add8_60,6055,80,maintaskTrials
67eef64a6de0902719c5faca,default,0,1762237f0392729c0f88c11fd83c357a9e2c2af606b24127a1f272a14db19fbd,1163.4421730041504,False,keypress,testRsp,179,[],choice-response,Out of time,67ef60de6de0902719c5faef,2025-04-04 00:32:30-04:00,tone8_30,5797,81,maintaskTrials
67eef64a6de0902719c5faca,default,0,1762237f0392729c0f88c11fd83c357a9e2c2af606b24127a1f272a14db19fbd,1163.4421730041504,False,keypress,testRsp,241,[],choice-response,Out of time,67ef60de6de0902719c5faef,2025-04-04 00:32:30-04:00,toneentrainer_90,5860,82,maintaskTrials
67eef64a6de0902719c5faca,default,0,1762237f0392729c0f88c11fd83c357a9e2c2af606b24127a1f272a14db19fbd,1163.4421730041504,False,keypress,testRsp,3047,[],choice-response,Out of time,67ef60de6de0902719c5faef,2025-04-04 00:32:30-04:00,toneentrainer_0,8779,83,maintaskTrials
67eef64a6de0902719c5faca,default,0,1762237f0392729c0f88c11fd83c357a9e2c2af606b24127a1f272a14db19fbd,1163.4421730041504,False,keypress,testRsp,384,[],choice-response,Out of time,67ef60de6de0902719c5faef,2025-04-04 00:32:30-04:00,tone8_120,6005,84,maintaskTrials
67eef64a6de0902719c5faca,default,0,1762237f0392729c0f88c11fd83c357a9e2c2af606b24127a1f272a14db19fbd,1163.4421730041504,False,keypress,testRsp,111,[],choice-response,Out of time,67ef60de6de0902719c5faef,2025-04-04 00:32:30-04:00,tone1_120,5715,85,maintaskTrials
67eef64a6de0902719c5faca,default,0,1762237f0392729c0f88c11fd83c357a9e2c2af606b24127a1f272a14db19fbd,1163.4421730041504,False,keypress,testRsp,48,[],choice-response,Out of time,67ef60de6de0902719c5faef,2025-04-04 00:32:30-04:00,add1_90,5663,86,maintaskTrials
67eef64a6de0902719c5faca,default,0,1762237f0392729c0f88c11fd83c357a9e2c2af606b24127a1f272a14db19fbd,1163.4421730041504,False,keypress,testRsp,327,[],choice-response,In time,67ef60de6de0902719c5faef,2025-04-04 00:32:30-04:00,tone8_60,6076,87,maintaskTrials
67eef64a6de0902719c5faca,default,0,1762237f0392729c0f88c11fd83c357a9e2c2af606b24127a1f272a14db19fbd,1163.4421730041504,False,keypress,testRsp,274,[],choice-response,Out of time,67ef60de6de0902719c5faef,2025-04-04 00:32:30-04:00,tone8_90,5874,88,maintaskTrials
67eef64a6de0902719c5faca,default,0,1762237f0392729c0f88c11fd83c357a9e2c2af606b24127a1f272a14db19fbd,1163.4421730041504,False,keypress,testRsp,233,[],choice-response,Out of time,67ef60de6de0902719c5faef,2025-04-04 00:32:30-04:00,addentrainer_30,5850,89,maintaskTrials
67eef64a6de0902719c5faca,default,0,1762237f0392729c0f88c11fd83c357a9e2c2af606b24127a1f272a14db19fbd,1163.4421730041504,False,keypress,testRsp,261,[],choice-response,Out of time,67ef60de6de0902719c5faef,2025-04-04 00:32:30-04:00,add8_90,5860,90,maintaskTrials
67eef64a6de0902719c5faca,default,0,1762237f0392729c0f88c11fd83c357a9e2c2af606b24127a1f272a14db19fbd,1163.4421730041504,False,keypress,testRsp,784,[],choice-response,Out of time,67ef60de6de0902719c5faef,2025-04-04 00:32:30-04:00,addentrainer_120,6558,91,maintaskTrials
67eef64a6de0902719c5faca,default,0,1762237f0392729c0f88c11fd83c357a9e2c2af606b24127a1f272a14db19fbd,1163.4421730041504,False,keypress,testRsp,22,[],choice-response,Out of time,67ef60de6de0902719c5faef,2025-04-04 00:32:30-04:00,addentrainer_60,5638,92,maintaskTrials
67eef64a6de0902719c5faca,default,0,1762237f0392729c0f88c11fd83c357a9e2c2af606b24127a1f272a14db19fbd,1163.4421730041504,False,keypress,testRsp,251,[],choice-response,In time,67ef60de6de0902719c5faef,2025-04-04 00:32:30-04:00,toneentrainer_60,6049,93,maintaskTrials
67eef64a6de0902719c5faca,default,0,1762237f0392729c0f88c11fd83c357a9e2c2af606b24127a1f272a14db19fbd,1163.4421730041504,False,keypress,testRsp,274,[],choice-response,Out of time,67ef60de6de0902719c5faef,2025-04-04 00:32:30-04:00,tone1_30,5886,94,maintaskTrials
67eef64a6de0902719c5faca,default,0,1762237f0392729c0f88c11fd83c357a9e2c2af606b24127a1f272a14db19fbd,1163.4421730041504,False,keypress,testRsp,344,[],choice-response,Out of time,67ef60de6de0902719c5faef,2025-04-04 00:32:30-04:00,add8_30,5959,95,maintaskTrials
67eef64a6de0902719c5faca,default,0,1762237f0392729c0f88c11fd83c357a9e2c2af606b24127a1f272a14db19fbd,1163.4421730041504,False,keypress,testRsp,354,[],choice-response,Out of time,67ef60de6de0902719c5faef,2025-04-04 00:32:30-04:00,add8_120,5978,96,maintaskTrials
67eef64a6de0902719c5faca,default,0,1762237f0392729c0f88c11fd83c357a9e2c2af606b24127a1f272a14db19fbd,1163.4421730041504,False,keypress,testRsp,366,[],choice-response,Out of time,67ef60de6de0902719c5faef,2025-04-04 00:32:30-04:00,tone8_60,5980,97,maintaskTrials
67eef64a6de0902719c5faca,default,0,1762237f0392729c0f88c11fd83c357a9e2c2af606b24127a1f272a14db19fbd,1163.4421730041504,False,keypress,testRsp,263,[],choice-response,Out of time,67ef60de6de0902719c5faef,2025-04-04 00:32:30-04:00,tone8_90,5876,98,maintaskTrials
67eef64a6de0902719c5faca,default,0,1762237f0392729c0f88c11fd83c357a9e2c2af606b24127a1f272a14db19fbd,1163.4421730041504,False,keypress,testRsp,94,[],choice-response,Out of time,67ef60de6de0902719c5faef,2025-04-04 00:32:30-04:00,toneentrainer_120,5710,99,maintaskTrials
67eef64a6de0902719c5faca,default,0,1762237f0392729c0f88c11fd83c357a9e2c2af606b24127a1f272a14db19fbd,1163.4421730041504,False,keypress,testRsp,476,[],choice-response,Out of time,67ef60de6de0902719c5faef,2025-04-04 00:32:30-04:00,tone1_120,6091,100,maintaskTrials
67eef64a6de0902719c5faca,default,0,1762237f0392729c0f88c11fd83c357a9e2c2af606b24127a1f272a14db19fbd,1163.4421730041504,False,keypress,testRsp,205,[],choice-response,In time,67ef60de6de0902719c5faef,2025-04-04 00:32:30-04:00,add1_30,5807,101,maintaskTrials
67eef64a6de0902719c5faca,default,0,1762237f0392729c0f88c11fd83c357a9e2c2af606b24127a1f272a14db19fbd,1163.4421730041504,False,keypress,testRsp,262,[],choice-response,Out of time,67ef60de6de0902719c5faef,2025-04-04 00:32:30-04:00,add1_90,5884,102,maintaskTrials
67eef64a6de0902719c5faca,default,0,1762237f0392729c0f88c11fd83c357a9e2c2af606b24127a1f272a14db19fbd,1163.4421730041504,False,keypress,testRsp,869,[],choice-response,In time,67ef60de6de0902719c5faef,2025-04-04 00:32:30-04:00,add1_60,6480,103,maintaskTrials
67eef64a6de0902719c5faca,default,0,1762237f0392729c0f88c11fd83c357a9e2c2af606b24127a1f272a14db19fbd,1163.4421730041504,False,keypress,testRsp,326,[],choice-response,Out of time,67ef60de6de0902719c5faef,2025-04-04 00:32:30-04:00,tone8_120,5935,104,maintaskTrials
67eef64a6de0902719c5faca,default,0,1762237f0392729c0f88c11fd83c357a9e2c2af606b24127a1f272a14db19fbd,1163.4421730041504,False,keypress,testRsp,1655,[],choice-response,In time,67ef60de6de0902719c5faef,2025-04-04 00:32:30-04:00,toneentrainer_60,7276,105,maintaskTrials
67eef64a6de0902719c5faca,default,0,1762237f0392729c0f88c11fd83c357a9e2c2af606b24127a1f272a14db19fbd,1163.4421730041504,False,keypress,testRsp,295,[],choice-response,In time,67ef60de6de0902719c5faef,2025-04-04 00:32:30-04:00,toneentrainer_30,5911,106,maintaskTrials
67eef64a6de0902719c5faca,default,0,1762237f0392729c0f88c11fd83c357a9e2c2af606b24127a1f272a14db19fbd,1163.4421730041504,False,keypress,testRsp,297,[],choice-response,Out of time,67ef60de6de0902719c5faef,2025-04-04 00:32:30-04:00,add8_30,5897,107,maintaskTrials
67eef64a6de0902719c5faca,default,0,1762237f0392729c0f88c11fd83c357a9e2c2af606b24127a1f272a14db19fbd,1163.4421730041504,False,keypress,testRsp,601,[],choice-response,In time,67ef60de6de0902719c5faef,2025-04-04 00:32:30-04:00,tone1_60,6203,108,maintaskTrials
67eef64a6de0902719c5faca,default,0,1762237f0392729c0f88c11fd83c357a9e2c2af606b24127a1f272a14db19fbd,1163.4421730041504,False,keypress,testRsp,234,[],choice-response,Out of time,67ef60de6de0902719c5faef,2025-04-04 00:32:30-04:00,tone1_0,5848,109,maintaskTrials
67eef64a6de0902719c5faca,default,0,1762237f0392729c0f88c11fd83c357a9e2c2af606b24127a1f272a14db19fbd,1163.4421730041504,False,keypress,testRsp,301,[],choice-response,Out of time,67ef60de6de0902719c5faef,2025-04-04 00:32:30-04:00,toneentrainer_0,6049,110,maintaskTrials
67eef64a6de0902719c5faca,default,0,1762237f0392729c0f88c11fd83c357a9e2c2af606b24127a1f272a14db19fbd,1163.4421730041504,False,keypress,testRsp,592,[],choice-response,Out of time,67ef60de6de0902719c5faef,2025-04-04 00:32:30-04:00,tone1_90,6206,111,maintaskTrials
67eef64a6de0902719c5faca,default,0,1762237f0392729c0f88c11fd83c357a9e2c2af606b24127a1f272a14db19fbd,1163.4421730041504,False,keypress,testRsp,340,[],choice-response,Out of time,67ef60de6de0902719c5faef,2025-04-04 00:32:30-04:00,tone1_30,5952,112,maintaskTrials
67eef64a6de0902719c5faca,default,0,1762237f0392729c0f88c11fd83c357a9e2c2af606b24127a1f272a14db19fbd,1163.4421730041504,False,keypress,testRsp,261,[],choice-response,Out of time,67ef60de6de0902719c5faef,2025-04-04 00:32:30-04:00,add1_120,5868,113,maintaskTrials
67eef64a6de0902719c5faca,default,0,1762237f0392729c0f88c11fd83c357a9e2c2af606b24127a1f272a14db19fbd,1163.4421730041504,False,keypress,testRsp,193,[],choice-response,Out of time,67ef60de6de0902719c5faef,2025-04-04 00:32:30-04:00,toneentrainer_90,5804,114,maintaskTrials
67eef64a6de0902719c5faca,default,0,1762237f0392729c0f88c11fd83c357a9e2c2af606b24127a1f272a14db19fbd,1163.4421730041504,False,keypress,testRsp,358,[],choice-response,In time,67ef60de6de0902719c5faef,2025-04-04 00:32:30-04:00,addentrainer_0,5973,115,maintaskTrials
67eef64a6de0902719c5faca,default,0,1762237f0392729c0f88c11fd83c357a9e2c2af606b24127a1f272a14db19fbd,1163.4421730041504,False,keypress,testRsp,309,[],choice-response,In time,67ef60de6de0902719c5faef,2025-04-04 00:32:30-04:00,add8_60,6077,116,maintaskTrials
67eef64a6de0902719c5faca,default,0,1762237f0392729c0f88c11fd83c357a9e2c2af606b24127a1f272a14db19fbd,1163.4421730041504,False,keypress,testRsp,233,[],choice-response,Out of time,67ef60de6de0902719c5faef,2025-04-04 00:32:30-04:00,addentrainer_120,5844,117,maintaskTrials
67eef64a6de0902719c5faca,default,0,1762237f0392729c0f88c11fd83c357a9e2c2af606b24127a1f272a14db19fbd,1163.4421730041504,False,keypress,testRsp,288,[],choice-response,In time,67ef60de6de0902719c5faef,2025-04-04 00:32:30-04:00,tone8_30,5896,118,maintaskTrials
67eef64a6de0902719c5faca,default,0,1762237f0392729c0f88c11fd83c357a9e2c2af606b24127a1f272a14db19fbd,1163.4421730041504,False,keypress,testRsp,341,[],choice-response,In time,67ef60de6de0902719c5faef,2025-04-04 00:32:30-04:00,add8_90,5943,119,maintaskTrials
67eef64a6de0902719c5faca,default,0,1762237f0392729c0f88c11fd83c357a9e2c2af606b24127a1f272a14db19fbd,1163.4421730041504,False,keypress,testRsp,282,[],choice-response,In time,67ef60de6de0902719c5faef,2025-04-04 00:32:30-04:00,tone8_0,5894,120,maintaskTrials
67eef64a6de0902719c5faca,default,0,1762237f0392729c0f88c11fd83c357a9e2c2af606b24127a1f272a14db19fbd,1163.4421730041504,False,keypress,testRsp,175,[],choice-response,Out of time,67ef60de6de0902719c5faef,2025-04-04 00:32:30-04:00,addentrainer_30,5773,121,maintaskTrials
67eef64a6de0902719c5faca,default,0,1762237f0392729c0f88c11fd83c357a9e2c2af606b24127a1f272a14db19fbd,1163.4421730041504,False,keypress,testRsp,231,[],choice-response,In time,67ef60de6de0902719c5faef,2025-04-04 00:32:30-04:00,add1_0,5988,122,maintaskTrials
67eef64a6de0902719c5faca,default,0,1762237f0392729c0f88c11fd83c357a9e2c2af606b24127a1f272a14db19fbd,1163.4421730041504,False,keypress,testRsp,274,[],choice-response,Out of time,67ef60de6de0902719c5faef,2025-04-04 00:32:30-04:00,add8_120,5876,123,maintaskTrials
67eef64a6de0902719c5faca,default,0,1762237f0392729c0f88c11fd83c357a9e2c2af606b24127a1f272a14db19fbd,1163.4421730041504,False,keypress,testRsp,2201,[],choice-response,Out of time,67ef60de6de0902719c5faef,2025-04-04 00:32:30-04:00,addentrainer_90,7952,124,maintaskTrials
67eef64a6de0902719c5faca,default,0,1762237f0392729c0f88c11fd83c357a9e2c2af606b24127a1f272a14db19fbd,1163.4421730041504,False,keypress,testRsp,3937,[],choice-response,Out of time,67ef60de6de0902719c5faef,2025-04-04 00:32:30-04:00,add8_0,9552,125,maintaskTrials
67eef64a6de0902719c5faca,default,0,1762237f0392729c0f88c11fd83c357a9e2c2af606b24127a1f272a14db19fbd,1163.4421730041504,False,keypress,testRsp,483,[],choice-response,In time,67ef60de6de0902719c5faef,2025-04-04 00:32:30-04:00,addentrainer_60,6106,126,maintaskTrials
67eef64a6de0902719c5faca,default,0,1762237f0392729c0f88c11fd83c357a9e2c2af606b24127a1f272a14db19fbd,1163.4421730041504,False,keypress,testRsp,251,[],choice-response,In time,67ef60de6de0902719c5faef,2025-04-04 00:32:30-04:00,add8_0,5870,127,maintaskTrials
67eef64a6de0902719c5faca,default,0,1762237f0392729c0f88c11fd83c357a9e2c2af606b24127a1f272a14db19fbd,1163.4421730041504,False,keypress,testRsp,214,[],choice-response,Out of time,67ef60de6de0902719c5faef,2025-04-04 00:32:30-04:00,add1_60,5826,128,maintaskTrials
67eef64a6de0902719c5faca,default,0,1762237f0392729c0f88c11fd83c357a9e2c2af606b24127a1f272a14db19fbd,1163.4421730041504,False,keypress,testRsp,248,[],choice-response,In time,67ef60de6de0902719c5faef,2025-04-04 00:32:30-04:00,add1_0,5859,129,maintaskTrials
67eef64a6de0902719c5faca,default,0,1762237f0392729c0f88c11fd83c357a9e2c2af606b24127a1f272a14db19fbd,1163.4421730041504,False,keypress,testRsp,283,[],choice-response,Out of time,67ef60de6de0902719c5faef,2025-04-04 00:32:30-04:00,add8_120,5895,130,maintaskTrials
67eef64a6de0902719c5faca,default,0,1762237f0392729c0f88c11fd83c357a9e2c2af606b24127a1f272a14db19fbd,1163.4421730041504,False,keypress,testRsp,478,[],choice-response,Out of time,67ef60de6de0902719c5faef,2025-04-04 00:32:30-04:00,toneentrainer_30,6099,131,maintaskTrials
67eef64a6de0902719c5faca,default,0,1762237f0392729c0f88c11fd83c357a9e2c2af606b24127a1f272a14db19fbd,1163.4421730041504,False,keypress,testRsp,382,[],choice-response,Out of time,67ef60de6de0902719c5faef,2025-04-04 00:32:30-04:00,tone1_30,5996,132,maintaskTrials
67eef64a6de0902719c5faca,default,0,1762237f0392729c0f88c11fd83c357a9e2c2af606b24127a1f272a14db19fbd,1163.4421730041504,False,keypress,testRsp,641,[],choice-response,Out of time,67ef60de6de0902719c5faef,2025-04-04 00:32:30-04:00,tone8_90,6393,133,maintaskTrials
67eef64a6de0902719c5faca,default,0,1762237f0392729c0f88c11fd83c357a9e2c2af606b24127a1f272a14db19fbd,1163.4421730041504,False,keypress,testRsp,228,[],choice-response,Out of time,67ef60de6de0902719c5faef,2025-04-04 00:32:30-04:00,add1_120,5839,134,maintaskTrials
67eef64a6de0902719c5faca,default,0,1762237f0392729c0f88c11fd83c357a9e2c2af606b24127a1f272a14db19fbd,1163.4421730041504,False,keypress,testRsp,5037,[],choice-response,In time,67ef60de6de0902719c5faef,2025-04-04 00:32:30-04:00,addentrainer_60,10637,135,maintaskTrials
67eef64a6de0902719c5faca,default,0,1762237f0392729c0f88c11fd83c357a9e2c2af606b24127a1f272a14db19fbd,1163.4421730041504,False,keypress,testRsp,1671,[],choice-response,Out of time,67ef60de6de0902719c5faef,2025-04-04 00:32:30-04:00,toneentrainer_120,7291,136,maintaskTrials
67eef64a6de0902719c5faca,default,0,1762237f0392729c0f88c11fd83c357a9e2c2af606b24127a1f272a14db19fbd,1163.4421730041504,False,keypress,testRsp,602,[],choice-response,Out of time,67ef60de6de0902719c5faef,2025-04-04 00:32:30-04:00,addentrainer_90,6209,137,maintaskTrials
67eef64a6de0902719c5faca,default,0,1762237f0392729c0f88c11fd83c357a9e2c2af606b24127a1f272a14db19fbd,1163.4421730041504,False,keypress,testRsp,290,[],choice-response,In time,67ef60de6de0902719c5faef,2025-04-04 00:32:30-04:00,add8_60,5903,138,maintaskTrials
67eef64a6de0902719c5faca,default,0,1762237f0392729c0f88c11fd83c357a9e2c2af606b24127a1f272a14db19fbd,1163.4421730041504,False,keypress,testRsp,197,[],choice-response,Out of time,67ef60de6de0902719c5faef,2025-04-04 00:32:30-04:00,add8_90,5816,139,maintaskTrials
67eef64a6de0902719c5faca,default,0,1762237f0392729c0f88c11fd83c357a9e2c2af606b24127a1f272a14db19fbd,1163.4421730041504,False,keypress,testRsp,215,[],choice-response,Out of time,67ef60de6de0902719c5faef,2025-04-04 00:32:30-04:00,toneentrainer_90,5839,140,maintaskTrials
67eef64a6de0902719c5faca,default,0,1762237f0392729c0f88c11fd83c357a9e2c2af606b24127a1f272a14db19fbd,1163.4421730041504,False,keypress,testRsp,397,[],choice-response,In time,67ef60de6de0902719c5faef,2025-04-04 00:32:30-04:00,tone8_30,6005,141,maintaskTrials
67eef64a6de0902719c5faca,default,0,1762237f0392729c0f88c11fd83c357a9e2c2af606b24127a1f272a14db19fbd,1163.4421730041504,False,keypress,testRsp,312,[],choice-response,Out of time,67ef60de6de0902719c5faef,2025-04-04 00:32:30-04:00,tone1_120,6085,142,maintaskTrials
67eef64a6de0902719c5faca,default,0,1762237f0392729c0f88c11fd83c357a9e2c2af606b24127a1f272a14db19fbd,1163.4421730041504,False,keypress,testRsp,457,[],choice-response,Out of time,67ef60de6de0902719c5faef,2025-04-04 00:32:30-04:00,addentrainer_0,6071,143,maintaskTrials
67eef64a6de0902719c5faca,default,0,1762237f0392729c0f88c11fd83c357a9e2c2af606b24127a1f272a14db19fbd,1163.4421730041504,False,keypress,testRsp,1254,[],choice-response,Out of time,67ef60de6de0902719c5faef,2025-04-04 00:32:30-04:00,add1_30,7015,144,maintaskTrials
67eef64a6de0902719c5faca,default,0,1762237f0392729c0f88c11fd83c357a9e2c2af606b24127a1f272a14db19fbd,1163.4421730041504,False,keypress,testRsp,358,[],choice-response,Out of time,67ef60de6de0902719c5faef,2025-04-04 00:32:30-04:00,tone8_120,5960,145,maintaskTrials
67eef64a6de0902719c5faca,default,0,1762237f0392729c0f88c11fd83c357a9e2c2af606b24127a1f272a14db19fbd,1163.4421730041504,False,keypress,testRsp,240,[],choice-response,In time,67ef60de6de0902719c5faef,2025-04-04 00:32:30-04:00,add8_30,6000,146,maintaskTrials
67eef64a6de0902719c5faca,default,0,1762237f0392729c0f88c11fd83c357a9e2c2af606b24127a1f272a14db19fbd,1163.4421730041504,False,keypress,testRsp,1459,[],choice-response,Out of time,67ef60de6de0902719c5faef,2025-04-04 00:32:30-04:00,tone1_0,7063,147,maintaskTrials
67eef64a6de0902719c5faca,default,0,1762237f0392729c0f88c11fd83c357a9e2c2af606b24127a1f272a14db19fbd,1163.4421730041504,False,keypress,testRsp,320,[],choice-response,Out of time,67ef60de6de0902719c5faef,2025-04-04 00:32:30-04:00,addentrainer_30,5944,148,maintaskTrials
67eef64a6de0902719c5faca,default,0,1762237f0392729c0f88c11fd83c357a9e2c2af606b24127a1f272a14db19fbd,1163.4421730041504,False,keypress,testRsp,341,[],choice-response,In time,67ef60de6de0902719c5faef,2025-04-04 00:32:30-04:00,tone8_60,5949,149,maintaskTrials
67eef64a6de0902719c5faca,default,0,1762237f0392729c0f88c11fd83c357a9e2c2af606b24127a1f272a14db19fbd,1163.4421730041504,False,keypress,testRsp,273,[],choice-response,Out of time,67ef60de6de0902719c5faef,2025-04-04 00:32:30-04:00,toneentrainer_60,5886,150,maintaskTrials
67eef64a6de0902719c5faca,default,0,1762237f0392729c0f88c11fd83c357a9e2c2af606b24127a1f272a14db19fbd,1163.4421730041504,False,keypress,testRsp,359,[],choice-response,In time,67ef60de6de0902719c5faef,2025-04-04 00:32:30-04:00,add1_90,5962,151,maintaskTrials
67eef64a6de0902719c5faca,default,0,1762237f0392729c0f88c11fd83c357a9e2c2af606b24127a1f272a14db19fbd,1163.4421730041504,False,keypress,testRsp,232,[],choice-response,In time,67ef60de6de0902719c5faef,2025-04-04 00:32:30-04:00,toneentrainer_0,5844,152,maintaskTrials
67eef64a6de0902719c5faca,default,0,1762237f0392729c0f88c11fd83c357a9e2c2af606b24127a1f272a14db19fbd,1163.4421730041504,False,keypress,testRsp,368,[],choice-response,Out of time,67ef60de6de0902719c5faef,2025-04-04 00:32:30-04:00,tone1_60,5985,153,maintaskTrials
67eef64a6de0902719c5faca,default,0,1762237f0392729c0f88c11fd83c357a9e2c2af606b24127a1f272a14db19fbd,1163.4421730041504,False,keypress,testRsp,281,[],choice-response,In time,67ef60de6de0902719c5faef,2025-04-04 00:32:30-04:00,tone1_90,5893,154,maintaskTrials
67eef64a6de0902719c5faca,default,0,1762237f0392729c0f88c11fd83c357a9e2c2af606b24127a1f272a14db19fbd,1163.4421730041504,False,keypress,testRsp,252,[],choice-response,In time,67ef60de6de0902719c5faef,2025-04-04 00:32:30-04:00,tone8_0,5872,155,maintaskTrials
67eef64a6de0902719c5faca,default,0,1762237f0392729c0f88c11fd83c357a9e2c2af606b24127a1f272a14db19fbd,1163.4421730041504,False,keypress,testRsp,276,[],choice-response,Out of time,67ef60de6de0902719c5faef,2025-04-04 00:32:30-04:00,addentrainer_120,5889,156,maintaskTrials
67eef64a6de0902719c5faca,default,0,c894f48cc6c3c9e4ea4644f0e2c2f35d2d03f5bf9f0053c056ab2f76ff96a581,1118.9265928268433,True,keypress,exampleRsp_lab,9253,['Out of time'],choice-response,Out of time,67ef60de6de0902719c5faef,2025-04-04 00:32:30-04:00,add8_120,18448,1,example_add
67eef64a6de0902719c5faca,default,0,c894f48cc6c3c9e4ea4644f0e2c2f35d2d03f5bf9f0053c056ab2f76ff96a581,1118.9265928268433,True,keypress,exampleRsp_lab,2343,['Out of time'],choice-response,Out of time,67ef60de6de0902719c5faef,2025-04-04 00:32:30-04:00,add1_120,10830,2,example_add
67eef64a6de0902719c5faca,default,0,c894f48cc6c3c9e4ea4644f0e2c2f35d2d03f5bf9f0053c056ab2f76ff96a581,1118.9265928268433,True,keypress,exampleRsp_lab,1362,['Out of time'],choice-response,Out of time,67ef60de6de0902719c5faef,2025-04-04 00:32:30-04:00,add1_120,9511,3,example_add
67eef64a6de0902719c5faca,default,0,c894f48cc6c3c9e4ea4644f0e2c2f35d2d03f5bf9f0053c056ab2f76ff96a581,1118.9265928268433,True,keypress,exampleRsp_tone,1752,['Out of time'],choice-response,Out of time,67ef60de6de0902719c5faef,2025-04-04 00:32:30-04:00,tone8_120,55756,4,example_tone
67eef64a6de0902719c5faca,default,0,c894f48cc6c3c9e4ea4644f0e2c2f35d2d03f5bf9f0053c056ab2f76ff96a581,1118.9265928268433,True,keypress,exampleRsp_tone,908,['Out of time'],choice-response,Out of time,67ef60de6de0902719c5faef,2025-04-04 00:32:30-04:00,tone1_120,9421,5,example_tone
67eef64a6de0902719c5faca,default,0,c894f48cc6c3c9e4ea4644f0e2c2f35d2d03f5bf9f0053c056ab2f76ff96a581,1118.9265928268433,True,keypress,exampleRsp_lab,970,['Out of time'],choice-response,Out of time,67ef60de6de0902719c5faef,2025-04-04 00:32:30-04:00,add8_120,9119,6,example_add
67eef64a6de0902719c5faca,default,0,c894f48cc6c3c9e4ea4644f0e2c2f35d2d03f5bf9f0053c056ab2f76ff96a581,1118.9265928268433,False,keypress,testRsp,4387,[],choice-response,In time,67ef60de6de0902719c5faef,2025-04-04 00:32:30-04:00,toneentrainer_0,10531,7,maintaskTrials
67eef64a6de0902719c5faca,default,0,c894f48cc6c3c9e4ea4644f0e2c2f35d2d03f5bf9f0053c056ab2f76ff96a581,1118.9265928268433,False,keypress,testRsp,847,[],choice-response,Out of time,67ef60de6de0902719c5faef,2025-04-04 00:32:30-04:00,add8_120,6382,8,maintaskTrials
67eef64a6de0902719c5faca,default,0,c894f48cc6c3c9e4ea4644f0e2c2f35d2d03f5bf9f0053c056ab2f76ff96a581,1118.9265928268433,False,keypress,testRsp,559,[],choice-response,Out of time,67ef60de6de0902719c5faef,2025-04-04 00:32:30-04:00,toneentrainer_30,6828,9,maintaskTrials
67eef64a6de0902719c5faca,default,0,c894f48cc6c3c9e4ea4644f0e2c2f35d2d03f5bf9f0053c056ab2f76ff96a581,1118.9265928268433,False,keypress,testRsp,378,[],choice-response,Out of time,67ef60de6de0902719c5faef,2025-04-04 00:32:30-04:00,add8_30,6145,10,maintaskTrials
67eef64a6de0902719c5faca,default,0,c894f48cc6c3c9e4ea4644f0e2c2f35d2d03f5bf9f0053c056ab2f76ff96a581,1118.9265928268433,False,keypress,testRsp,341,[],choice-response,Out of time,67ef60de6de0902719c5faef,2025-04-04 00:32:30-04:00,toneentrainer_90,6301,11,maintaskTrials
67eef64a6de0902719c5faca,default,0,c894f48cc6c3c9e4ea4644f0e2c2f35d2d03f5bf9f0053c056ab2f76ff96a581,1118.9265928268433,False,keypress,testRsp,573,[],choice-response,Out of time,67ef60de6de0902719c5faef,2025-04-04 00:32:30-04:00,tone1_0,6479,12,maintaskTrials
67eef64a6de0902719c5faca,default,0,c894f48cc6c3c9e4ea4644f0e2c2f35d2d03f5bf9f0053c056ab2f76ff96a581,1118.9265928268433,False,keypress,testRsp,376,[],choice-response,Out of time,67ef60de6de0902719c5faef,2025-04-04 00:32:30-04:00,add1_60,6158,13,maintaskTrials
67eef64a6de0902719c5faca,default,0,c894f48cc6c3c9e4ea4644f0e2c2f35d2d03f5bf9f0053c056ab2f76ff96a581,1118.9265928268433,False,keypress,testRsp,517,[],choice-response,Out of time,67ef60de6de0902719c5faef,2025-04-04 00:32:30-04:00,add8_60,6370,14,maintaskTrials
67eef64a6de0902719c5faca,default,0,c894f48cc6c3c9e4ea4644f0e2c2f35d2d03f5bf9f0053c056ab2f76ff96a581,1118.9265928268433,False,keypress,testRsp,614,[],choice-response,In time,67ef60de6de0902719c5faef,2025-04-04 00:32:30-04:00,tone8_0,6537,15,maintaskTrials
67eef64a6de0902719c5faca,default,0,c894f48cc6c3c9e4ea4644f0e2c2f35d2d03f5bf9f0053c056ab2f76ff96a581,1118.9265928268433,False,keypress,testRsp,1150,[],choice-response,Out of time,67ef60de6de0902719c5faef,2025-04-04 00:32:30-04:00,addentrainer_120,7061,16,maintaskTrials
67eef64a6de0902719c5faca,default,0,c894f48cc6c3c9e4ea4644f0e2c2f35d2d03f5bf9f0053c056ab2f76ff96a581,1118.9265928268433,False,keypress,testRsp,376,[],choice-response,Out of time,67ef60de6de0902719c5faef,2025-04-04 00:32:30-04:00,add1_90,6318,17,maintaskTrials
67eef64a6de0902719c5faca,default,0,c894f48cc6c3c9e4ea4644f0e2c2f35d2d03f5bf9f0053c056ab2f76ff96a581,1118.9265928268433,False,keypress,testRsp,556,[],choice-response,In time,67ef60de6de0902719c5faef,2025-04-04 00:32:30-04:00,addentrainer_0,6300,18,maintaskTrials
67eef64a6de0902719c5faca,default,0,c894f48cc6c3c9e4ea4644f0e2c2f35d2d03f5bf9f0053c056ab2f76ff96a581,1118.9265928268433,False,keypress,testRsp,285,[],choice-response,Out of time,67ef60de6de0902719c5faef,2025-04-04 00:32:30-04:00,toneentrainer_120,6074,19,maintaskTrials
67eef64a6de0902719c5faca,default,0,c894f48cc6c3c9e4ea4644f0e2c2f35d2d03f5bf9f0053c056ab2f76ff96a581,1118.9265928268433,False,keypress,testRsp,1096,[],choice-response,Out of time,67ef60de6de0902719c5faef,2025-04-04 00:32:30-04:00,add8_90,6825,20,maintaskTrials
67eef64a6de0902719c5faca,default,0,c894f48cc6c3c9e4ea4644f0e2c2f35d2d03f5bf9f0053c056ab2f76ff96a581,1118.9265928268433,False,keypress,testRsp,909,[],choice-response,Out of time,67ef60de6de0902719c5faef,2025-04-04 00:32:30-04:00,tone1_120,6451,21,maintaskTrials
67eef64a6de0902719c5faca,default,0,c894f48cc6c3c9e4ea4644f0e2c2f35d2d03f5bf9f0053c056ab2f76ff96a581,1118.9265928268433,False,keypress,testRsp,371,[],choice-response,Out of time,67ef60de6de0902719c5faef,2025-04-04 00:32:30-04:00,tone1_60,6311,22,maintaskTrials
67eef64a6de0902719c5faca,default,0,c894f48cc6c3c9e4ea4644f0e2c2f35d2d03f5bf9f0053c056ab2f76ff96a581,1118.9265928268433,False,keypress,testRsp,301,[],choice-response,Out of time,67ef60de6de0902719c5faef,2025-04-04 00:32:30-04:00,add8_0,6255,23,maintaskTrials
67eef64a6de0902719c5faca,default,0,c894f48cc6c3c9e4ea4644f0e2c2f35d2d03f5bf9f0053c056ab2f76ff96a581,1118.9265928268433,False,keypress,testRsp,164,[],choice-response,Out of time,67ef60de6de0902719c5faef,2025-04-04 00:32:30-04:00,tone8_60,6064,24,maintaskTrials
67eef64a6de0902719c5faca,default,0,c894f48cc6c3c9e4ea4644f0e2c2f35d2d03f5bf9f0053c056ab2f76ff96a581,1118.9265928268433,False,keypress,testRsp,293,[],choice-response,Out of time,67ef60de6de0902719c5faef,2025-04-04 00:32:30-04:00,add1_30,6153,25,maintaskTrials
67eef64a6de0902719c5faca,default,0,c894f48cc6c3c9e4ea4644f0e2c2f35d2d03f5bf9f0053c056ab2f76ff96a581,1118.9265928268433,False,keypress,testRsp,332,[],choice-response,Out of time,67ef60de6de0902719c5faef,2025-04-04 00:32:30-04:00,add1_0,6288,26,maintaskTrials
67eef64a6de0902719c5faca,default,0,c894f48cc6c3c9e4ea4644f0e2c2f35d2d03f5bf9f0053c056ab2f76ff96a581,1118.9265928268433,False,keypress,testRsp,286,[],choice-response,Out of time,67ef60de6de0902719c5faef,2025-04-04 00:32:30-04:00,tone8_120,5821,27,maintaskTrials
67eef64a6de0902719c5faca,default,0,c894f48cc6c3c9e4ea4644f0e2c2f35d2d03f5bf9f0053c056ab2f76ff96a581,1118.9265928268433,False,keypress,testRsp,255,[],choice-response,Out of time,67ef60de6de0902719c5faef,2025-04-04 00:32:30-04:00,add1_120,5794,28,maintaskTrials
67eef64a6de0902719c5faca,default,0,c894f48cc6c3c9e4ea4644f0e2c2f35d2d03f5bf9f0053c056ab2f76ff96a581,1118.9265928268433,False,keypress,testRsp,2017,[],choice-response,Out of time,67ef60de6de0902719c5faef,2025-04-04 00:32:30-04:00,addentrainer_30,7724,29,maintaskTrials
67eef64a6de0902719c5faca,default,0,c894f48cc6c3c9e4ea4644f0e2c2f35d2d03f5bf9f0053c056ab2f76ff96a581,1118.9265928268433,False,keypress,testRsp,947,[],choice-response,Out of time,67ef60de6de0902719c5faef,2025-04-04 00:32:30-04:00,tone8_90,7139,30,maintaskTrials
67eef64a6de0902719c5faca,default,0,c894f48cc6c3c9e4ea4644f0e2c2f35d2d03f5bf9f0053c056ab2f76ff96a581,1118.9265928268433,False,keypress,testRsp,356,[],choice-response,In time,67ef60de6de0902719c5faef,2025-04-04 00:32:30-04:00,toneentrainer_60,6279,31,maintaskTrials
67eef64a6de0902719c5faca,default,0,c894f48cc6c3c9e4ea4644f0e2c2f35d2d03f5bf9f0053c056ab2f76ff96a581,1118.9265928268433,False,keypress,testRsp,339,[],choice-response,Out of time,67ef60de6de0902719c5faef,2025-04-04 00:32:30-04:00,tone8_30,6253,32,maintaskTrials
67eef64a6de0902719c5faca,default,0,c894f48cc6c3c9e4ea4644f0e2c2f35d2d03f5bf9f0053c056ab2f76ff96a581,1118.9265928268433,False,keypress,testRsp,362,[],choice-response,Out of time,67ef60de6de0902719c5faef,2025-04-04 00:32:30-04:00,tone1_90,6338,33,maintaskTrials
67eef64a6de0902719c5faca,default,0,c894f48cc6c3c9e4ea4644f0e2c2f35d2d03f5bf9f0053c056ab2f76ff96a581,1118.9265928268433,False,keypress,testRsp,344,[],choice-response,In time,67ef60de6de0902719c5faef,2025-04-04 00:32:30-04:00,addentrainer_60,6177,34,maintaskTrials
67eef64a6de0902719c5faca,default,0,c894f48cc6c3c9e4ea4644f0e2c2f35d2d03f5bf9f0053c056ab2f76ff96a581,1118.9265928268433,False,keypress,testRsp,339,[],choice-response,In time,67ef60de6de0902719c5faef,2025-04-04 00:32:30-04:00,addentrainer_90,6027,35,maintaskTrials
67eef64a6de0902719c5faca,default,0,c894f48cc6c3c9e4ea4644f0e2c2f35d2d03f5bf9f0053c056ab2f76ff96a581,1118.9265928268433,False,keypress,testRsp,546,[],choice-response,Out of time,67ef60de6de0902719c5faef,2025-04-04 00:32:30-04:00,tone1_30,6501,36,maintaskTrials
67eef64a6de0902719c5faca,default,0,c894f48cc6c3c9e4ea4644f0e2c2f35d2d03f5bf9f0053c056ab2f76ff96a581,1118.9265928268433,False,keypress,testRsp,473,[],choice-response,Out of time,67ef60de6de0902719c5faef,2025-04-04 00:32:30-04:00,add1_90,6017,37,maintaskTrials
67eef64a6de0902719c5faca,default,0,c894f48cc6c3c9e4ea4644f0e2c2f35d2d03f5bf9f0053c056ab2f76ff96a581,1118.9265928268433,False,keypress,testRsp,739,[],choice-response,Out of time,67ef60de6de0902719c5faef,2025-04-04 00:32:30-04:00,add8_60,6285,38,maintaskTrials
67eef64a6de0902719c5faca,default,0,c894f48cc6c3c9e4ea4644f0e2c2f35d2d03f5bf9f0053c056ab2f76ff96a581,1118.9265928268433,False,keypress,testRsp,400,[],choice-response,Out of time,67ef60de6de0902719c5faef,2025-04-04 00:32:30-04:00,toneentrainer_120,5932,39,maintaskTrials
67eef64a6de0902719c5faca,default,0,c894f48cc6c3c9e4ea4644f0e2c2f35d2d03f5bf9f0053c056ab2f76ff96a581,1118.9265928268433,False,keypress,testRsp,791,[],choice-response,Out of time,67ef60de6de0902719c5faef,2025-04-04 00:32:30-04:00,add8_30,6322,40,maintaskTrials
67eef64a6de0902719c5faca,default,0,c894f48cc6c3c9e4ea4644f0e2c2f35d2d03f5bf9f0053c056ab2f76ff96a581,1118.9265928268433,False,keypress,testRsp,398,[],choice-response,Out of time,67ef60de6de0902719c5faef,2025-04-04 00:32:30-04:00,add8_120,5937,41,maintaskTrials
67eef64a6de0902719c5faca,default,0,c894f48cc6c3c9e4ea4644f0e2c2f35d2d03f5bf9f0053c056ab2f76ff96a581,1118.9265928268433,False,keypress,testRsp,447,[],choice-response,Out of time,67ef60de6de0902719c5faef,2025-04-04 00:32:30-04:00,toneentrainer_30,5981,42,maintaskTrials
67eef64a6de0902719c5faca,default,0,c894f48cc6c3c9e4ea4644f0e2c2f35d2d03f5bf9f0053c056ab2f76ff96a581,1118.9265928268433,False,keypress,testRsp,1975,[],choice-response,Out of time,67ef60de6de0902719c5faef,2025-04-04 00:32:30-04:00,addentrainer_0,7521,43,maintaskTrials
67eef64a6de0902719c5faca,default,0,c894f48cc6c3c9e4ea4644f0e2c2f35d2d03f5bf9f0053c056ab2f76ff96a581,1118.9265928268433,False,keypress,testRsp,411,[],choice-response,Out of time,67ef60de6de0902719c5faef,2025-04-04 00:32:30-04:00,add1_120,5958,44,maintaskTrials
67eef64a6de0902719c5faca,default,0,c894f48cc6c3c9e4ea4644f0e2c2f35d2d03f5bf9f0053c056ab2f76ff96a581,1118.9265928268433,False,keypress,testRsp,1087,[],choice-response,Out of time,67ef60de6de0902719c5faef,2025-04-04 00:32:30-04:00,add1_30,6629,45,maintaskTrials
67eef64a6de0902719c5faca,default,0,c894f48cc6c3c9e4ea4644f0e2c2f35d2d03f5bf9f0053c056ab2f76ff96a581,1118.9265928268433,False,keypress,testRsp,550,[],choice-response,Out of time,67ef60de6de0902719c5faef,2025-04-04 00:32:30-04:00,addentrainer_30,6092,46,maintaskTrials
67eef64a6de0902719c5faca,default,0,c894f48cc6c3c9e4ea4644f0e2c2f35d2d03f5bf9f0053c056ab2f76ff96a581,1118.9265928268433,False,keypress,testRsp,544,[],choice-response,Out of time,67ef60de6de0902719c5faef,2025-04-04 00:32:30-04:00,tone8_30,6090,47,maintaskTrials
67eef64a6de0902719c5faca,default,0,c894f48cc6c3c9e4ea4644f0e2c2f35d2d03f5bf9f0053c056ab2f76ff96a581,1118.9265928268433,False,keypress,testRsp,910,[],choice-response,Out of time,67ef60de6de0902719c5faef,2025-04-04 00:32:30-04:00,add8_0,6440,48,maintaskTrials
67eef64a6de0902719c5faca,default,0,c894f48cc6c3c9e4ea4644f0e2c2f35d2d03f5bf9f0053c056ab2f76ff96a581,1118.9265928268433,False,keypress,testRsp,467,[],choice-response,Out of time,67ef60de6de0902719c5faef,2025-04-04 00:32:30-04:00,toneentrainer_90,6011,49,maintaskTrials
67eef64a6de0902719c5faca,default,0,c894f48cc6c3c9e4ea4644f0e2c2f35d2d03f5bf9f0053c056ab2f76ff96a581,1118.9265928268433,False,keypress,testRsp,93,[],choice-response,Out of time,67ef60de6de0902719c5faef,2025-04-04 00:32:30-04:00,tone1_60,5640,50,maintaskTrials
67eef64a6de0902719c5faca,default,0,c894f48cc6c3c9e4ea4644f0e2c2f35d2d03f5bf9f0053c056ab2f76ff96a581,1118.9265928268433,False,keypress,testRsp,476,[],choice-response,Out of time,67ef60de6de0902719c5faef,2025-04-04 00:32:30-04:00,addentrainer_120,6008,51,maintaskTrials
67eef64a6de0902719c5faca,default,0,c894f48cc6c3c9e4ea4644f0e2c2f35d2d03f5bf9f0053c056ab2f76ff96a581,1118.9265928268433,False,keypress,testRsp,714,[],choice-response,Out of time,67ef60de6de0902719c5faef,2025-04-04 00:32:30-04:00,toneentrainer_0,6247,52,maintaskTrials
67eef64a6de0902719c5faca,default,0,c894f48cc6c3c9e4ea4644f0e2c2f35d2d03f5bf9f0053c056ab2f76ff96a581,1118.9265928268433,False,keypress,testRsp,381,[],choice-response,Out of time,67ef60de6de0902719c5faef,2025-04-04 00:32:30-04:00,addentrainer_60,5928,53,maintaskTrials
67eef64a6de0902719c5faca,default,0,c894f48cc6c3c9e4ea4644f0e2c2f35d2d03f5bf9f0053c056ab2f76ff96a581,1118.9265928268433,False,keypress,testRsp,963,[],choice-response,Out of time,67ef60de6de0902719c5faef,2025-04-04 00:32:30-04:00,tone8_0,6494,54,maintaskTrials
67eef64a6de0902719c5faca,default,0,c894f48cc6c3c9e4ea4644f0e2c2f35d2d03f5bf9f0053c056ab2f76ff96a581,1118.9265928268433,False,keypress,testRsp,351,[],choice-response,Out of time,67ef60de6de0902719c5faef,2025-04-04 00:32:30-04:00,tone1_120,5881,55,maintaskTrials
67eef64a6de0902719c5faca,default,0,c894f48cc6c3c9e4ea4644f0e2c2f35d2d03f5bf9f0053c056ab2f76ff96a581,1118.9265928268433,False,keypress,testRsp,382,[],choice-response,Out of time,67ef60de6de0902719c5faef,2025-04-04 00:32:30-04:00,add1_60,5917,56,maintaskTrials
67eef64a6de0902719c5faca,default,0,c894f48cc6c3c9e4ea4644f0e2c2f35d2d03f5bf9f0053c056ab2f76ff96a581,1118.9265928268433,False,keypress,testRsp,485,[],choice-response,In time,67ef60de6de0902719c5faef,2025-04-04 00:32:30-04:00,tone1_0,6017,57,maintaskTrials
67eef64a6de0902719c5faca,default,0,c894f48cc6c3c9e4ea4644f0e2c2f35d2d03f5bf9f0053c056ab2f76ff96a581,1118.9265928268433,False,keypress,testRsp,480,[],choice-response,Out of time,67ef60de6de0902719c5faef,2025-04-04 00:32:30-04:00,tone8_120,6027,58,maintaskTrials
67eef64a6de0902719c5faca,default,0,c894f48cc6c3c9e4ea4644f0e2c2f35d2d03f5bf9f0053c056ab2f76ff96a581,1118.9265928268433,False,keypress,testRsp,909,[],choice-response,Out of time,67ef60de6de0902719c5faef,2025-04-04 00:32:30-04:00,tone8_60,6445,59,maintaskTrials
67eef64a6de0902719c5faca,default,0,c894f48cc6c3c9e4ea4644f0e2c2f35d2d03f5bf9f0053c056ab2f76ff96a581,1118.9265928268433,False,keypress,testRsp,389,[],choice-response,Out of time,67ef60de6de0902719c5faef,2025-04-04 00:32:30-04:00,add1_0,5934,60,maintaskTrials
67eef64a6de0902719c5faca,default,0,c894f48cc6c3c9e4ea4644f0e2c2f35d2d03f5bf9f0053c056ab2f76ff96a581,1118.9265928268433,False,keypress,testRsp,857,[],choice-response,Out of time,67ef60de6de0902719c5faef,2025-04-04 00:32:30-04:00,add8_90,6392,61,maintaskTrials
67eef64a6de0902719c5faca,default,0,c894f48cc6c3c9e4ea4644f0e2c2f35d2d03f5bf9f0053c056ab2f76ff96a581,1118.9265928268433,False,keypress,testRsp,346,[],choice-response,Out of time,67ef60de6de0902719c5faef,2025-04-04 00:32:30-04:00,addentrainer_90,5893,62,maintaskTrials
67eef64a6de0902719c5faca,default,0,c894f48cc6c3c9e4ea4644f0e2c2f35d2d03f5bf9f0053c056ab2f76ff96a581,1118.9265928268433,False,keypress,testRsp,374,[],choice-response,In time,67ef60de6de0902719c5faef,2025-04-04 00:32:30-04:00,tone1_30,5917,63,maintaskTrials
67eef64a6de0902719c5faca,default,0,c894f48cc6c3c9e4ea4644f0e2c2f35d2d03f5bf9f0053c056ab2f76ff96a581,1118.9265928268433,False,keypress,testRsp,402,[],choice-response,Out of time,67ef60de6de0902719c5faef,2025-04-04 00:32:30-04:00,tone8_90,5944,64,maintaskTrials
67eef64a6de0902719c5faca,default,0,c894f48cc6c3c9e4ea4644f0e2c2f35d2d03f5bf9f0053c056ab2f76ff96a581,1118.9265928268433,False,keypress,testRsp,430,[],choice-response,In time,67ef60de6de0902719c5faef,2025-04-04 00:32:30-04:00,toneentrainer_60,5969,65,maintaskTrials
67eef64a6de0902719c5faca,default,0,c894f48cc6c3c9e4ea4644f0e2c2f35d2d03f5bf9f0053c056ab2f76ff96a581,1118.9265928268433,False,keypress,testRsp,3132,[],choice-response,Out of time,67ef60de6de0902719c5faef,2025-04-04 00:32:30-04:00,tone1_90,8673,66,maintaskTrials
67eef64a6de0902719c5faca,default,0,c894f48cc6c3c9e4ea4644f0e2c2f35d2d03f5bf9f0053c056ab2f76ff96a581,1118.9265928268433,False,keypress,testRsp,656,[],choice-response,In time,67ef60de6de0902719c5faef,2025-04-04 00:32:30-04:00,toneentrainer_0,6190,67,maintaskTrials
67eef64a6de0902719c5faca,default,0,c894f48cc6c3c9e4ea4644f0e2c2f35d2d03f5bf9f0053c056ab2f76ff96a581,1118.9265928268433,False,keypress,testRsp,457,[],choice-response,Out of time,67ef60de6de0902719c5faef,2025-04-04 00:32:30-04:00,add1_90,6005,68,maintaskTrials
67eef64a6de0902719c5faca,default,0,c894f48cc6c3c9e4ea4644f0e2c2f35d2d03f5bf9f0053c056ab2f76ff96a581,1118.9265928268433,False,keypress,testRsp,1777,[],choice-response,Out of time,67ef60de6de0902719c5faef,2025-04-04 00:32:30-04:00,add1_0,7310,69,maintaskTrials
67eef64a6de0902719c5faca,default,0,c894f48cc6c3c9e4ea4644f0e2c2f35d2d03f5bf9f0053c056ab2f76ff96a581,1118.9265928268433,False,keypress,testRsp,738,[],choice-response,Out of time,67ef60de6de0902719c5faef,2025-04-04 00:32:30-04:00,add8_60,6271,70,maintaskTrials
67eef64a6de0902719c5faca,default,0,c894f48cc6c3c9e4ea4644f0e2c2f35d2d03f5bf9f0053c056ab2f76ff96a581,1118.9265928268433,False,keypress,testRsp,367,[],choice-response,Out of time,67ef60de6de0902719c5faef,2025-04-04 00:32:30-04:00,add1_30,5916,71,maintaskTrials
67eef64a6de0902719c5faca,default,0,c894f48cc6c3c9e4ea4644f0e2c2f35d2d03f5bf9f0053c056ab2f76ff96a581,1118.9265928268433,False,keypress,testRsp,441,[],choice-response,In time,67ef60de6de0902719c5faef,2025-04-04 00:32:30-04:00,addentrainer_0,5979,72,maintaskTrials
67eef64a6de0902719c5faca,default,0,c894f48cc6c3c9e4ea4644f0e2c2f35d2d03f5bf9f0053c056ab2f76ff96a581,1118.9265928268433,False,keypress,testRsp,2018,[],choice-response,Out of time,67ef60de6de0902719c5faef,2025-04-04 00:32:30-04:00,add1_60,7558,73,maintaskTrials
67eef64a6de0902719c5faca,default,0,c894f48cc6c3c9e4ea4644f0e2c2f35d2d03f5bf9f0053c056ab2f76ff96a581,1118.9265928268433,False,keypress,testRsp,2019,[],choice-response,Out of time,67ef60de6de0902719c5faef,2025-04-04 00:32:30-04:00,tone8_90,7554,74,maintaskTrials
67eef64a6de0902719c5faca,default,0,c894f48cc6c3c9e4ea4644f0e2c2f35d2d03f5bf9f0053c056ab2f76ff96a581,1118.9265928268433,False,keypress,testRsp,372,[],choice-response,Out of time,67ef60de6de0902719c5faef,2025-04-04 00:32:30-04:00,addentrainer_60,5902,75,maintaskTrials
67eef64a6de0902719c5faca,default,0,c894f48cc6c3c9e4ea4644f0e2c2f35d2d03f5bf9f0053c056ab2f76ff96a581,1118.9265928268433,False,keypress,testRsp,499,[],choice-response,Out of time,67ef60de6de0902719c5faef,2025-04-04 00:32:30-04:00,tone8_30,6035,76,maintaskTrials
67eef64a6de0902719c5faca,default,0,c894f48cc6c3c9e4ea4644f0e2c2f35d2d03f5bf9f0053c056ab2f76ff96a581,1118.9265928268433,False,keypress,testRsp,280,[],choice-response,Out of time,67ef60de6de0902719c5faef,2025-04-04 00:32:30-04:00,toneentrainer_60,5816,77,maintaskTrials
67eef64a6de0902719c5faca,default,0,c894f48cc6c3c9e4ea4644f0e2c2f35d2d03f5bf9f0053c056ab2f76ff96a581,1118.9265928268433,False,keypress,testRsp,1069,[],choice-response,Out of time,67ef60de6de0902719c5faef,2025-04-04 00:32:30-04:00,tone8_60,6601,78,maintaskTrials
67eef64a6de0902719c5faca,default,0,c894f48cc6c3c9e4ea4644f0e2c2f35d2d03f5bf9f0053c056ab2f76ff96a581,1118.9265928268433,False,keypress,testRsp,602,[],choice-response,Out of time,67ef60de6de0902719c5faef,2025-04-04 00:32:30-04:00,add8_120,6141,79,maintaskTrials
67eef64a6de0902719c5faca,default,0,c894f48cc6c3c9e4ea4644f0e2c2f35d2d03f5bf9f0053c056ab2f76ff96a581,1118.9265928268433,False,keypress,testRsp,849,[],choice-response,Out of time,67ef60de6de0902719c5faef,2025-04-04 00:32:30-04:00,tone8_120,6391,80,maintaskTrials
67eef64a6de0902719c5faca,default,0,c894f48cc6c3c9e4ea4644f0e2c2f35d2d03f5bf9f0053c056ab2f76ff96a581,1118.9265928268433,False,keypress,testRsp,541,[],choice-response,Out of time,67ef60de6de0902719c5faef,2025-04-04 00:32:30-04:00,add8_30,6088,81,maintaskTrials
67eef64a6de0902719c5faca,default,0,c894f48cc6c3c9e4ea4644f0e2c2f35d2d03f5bf9f0053c056ab2f76ff96a581,1118.9265928268433,False,keypress,testRsp,489,[],choice-response,Out of time,67ef60de6de0902719c5faef,2025-04-04 00:32:30-04:00,toneentrainer_90,6018,82,maintaskTrials
67eef64a6de0902719c5faca,default,0,c894f48cc6c3c9e4ea4644f0e2c2f35d2d03f5bf9f0053c056ab2f76ff96a581,1118.9265928268433,False,keypress,testRsp,385,[],choice-response,Out of time,67ef60de6de0902719c5faef,2025-04-04 00:32:30-04:00,add8_90,5932,83,maintaskTrials
67eef64a6de0902719c5faca,default,0,c894f48cc6c3c9e4ea4644f0e2c2f35d2d03f5bf9f0053c056ab2f76ff96a581,1118.9265928268433,False,keypress,testRsp,718,[],choice-response,Out of time,67ef60de6de0902719c5faef,2025-04-04 00:32:30-04:00,tone1_30,6262,84,maintaskTrials
67eef64a6de0902719c5faca,default,0,c894f48cc6c3c9e4ea4644f0e2c2f35d2d03f5bf9f0053c056ab2f76ff96a581,1118.9265928268433,False,keypress,testRsp,487,[],choice-response,Out of time,67ef60de6de0902719c5faef,2025-04-04 00:32:30-04:00,addentrainer_90,6020,85,maintaskTrials
67eef64a6de0902719c5faca,default,0,c894f48cc6c3c9e4ea4644f0e2c2f35d2d03f5bf9f0053c056ab2f76ff96a581,1118.9265928268433,False,keypress,testRsp,682,[],choice-response,Out of time,67ef60de6de0902719c5faef,2025-04-04 00:32:30-04:00,tone1_60,6229,86,maintaskTrials
67eef64a6de0902719c5faca,default,0,c894f48cc6c3c9e4ea4644f0e2c2f35d2d03f5bf9f0053c056ab2f76ff96a581,1118.9265928268433,False,keypress,testRsp,220,[],choice-response,Out of time,67ef60de6de0902719c5faef,2025-04-04 00:32:30-04:00,tone1_0,5754,87,maintaskTrials
67eef64a6de0902719c5faca,default,0,c894f48cc6c3c9e4ea4644f0e2c2f35d2d03f5bf9f0053c056ab2f76ff96a581,1118.9265928268433,False,keypress,testRsp,290,[],choice-response,Out of time,67ef60de6de0902719c5faef,2025-04-04 00:32:30-04:00,tone1_90,5828,88,maintaskTrials
67eef64a6de0902719c5faca,default,0,c894f48cc6c3c9e4ea4644f0e2c2f35d2d03f5bf9f0053c056ab2f76ff96a581,1118.9265928268433,False,keypress,testRsp,249,[],choice-response,In time,67ef60de6de0902719c5faef,2025-04-04 00:32:30-04:00,tone8_0,5788,89,maintaskTrials
67eef64a6de0902719c5faca,default,0,c894f48cc6c3c9e4ea4644f0e2c2f35d2d03f5bf9f0053c056ab2f76ff96a581,1118.9265928268433,False,keypress,testRsp,532,[],choice-response,Out of time,67ef60de6de0902719c5faef,2025-04-04 00:32:30-04:00,toneentrainer_120,6065,90,maintaskTrials
67eef64a6de0902719c5faca,default,0,c894f48cc6c3c9e4ea4644f0e2c2f35d2d03f5bf9f0053c056ab2f76ff96a581,1118.9265928268433,False,keypress,testRsp,633,[],choice-response,Out of time,67ef60de6de0902719c5faef,2025-04-04 00:32:30-04:00,tone1_120,6181,91,maintaskTrials
67eef64a6de0902719c5faca,default,0,c894f48cc6c3c9e4ea4644f0e2c2f35d2d03f5bf9f0053c056ab2f76ff96a581,1118.9265928268433,False,keypress,testRsp,462,[],choice-response,Out of time,67ef60de6de0902719c5faef,2025-04-04 00:32:30-04:00,toneentrainer_30,6009,92,maintaskTrials
67eef64a6de0902719c5faca,default,0,c894f48cc6c3c9e4ea4644f0e2c2f35d2d03f5bf9f0053c056ab2f76ff96a581,1118.9265928268433,False,keypress,testRsp,308,[],choice-response,In time,67ef60de6de0902719c5faef,2025-04-04 00:32:30-04:00,addentrainer_30,5844,93,maintaskTrials
67eef64a6de0902719c5faca,default,0,c894f48cc6c3c9e4ea4644f0e2c2f35d2d03f5bf9f0053c056ab2f76ff96a581,1118.9265928268433,False,keypress,testRsp,935,[],choice-response,Out of time,67ef60de6de0902719c5faef,2025-04-04 00:32:30-04:00,addentrainer_120,6469,94,maintaskTrials
67eef64a6de0902719c5faca,default,0,c894f48cc6c3c9e4ea4644f0e2c2f35d2d03f5bf9f0053c056ab2f76ff96a581,1118.9265928268433,False,keypress,testRsp,1226,[],choice-response,Out of time,67ef60de6de0902719c5faef,2025-04-04 00:32:30-04:00,add1_120,6774,95,maintaskTrials
67eef64a6de0902719c5faca,default,0,c894f48cc6c3c9e4ea4644f0e2c2f35d2d03f5bf9f0053c056ab2f76ff96a581,1118.9265928268433,False,keypress,testRsp,511,[],choice-response,Out of time,67ef60de6de0902719c5faef,2025-04-04 00:32:30-04:00,add8_0,6056,96,maintaskTrials
67eef64a6de0902719c5faca,default,0,c894f48cc6c3c9e4ea4644f0e2c2f35d2d03f5bf9f0053c056ab2f76ff96a581,1118.9265928268433,False,keypress,testRsp,336,[],choice-response,Out of time,67ef60de6de0902719c5faef,2025-04-04 00:32:30-04:00,tone8_0,5867,97,maintaskTrials
67eef64a6de0902719c5faca,default,0,c894f48cc6c3c9e4ea4644f0e2c2f35d2d03f5bf9f0053c056ab2f76ff96a581,1118.9265928268433,False,keypress,testRsp,568,[],choice-response,Out of time,67ef60de6de0902719c5faef,2025-04-04 00:32:30-04:00,toneentrainer_30,6113,98,maintaskTrials
67eef64a6de0902719c5faca,default,0,c894f48cc6c3c9e4ea4644f0e2c2f35d2d03f5bf9f0053c056ab2f76ff96a581,1118.9265928268433,False,keypress,testRsp,1354,[],choice-response,Out of time,67ef60de6de0902719c5faef,2025-04-04 00:32:30-04:00,add8_0,6883,99,maintaskTrials
67eef64a6de0902719c5faca,default,0,c894f48cc6c3c9e4ea4644f0e2c2f35d2d03f5bf9f0053c056ab2f76ff96a581,1118.9265928268433,False,keypress,testRsp,370,[],choice-response,Out of time,67ef60de6de0902719c5faef,2025-04-04 00:32:30-04:00,add1_90,5910,100,maintaskTrials
67eef64a6de0902719c5faca,default,0,c894f48cc6c3c9e4ea4644f0e2c2f35d2d03f5bf9f0053c056ab2f76ff96a581,1118.9265928268433,False,keypress,testRsp,593,[],choice-response,Out of time,67ef60de6de0902719c5faef,2025-04-04 00:32:30-04:00,tone1_60,6130,101,maintaskTrials
67eef64a6de0902719c5faca,default,0,c894f48cc6c3c9e4ea4644f0e2c2f35d2d03f5bf9f0053c056ab2f76ff96a581,1118.9265928268433,False,keypress,testRsp,988,[],choice-response,Out of time,67ef60de6de0902719c5faef,2025-04-04 00:32:30-04:00,addentrainer_120,6525,102,maintaskTrials
67eef64a6de0902719c5faca,default,0,c894f48cc6c3c9e4ea4644f0e2c2f35d2d03f5bf9f0053c056ab2f76ff96a581,1118.9265928268433,False,keypress,testRsp,676,[],choice-response,Out of time,67ef60de6de0902719c5faef,2025-04-04 00:32:30-04:00,tone8_90,6223,103,maintaskTrials
67eef64a6de0902719c5faca,default,0,c894f48cc6c3c9e4ea4644f0e2c2f35d2d03f5bf9f0053c056ab2f76ff96a581,1118.9265928268433,False,keypress,testRsp,513,[],choice-response,Out of time,67ef60de6de0902719c5faef,2025-04-04 00:32:30-04:00,add8_120,6043,104,maintaskTrials
67eef64a6de0902719c5faca,default,0,c894f48cc6c3c9e4ea4644f0e2c2f35d2d03f5bf9f0053c056ab2f76ff96a581,1118.9265928268433,False,keypress,testRsp,425,[],choice-response,Out of time,67ef60de6de0902719c5faef,2025-04-04 00:32:30-04:00,add8_90,5963,105,maintaskTrials
67eef64a6de0902719c5faca,default,0,c894f48cc6c3c9e4ea4644f0e2c2f35d2d03f5bf9f0053c056ab2f76ff96a581,1118.9265928268433,False,keypress,testRsp,278,[],choice-response,Out of time,67ef60de6de0902719c5faef,2025-04-04 00:32:30-04:00,add1_60,5807,106,maintaskTrials
67eef64a6de0902719c5faca,default,0,c894f48cc6c3c9e4ea4644f0e2c2f35d2d03f5bf9f0053c056ab2f76ff96a581,1118.9265928268433,False,keypress,testRsp,259,[],choice-response,In time,67ef60de6de0902719c5faef,2025-04-04 00:32:30-04:00,tone1_0,5794,107,maintaskTrials
67eef64a6de0902719c5faca,default,0,c894f48cc6c3c9e4ea4644f0e2c2f35d2d03f5bf9f0053c056ab2f76ff96a581,1118.9265928268433,False,keypress,testRsp,329,[],choice-response,In time,67ef60de6de0902719c5faef,2025-04-04 00:32:30-04:00,add1_0,5867,108,maintaskTrials
67eef64a6de0902719c5faca,default,0,c894f48cc6c3c9e4ea4644f0e2c2f35d2d03f5bf9f0053c056ab2f76ff96a581,1118.9265928268433,False,keypress,testRsp,199,[],choice-response,In time,67ef60de6de0902719c5faef,2025-04-04 00:32:30-04:00,addentrainer_0,5742,109,maintaskTrials
67eef64a6de0902719c5faca,default,0,c894f48cc6c3c9e4ea4644f0e2c2f35d2d03f5bf9f0053c056ab2f76ff96a581,1118.9265928268433,False,keypress,testRsp,220,[],choice-response,Out of time,67ef60de6de0902719c5faef,2025-04-04 00:32:30-04:00,tone1_30,5756,110,maintaskTrials
67eef64a6de0902719c5faca,default,0,c894f48cc6c3c9e4ea4644f0e2c2f35d2d03f5bf9f0053c056ab2f76ff96a581,1118.9265928268433,False,keypress,testRsp,424,[],choice-response,Out of time,67ef60de6de0902719c5faef,2025-04-04 00:32:30-04:00,toneentrainer_90,5959,111,maintaskTrials
67eef64a6de0902719c5faca,default,0,c894f48cc6c3c9e4ea4644f0e2c2f35d2d03f5bf9f0053c056ab2f76ff96a581,1118.9265928268433,False,keypress,testRsp,337,[],choice-response,In time,67ef60de6de0902719c5faef,2025-04-04 00:32:30-04:00,toneentrainer_0,5882,112,maintaskTrials
67eef64a6de0902719c5faca,default,0,c894f48cc6c3c9e4ea4644f0e2c2f35d2d03f5bf9f0053c056ab2f76ff96a581,1118.9265928268433,False,keypress,testRsp,405,[],choice-response,Out of time,67ef60de6de0902719c5faef,2025-04-04 00:32:30-04:00,add8_60,5935,113,maintaskTrials
67eef64a6de0902719c5faca,default,0,c894f48cc6c3c9e4ea4644f0e2c2f35d2d03f5bf9f0053c056ab2f76ff96a581,1118.9265928268433,False,keypress,testRsp,827,[],choice-response,Out of time,67ef60de6de0902719c5faef,2025-04-04 00:32:30-04:00,toneentrainer_60,6369,114,maintaskTrials
67eef64a6de0902719c5faca,default,0,c894f48cc6c3c9e4ea4644f0e2c2f35d2d03f5bf9f0053c056ab2f76ff96a581,1118.9265928268433,False,keypress,testRsp,218,[],choice-response,Out of time,67ef60de6de0902719c5faef,2025-04-04 00:32:30-04:00,add8_30,5748,115,maintaskTrials
67eef64a6de0902719c5faca,default,0,c894f48cc6c3c9e4ea4644f0e2c2f35d2d03f5bf9f0053c056ab2f76ff96a581,1118.9265928268433,False,keypress,testRsp,384,[],choice-response,Out of time,67ef60de6de0902719c5faef,2025-04-04 00:32:30-04:00,addentrainer_60,5932,116,maintaskTrials
67eef64a6de0902719c5faca,default,0,c894f48cc6c3c9e4ea4644f0e2c2f35d2d03f5bf9f0053c056ab2f76ff96a581,1118.9265928268433,False,keypress,testRsp,799,[],choice-response,Out of time,67ef60de6de0902719c5faef,2025-04-04 00:32:30-04:00,tone8_30,6336,117,maintaskTrials
67eef64a6de0902719c5faca,default,0,c894f48cc6c3c9e4ea4644f0e2c2f35d2d03f5bf9f0053c056ab2f76ff96a581,1118.9265928268433,False,keypress,testRsp,374,[],choice-response,Out of time,67ef60de6de0902719c5faef,2025-04-04 00:32:30-04:00,addentrainer_30,5917,118,maintaskTrials
67eef64a6de0902719c5faca,default,0,c894f48cc6c3c9e4ea4644f0e2c2f35d2d03f5bf9f0053c056ab2f76ff96a581,1118.9265928268433,False,keypress,testRsp,699,[],choice-response,Out of time,67ef60de6de0902719c5faef,2025-04-04 00:32:30-04:00,add1_30,6313,119,maintaskTrials
67eef64a6de0902719c5faca,default,0,c894f48cc6c3c9e4ea4644f0e2c2f35d2d03f5bf9f0053c056ab2f76ff96a581,1118.9265928268433,False,keypress,testRsp,446,[],choice-response,Out of time,67ef60de6de0902719c5faef,2025-04-04 00:32:30-04:00,tone8_60,6064,120,maintaskTrials
67eef64a6de0902719c5faca,default,0,c894f48cc6c3c9e4ea4644f0e2c2f35d2d03f5bf9f0053c056ab2f76ff96a581,1118.9265928268433,False,keypress,testRsp,423,[],choice-response,Out of time,67ef60de6de0902719c5faef,2025-04-04 00:32:30-04:00,tone8_120,5973,121,maintaskTrials
67eef64a6de0902719c5faca,default,0,c894f48cc6c3c9e4ea4644f0e2c2f35d2d03f5bf9f0053c056ab2f76ff96a581,1118.9265928268433,False,keypress,testRsp,311,[],choice-response,Out of time,67ef60de6de0902719c5faef,2025-04-04 00:32:30-04:00,tone1_90,5847,122,maintaskTrials
67eef64a6de0902719c5faca,default,0,c894f48cc6c3c9e4ea4644f0e2c2f35d2d03f5bf9f0053c056ab2f76ff96a581,1118.9265928268433,False,keypress,testRsp,402,[],choice-response,Out of time,67ef60de6de0902719c5faef,2025-04-04 00:32:30-04:00,add1_120,5952,123,maintaskTrials
67eef64a6de0902719c5faca,default,0,c894f48cc6c3c9e4ea4644f0e2c2f35d2d03f5bf9f0053c056ab2f76ff96a581,1118.9265928268433,False,keypress,testRsp,427,[],choice-response,Out of time,67ef60de6de0902719c5faef,2025-04-04 00:32:30-04:00,addentrainer_90,5958,124,maintaskTrials
67eef64a6de0902719c5faca,default,0,c894f48cc6c3c9e4ea4644f0e2c2f35d2d03f5bf9f0053c056ab2f76ff96a581,1118.9265928268433,False,keypress,testRsp,1384,[],choice-response,Out of time,67ef60de6de0902719c5faef,2025-04-04 00:32:30-04:00,tone1_120,6925,125,maintaskTrials
67eef64a6de0902719c5faca,default,0,c894f48cc6c3c9e4ea4644f0e2c2f35d2d03f5bf9f0053c056ab2f76ff96a581,1118.9265928268433,False,keypress,testRsp,1122,[],choice-response,Out of time,67ef60de6de0902719c5faef,2025-04-04 00:32:30-04:00,toneentrainer_120,6667,126,maintaskTrials
67eef64a6de0902719c5faca,default,0,c894f48cc6c3c9e4ea4644f0e2c2f35d2d03f5bf9f0053c056ab2f76ff96a581,1118.9265928268433,False,keypress,testRsp,1256,[],choice-response,Out of time,67ef60de6de0902719c5faef,2025-04-04 00:32:30-04:00,add8_60,6789,127,maintaskTrials
67eef64a6de0902719c5faca,default,0,c894f48cc6c3c9e4ea4644f0e2c2f35d2d03f5bf9f0053c056ab2f76ff96a581,1118.9265928268433,False,keypress,testRsp,503,[],choice-response,Out of time,67ef60de6de0902719c5faef,2025-04-04 00:32:30-04:00,addentrainer_90,6045,128,maintaskTrials
67eef64a6de0902719c5faca,default,0,c894f48cc6c3c9e4ea4644f0e2c2f35d2d03f5bf9f0053c056ab2f76ff96a581,1118.9265928268433,False,keypress,testRsp,364,[],choice-response,Out of time,67ef60de6de0902719c5faef,2025-04-04 00:32:30-04:00,add1_30,5906,129,maintaskTrials
67eef64a6de0902719c5faca,default,0,c894f48cc6c3c9e4ea4644f0e2c2f35d2d03f5bf9f0053c056ab2f76ff96a581,1118.9265928268433,False,keypress,testRsp,791,[],choice-response,Out of time,67ef60de6de0902719c5faef,2025-04-04 00:32:30-04:00,tone8_60,6321,130,maintaskTrials
67eef64a6de0902719c5faca,default,0,c894f48cc6c3c9e4ea4644f0e2c2f35d2d03f5bf9f0053c056ab2f76ff96a581,1118.9265928268433,False,keypress,testRsp,1501,[],choice-response,Out of time,67ef60de6de0902719c5faef,2025-04-04 00:32:30-04:00,add8_90,7058,131,maintaskTrials
67eef64a6de0902719c5faca,default,0,c894f48cc6c3c9e4ea4644f0e2c2f35d2d03f5bf9f0053c056ab2f76ff96a581,1118.9265928268433,False,keypress,testRsp,614,[],choice-response,Out of time,67ef60de6de0902719c5faef,2025-04-04 00:32:30-04:00,add8_120,6145,132,maintaskTrials
67eef64a6de0902719c5faca,default,0,c894f48cc6c3c9e4ea4644f0e2c2f35d2d03f5bf9f0053c056ab2f76ff96a581,1118.9265928268433,False,keypress,testRsp,1466,[],choice-response,Out of time,67ef60de6de0902719c5faef,2025-04-04 00:32:30-04:00,add8_0,7012,133,maintaskTrials
67eef64a6de0902719c5faca,default,0,c894f48cc6c3c9e4ea4644f0e2c2f35d2d03f5bf9f0053c056ab2f76ff96a581,1118.9265928268433,False,keypress,testRsp,322,[],choice-response,Out of time,67ef60de6de0902719c5faef,2025-04-04 00:32:30-04:00,tone1_90,5870,134,maintaskTrials
67eef64a6de0902719c5faca,default,0,c894f48cc6c3c9e4ea4644f0e2c2f35d2d03f5bf9f0053c056ab2f76ff96a581,1118.9265928268433,False,keypress,testRsp,452,[],choice-response,In time,67ef60de6de0902719c5faef,2025-04-04 00:32:30-04:00,toneentrainer_0,5984,135,maintaskTrials
67eef64a6de0902719c5faca,default,0,c894f48cc6c3c9e4ea4644f0e2c2f35d2d03f5bf9f0053c056ab2f76ff96a581,1118.9265928268433,False,keypress,testRsp,1760,[],choice-response,Out of time,67ef60de6de0902719c5faef,2025-04-04 00:32:30-04:00,tone8_0,7304,136,maintaskTrials
67eef64a6de0902719c5faca,default,0,c894f48cc6c3c9e4ea4644f0e2c2f35d2d03f5bf9f0053c056ab2f76ff96a581,1118.9265928268433,False,keypress,testRsp,613,[],choice-response,Out of time,67ef60de6de0902719c5faef,2025-04-04 00:32:30-04:00,tone1_120,6161,137,maintaskTrials
67eef64a6de0902719c5faca,default,0,c894f48cc6c3c9e4ea4644f0e2c2f35d2d03f5bf9f0053c056ab2f76ff96a581,1118.9265928268433,False,keypress,testRsp,246,[],choice-response,Out of time,67ef60de6de0902719c5faef,2025-04-04 00:32:30-04:00,tone8_30,5776,138,maintaskTrials
67eef64a6de0902719c5faca,default,0,c894f48cc6c3c9e4ea4644f0e2c2f35d2d03f5bf9f0053c056ab2f76ff96a581,1118.9265928268433,False,keypress,testRsp,187,[],choice-response,Out of time,67ef60de6de0902719c5faef,2025-04-04 00:32:30-04:00,tone1_60,5716,139,maintaskTrials
67eef64a6de0902719c5faca,default,0,c894f48cc6c3c9e4ea4644f0e2c2f35d2d03f5bf9f0053c056ab2f76ff96a581,1118.9265928268433,False,keypress,testRsp,564,[],choice-response,Out of time,67ef60de6de0902719c5faef,2025-04-04 00:32:30-04:00,tone1_30,6097,140,maintaskTrials
67eef64a6de0902719c5faca,default,0,c894f48cc6c3c9e4ea4644f0e2c2f35d2d03f5bf9f0053c056ab2f76ff96a581,1118.9265928268433,False,keypress,testRsp,267,[],choice-response,Out of time,67ef60de6de0902719c5faef,2025-04-04 00:32:30-04:00,tone8_90,5803,141,maintaskTrials
67eef64a6de0902719c5faca,default,0,c894f48cc6c3c9e4ea4644f0e2c2f35d2d03f5bf9f0053c056ab2f76ff96a581,1118.9265928268433,False,keypress,testRsp,1350,[],choice-response,Out of time,67ef60de6de0902719c5faef,2025-04-04 00:32:30-04:00,add1_90,6895,142,maintaskTrials
67eef64a6de0902719c5faca,default,0,c894f48cc6c3c9e4ea4644f0e2c2f35d2d03f5bf9f0053c056ab2f76ff96a581,1118.9265928268433,False,keypress,testRsp,493,[],choice-response,Out of time,67ef60de6de0902719c5faef,2025-04-04 00:32:30-04:00,toneentrainer_90,6036,143,maintaskTrials
67eef64a6de0902719c5faca,default,0,c894f48cc6c3c9e4ea4644f0e2c2f35d2d03f5bf9f0053c056ab2f76ff96a581,1118.9265928268433,False,keypress,testRsp,514,[],choice-response,Out of time,67ef60de6de0902719c5faef,2025-04-04 00:32:30-04:00,addentrainer_30,6050,144,maintaskTrials
67eef64a6de0902719c5faca,default,0,c894f48cc6c3c9e4ea4644f0e2c2f35d2d03f5bf9f0053c056ab2f76ff96a581,1118.9265928268433,False,keypress,testRsp,564,[],choice-response,Out of time,67ef60de6de0902719c5faef,2025-04-04 00:32:30-04:00,toneentrainer_30,6104,145,maintaskTrials
67eef64a6de0902719c5faca,default,0,c894f48cc6c3c9e4ea4644f0e2c2f35d2d03f5bf9f0053c056ab2f76ff96a581,1118.9265928268433,False,keypress,testRsp,3722,[],choice-response,Out of time,67ef60de6de0902719c5faef,2025-04-04 00:32:30-04:00,addentrainer_120,9211,146,maintaskTrials
67eef64a6de0902719c5faca,default,0,c894f48cc6c3c9e4ea4644f0e2c2f35d2d03f5bf9f0053c056ab2f76ff96a581,1118.9265928268433,False,keypress,testRsp,879,[],choice-response,Out of time,67ef60de6de0902719c5faef,2025-04-04 00:32:30-04:00,tone1_0,6410,147,maintaskTrials
67eef64a6de0902719c5faca,default,0,c894f48cc6c3c9e4ea4644f0e2c2f35d2d03f5bf9f0053c056ab2f76ff96a581,1118.9265928268433,False,keypress,testRsp,654,[],choice-response,Out of time,67ef60de6de0902719c5faef,2025-04-04 00:32:30-04:00,add8_30,6195,148,maintaskTrials
67eef64a6de0902719c5faca,default,0,c894f48cc6c3c9e4ea4644f0e2c2f35d2d03f5bf9f0053c056ab2f76ff96a581,1118.9265928268433,False,keypress,testRsp,232,[],choice-response,In time,67ef60de6de0902719c5faef,2025-04-04 00:32:30-04:00,toneentrainer_60,5771,149,maintaskTrials
67eef64a6de0902719c5faca,default,0,c894f48cc6c3c9e4ea4644f0e2c2f35d2d03f5bf9f0053c056ab2f76ff96a581,1118.9265928268433,False,keypress,testRsp,813,[],choice-response,Out of time,67ef60de6de0902719c5faef,2025-04-04 00:32:30-04:00,add1_120,6357,150,maintaskTrials
67eef64a6de0902719c5faca,default,0,c894f48cc6c3c9e4ea4644f0e2c2f35d2d03f5bf9f0053c056ab2f76ff96a581,1118.9265928268433,False,keypress,testRsp,1464,[],choice-response,Out of time,67ef60de6de0902719c5faef,2025-04-04 00:32:30-04:00,add1_0,7001,151,maintaskTrials
67eef64a6de0902719c5faca,default,0,c894f48cc6c3c9e4ea4644f0e2c2f35d2d03f5bf9f0053c056ab2f76ff96a581,1118.9265928268433,False,keypress,testRsp,421,[],choice-response,Out of time,67ef60de6de0902719c5faef,2025-04-04 00:32:30-04:00,toneentrainer_120,5958,152,maintaskTrials
67eef64a6de0902719c5faca,default,0,c894f48cc6c3c9e4ea4644f0e2c2f35d2d03f5bf9f0053c056ab2f76ff96a581,1118.9265928268433,False,keypress,testRsp,768,[],choice-response,Out of time,67ef60de6de0902719c5faef,2025-04-04 00:32:30-04:00,add1_60,6297,153,maintaskTrials
67eef64a6de0902719c5faca,default,0,c894f48cc6c3c9e4ea4644f0e2c2f35d2d03f5bf9f0053c056ab2f76ff96a581,1118.9265928268433,False,keypress,testRsp,2472,[],choice-response,Out of time,67ef60de6de0902719c5faef,2025-04-04 00:32:30-04:00,addentrainer_0,8004,154,maintaskTrials
67eef64a6de0902719c5faca,default,0,c894f48cc6c3c9e4ea4644f0e2c2f35d2d03f5bf9f0053c056ab2f76ff96a581,1118.9265928268433,False,keypress,testRsp,571,[],choice-response,Out of time,67ef60de6de0902719c5faef,2025-04-04 00:32:30-04:00,tone8_120,6111,155,maintaskTrials
67eef64a6de0902719c5faca,default,0,c894f48cc6c3c9e4ea4644f0e2c2f35d2d03f5bf9f0053c056ab2f76ff96a581,1118.9265928268433,False,keypress,testRsp,590,[],choice-response,Out of time,67ef60de6de0902719c5faef,2025-04-04 00:32:30-04:00,addentrainer_60,6130,156,maintaskTrials
67eef64a6de0902719c5faca,default,0,09b5150e50c1970c13640f7256e5fd85104ea5c46c857d277113d0ba6a3e2061,1189.527137041092,True,click,exampleRsp_lab,8327,['Out of time'],choice-response,Out of time,67ef60de6de0902719c5faef,2025-04-04 00:32:30-04:00,add1_120,16880,1,example_add
67eef64a6de0902719c5faca,default,0,09b5150e50c1970c13640f7256e5fd85104ea5c46c857d277113d0ba6a3e2061,1189.527137041092,True,click,exampleRsp_tone,3806,['Out of time'],choice-response,Out of time,67ef60de6de0902719c5faef,2025-04-04 00:32:30-04:00,tone1_120,12173,2,example_tone
67eef64a6de0902719c5faca,default,0,09b5150e50c1970c13640f7256e5fd85104ea5c46c857d277113d0ba6a3e2061,1189.527137041092,True,click,exampleRsp_lab,2202,['Out of time'],choice-response,Out of time,67ef60de6de0902719c5faef,2025-04-04 00:32:30-04:00,add8_120,10413,3,example_add
67eef64a6de0902719c5faca,default,0,09b5150e50c1970c13640f7256e5fd85104ea5c46c857d277113d0ba6a3e2061,1189.527137041092,True,click,exampleRsp_lab,1795,['Out of time'],choice-response,Out of time,67ef60de6de0902719c5faef,2025-04-04 00:32:30-04:00,add8_120,9826,4,example_add
67eef64a6de0902719c5faca,default,0,09b5150e50c1970c13640f7256e5fd85104ea5c46c857d277113d0ba6a3e2061,1189.527137041092,True,click,exampleRsp_lab,1421,['Out of time'],choice-response,Out of time,67ef60de6de0902719c5faef,2025-04-04 00:32:30-04:00,add1_120,9477,5,example_add
67eef64a6de0902719c5faca,default,0,09b5150e50c1970c13640f7256e5fd85104ea5c46c857d277113d0ba6a3e2061,1189.527137041092,True,click,exampleRsp_tone,2097,['Out of time'],choice-response,Out of time,67ef60de6de0902719c5faef,2025-04-04 00:32:30-04:00,tone8_120,10625,6,example_tone
67eef64a6de0902719c5faca,default,0,09b5150e50c1970c13640f7256e5fd85104ea5c46c857d277113d0ba6a3e2061,1189.527137041092,False,click,testRsp,1396,[],choice-response,Out of time,67ef60de6de0902719c5faef,2025-04-04 00:32:30-04:00,toneentrainer_120,7203,7,maintaskTrials
67eef64a6de0902719c5faca,default,0,09b5150e50c1970c13640f7256e5fd85104ea5c46c857d277113d0ba6a3e2061,1189.527137041092,False,click,testRsp,1845,[],choice-response,Out of time,67ef60de6de0902719c5faef,2025-04-04 00:32:30-04:00,add8_90,7503,8,maintaskTrials
67eef64a6de0902719c5faca,default,0,09b5150e50c1970c13640f7256e5fd85104ea5c46c857d277113d0ba6a3e2061,1189.527137041092,False,click,testRsp,2371,[],choice-response,In time,67ef60de6de0902719c5faef,2025-04-04 00:32:30-04:00,tone8_0,8165,9,maintaskTrials
67eef64a6de0902719c5faca,default,0,09b5150e50c1970c13640f7256e5fd85104ea5c46c857d277113d0ba6a3e2061,1189.527137041092,False,click,testRsp,2060,[],choice-response,In time,67ef60de6de0902719c5faef,2025-04-04 00:32:30-04:00,addentrainer_60,8057,10,maintaskTrials
67eef64a6de0902719c5faca,default,0,09b5150e50c1970c13640f7256e5fd85104ea5c46c857d277113d0ba6a3e2061,1189.527137041092,False,click,testRsp,7356,[],choice-response,In time,67ef60de6de0902719c5faef,2025-04-04 00:32:30-04:00,add8_60,12948,11,maintaskTrials
67eef64a6de0902719c5faca,default,0,09b5150e50c1970c13640f7256e5fd85104ea5c46c857d277113d0ba6a3e2061,1189.527137041092,False,click,testRsp,1175,[],choice-response,Out of time,67ef60de6de0902719c5faef,2025-04-04 00:32:30-04:00,add8_120,6579,12,maintaskTrials
67eef64a6de0902719c5faca,default,0,09b5150e50c1970c13640f7256e5fd85104ea5c46c857d277113d0ba6a3e2061,1189.527137041092,False,click,testRsp,1493,[],choice-response,In time,67ef60de6de0902719c5faef,2025-04-04 00:32:30-04:00,toneentrainer_30,7124,13,maintaskTrials
67eef64a6de0902719c5faca,default,0,09b5150e50c1970c13640f7256e5fd85104ea5c46c857d277113d0ba6a3e2061,1189.527137041092,False,click,testRsp,1227,[],choice-response,Out of time,67ef60de6de0902719c5faef,2025-04-04 00:32:30-04:00,tone1_90,6854,14,maintaskTrials
67eef64a6de0902719c5faca,default,0,09b5150e50c1970c13640f7256e5fd85104ea5c46c857d277113d0ba6a3e2061,1189.527137041092,False,click,testRsp,1306,[],choice-response,In time,67ef60de6de0902719c5faef,2025-04-04 00:32:30-04:00,tone8_30,6938,15,maintaskTrials
67eef64a6de0902719c5faca,default,0,09b5150e50c1970c13640f7256e5fd85104ea5c46c857d277113d0ba6a3e2061,1189.527137041092,False,click,testRsp,3083,[],choice-response,In time,67ef60de6de0902719c5faef,2025-04-04 00:32:30-04:00,add8_30,8664,16,maintaskTrials
67eef64a6de0902719c5faca,default,0,09b5150e50c1970c13640f7256e5fd85104ea5c46c857d277113d0ba6a3e2061,1189.527137041092,False,click,testRsp,2482,[],choice-response,Out of time,67ef60de6de0902719c5faef,2025-04-04 00:32:30-04:00,add1_90,8064,17,maintaskTrials
67eef64a6de0902719c5faca,default,0,09b5150e50c1970c13640f7256e5fd85104ea5c46c857d277113d0ba6a3e2061,1189.527137041092,False,click,testRsp,1693,[],choice-response,In time,67ef60de6de0902719c5faef,2025-04-04 00:32:30-04:00,tone1_30,7273,18,maintaskTrials
67eef64a6de0902719c5faca,default,0,09b5150e50c1970c13640f7256e5fd85104ea5c46c857d277113d0ba6a3e2061,1189.527137041092,False,click,testRsp,1238,[],choice-response,Out of time,67ef60de6de0902719c5faef,2025-04-04 00:32:30-04:00,toneentrainer_60,6815,19,maintaskTrials
67eef64a6de0902719c5faca,default,0,09b5150e50c1970c13640f7256e5fd85104ea5c46c857d277113d0ba6a3e2061,1189.527137041092,False,click,testRsp,3306,[],choice-response,In time,67ef60de6de0902719c5faef,2025-04-04 00:32:30-04:00,add8_0,9077,20,maintaskTrials
67eef64a6de0902719c5faca,default,0,09b5150e50c1970c13640f7256e5fd85104ea5c46c857d277113d0ba6a3e2061,1189.527137041092,False,click,testRsp,1935,[],choice-response,Out of time,67ef60de6de0902719c5faef,2025-04-04 00:32:30-04:00,tone8_120,7333,21,maintaskTrials
67eef64a6de0902719c5faca,default,0,09b5150e50c1970c13640f7256e5fd85104ea5c46c857d277113d0ba6a3e2061,1189.527137041092,False,click,testRsp,1212,[],choice-response,In time,67ef60de6de0902719c5faef,2025-04-04 00:32:30-04:00,toneentrainer_0,6840,22,maintaskTrials
67eef64a6de0902719c5faca,default,0,09b5150e50c1970c13640f7256e5fd85104ea5c46c857d277113d0ba6a3e2061,1189.527137041092,False,click,testRsp,1594,[],choice-response,Out of time,67ef60de6de0902719c5faef,2025-04-04 00:32:30-04:00,tone1_120,7000,23,maintaskTrials
67eef64a6de0902719c5faca,default,0,09b5150e50c1970c13640f7256e5fd85104ea5c46c857d277113d0ba6a3e2061,1189.527137041092,False,click,testRsp,1965,[],choice-response,Out of time,67ef60de6de0902719c5faef,2025-04-04 00:32:30-04:00,tone1_60,7867,24,maintaskTrials
67eef64a6de0902719c5faca,default,0,09b5150e50c1970c13640f7256e5fd85104ea5c46c857d277113d0ba6a3e2061,1189.527137041092,False,click,testRsp,1900,[],choice-response,In time,67ef60de6de0902719c5faef,2025-04-04 00:32:30-04:00,add1_0,7477,25,maintaskTrials
67eef64a6de0902719c5faca,default,0,09b5150e50c1970c13640f7256e5fd85104ea5c46c857d277113d0ba6a3e2061,1189.527137041092,False,click,testRsp,2273,[],choice-response,Out of time,67ef60de6de0902719c5faef,2025-04-04 00:32:30-04:00,toneentrainer_90,7838,26,maintaskTrials
67eef64a6de0902719c5faca,default,0,09b5150e50c1970c13640f7256e5fd85104ea5c46c857d277113d0ba6a3e2061,1189.527137041092,False,click,testRsp,1557,[],choice-response,In time,67ef60de6de0902719c5faef,2025-04-04 00:32:30-04:00,addentrainer_0,7162,27,maintaskTrials
67eef64a6de0902719c5faca,default,0,09b5150e50c1970c13640f7256e5fd85104ea5c46c857d277113d0ba6a3e2061,1189.527137041092,False,click,testRsp,1338,[],choice-response,In time,67ef60de6de0902719c5faef,2025-04-04 00:32:30-04:00,tone1_0,6947,28,maintaskTrials
67eef64a6de0902719c5faca,default,0,09b5150e50c1970c13640f7256e5fd85104ea5c46c857d277113d0ba6a3e2061,1189.527137041092,False,click,testRsp,1733,[],choice-response,Out of time,67ef60de6de0902719c5faef,2025-04-04 00:32:30-04:00,add1_60,7319,29,maintaskTrials
67eef64a6de0902719c5faca,default,0,09b5150e50c1970c13640f7256e5fd85104ea5c46c857d277113d0ba6a3e2061,1189.527137041092,False,click,testRsp,1081,[],choice-response,Out of time,67ef60de6de0902719c5faef,2025-04-04 00:32:30-04:00,addentrainer_90,6695,30,maintaskTrials
67eef64a6de0902719c5faca,default,0,09b5150e50c1970c13640f7256e5fd85104ea5c46c857d277113d0ba6a3e2061,1189.527137041092,False,click,testRsp,1462,[],choice-response,Out of time,67ef60de6de0902719c5faef,2025-04-04 00:32:30-04:00,addentrainer_30,7054,31,maintaskTrials
67eef64a6de0902719c5faca,default,0,09b5150e50c1970c13640f7256e5fd85104ea5c46c857d277113d0ba6a3e2061,1189.527137041092,False,click,testRsp,1575,[],choice-response,Out of time,67ef60de6de0902719c5faef,2025-04-04 00:32:30-04:00,tone8_60,7162,32,maintaskTrials
67eef64a6de0902719c5faca,default,0,09b5150e50c1970c13640f7256e5fd85104ea5c46c857d277113d0ba6a3e2061,1189.527137041092,False,click,testRsp,1232,[],choice-response,Out of time,67ef60de6de0902719c5faef,2025-04-04 00:32:30-04:00,addentrainer_120,7233,33,maintaskTrials
67eef64a6de0902719c5faca,default,0,09b5150e50c1970c13640f7256e5fd85104ea5c46c857d277113d0ba6a3e2061,1189.527137041092,False,click,testRsp,1441,[],choice-response,In time,67ef60de6de0902719c5faef,2025-04-04 00:32:30-04:00,add1_30,7103,34,maintaskTrials
67eef64a6de0902719c5faca,default,0,09b5150e50c1970c13640f7256e5fd85104ea5c46c857d277113d0ba6a3e2061,1189.527137041092,False,click,testRsp,1309,[],choice-response,Out of time,67ef60de6de0902719c5faef,2025-04-04 00:32:30-04:00,tone8_90,6975,35,maintaskTrials
67eef64a6de0902719c5faca,default,0,09b5150e50c1970c13640f7256e5fd85104ea5c46c857d277113d0ba6a3e2061,1189.527137041092,False,click,testRsp,1020,[],choice-response,Out of time,67ef60de6de0902719c5faef,2025-04-04 00:32:30-04:00,add1_120,6451,36,maintaskTrials
67eef64a6de0902719c5faca,default,0,09b5150e50c1970c13640f7256e5fd85104ea5c46c857d277113d0ba6a3e2061,1189.527137041092,False,click,testRsp,1485,[],choice-response,In time,67ef60de6de0902719c5faef,2025-04-04 00:32:30-04:00,addentrainer_30,6911,37,maintaskTrials
67eef64a6de0902719c5faca,default,0,09b5150e50c1970c13640f7256e5fd85104ea5c46c857d277113d0ba6a3e2061,1189.527137041092,False,click,testRsp,1527,[],choice-response,Out of time,67ef60de6de0902719c5faef,2025-04-04 00:32:30-04:00,tone8_60,6937,38,maintaskTrials
67eef64a6de0902719c5faca,default,0,09b5150e50c1970c13640f7256e5fd85104ea5c46c857d277113d0ba6a3e2061,1189.527137041092,False,click,testRsp,4115,[],choice-response,In time,67ef60de6de0902719c5faef,2025-04-04 00:32:30-04:00,addentrainer_0,9524,39,maintaskTrials
67eef64a6de0902719c5faca,default,0,09b5150e50c1970c13640f7256e5fd85104ea5c46c857d277113d0ba6a3e2061,1189.527137041092,False,click,testRsp,1465,[],choice-response,Out of time,67ef60de6de0902719c5faef,2025-04-04 00:32:30-04:00,toneentrainer_120,6871,40,maintaskTrials
67eef64a6de0902719c5faca,default,0,09b5150e50c1970c13640f7256e5fd85104ea5c46c857d277113d0ba6a3e2061,1189.527137041092,False,click,testRsp,1862,[],choice-response,Out of time,67ef60de6de0902719c5faef,2025-04-04 00:32:30-04:00,add1_60,7273,41,maintaskTrials
67eef64a6de0902719c5faca,default,0,09b5150e50c1970c13640f7256e5fd85104ea5c46c857d277113d0ba6a3e2061,1189.527137041092,False,click,testRsp,3451,[],choice-response,Out of time,67ef60de6de0902719c5faef,2025-04-04 00:32:30-04:00,tone1_0,8858,42,maintaskTrials
67eef64a6de0902719c5faca,default,0,09b5150e50c1970c13640f7256e5fd85104ea5c46c857d277113d0ba6a3e2061,1189.527137041092,False,click,testRsp,1153,[],choice-response,Out of time,67ef60de6de0902719c5faef,2025-04-04 00:32:30-04:00,toneentrainer_60,6544,43,maintaskTrials
67eef64a6de0902719c5faca,default,0,09b5150e50c1970c13640f7256e5fd85104ea5c46c857d277113d0ba6a3e2061,1189.527137041092,False,click,testRsp,2465,[],choice-response,In time,67ef60de6de0902719c5faef,2025-04-04 00:32:30-04:00,add8_0,7876,44,maintaskTrials
67eef64a6de0902719c5faca,default,0,09b5150e50c1970c13640f7256e5fd85104ea5c46c857d277113d0ba6a3e2061,1189.527137041092,False,click,testRsp,1007,[],choice-response,Out of time,67ef60de6de0902719c5faef,2025-04-04 00:32:30-04:00,tone8_120,6412,45,maintaskTrials
67eef64a6de0902719c5faca,default,0,09b5150e50c1970c13640f7256e5fd85104ea5c46c857d277113d0ba6a3e2061,1189.527137041092,False,click,testRsp,1052,[],choice-response,Out of time,67ef60de6de0902719c5faef,2025-04-04 00:32:30-04:00,tone1_60,6456,46,maintaskTrials
67eef64a6de0902719c5faca,default,0,09b5150e50c1970c13640f7256e5fd85104ea5c46c857d277113d0ba6a3e2061,1189.527137041092,False,click,testRsp,1105,[],choice-response,Out of time,67ef60de6de0902719c5faef,2025-04-04 00:32:30-04:00,add1_120,6504,47,maintaskTrials
67eef64a6de0902719c5faca,default,0,09b5150e50c1970c13640f7256e5fd85104ea5c46c857d277113d0ba6a3e2061,1189.527137041092,False,click,testRsp,2338,[],choice-response,In time,67ef60de6de0902719c5faef,2025-04-04 00:32:30-04:00,add1_30,7739,48,maintaskTrials
67eef64a6de0902719c5faca,default,0,09b5150e50c1970c13640f7256e5fd85104ea5c46c857d277113d0ba6a3e2061,1189.527137041092,False,click,testRsp,4023,[],choice-response,In time,67ef60de6de0902719c5faef,2025-04-04 00:32:30-04:00,tone8_0,9424,49,maintaskTrials
67eef64a6de0902719c5faca,default,0,09b5150e50c1970c13640f7256e5fd85104ea5c46c857d277113d0ba6a3e2061,1189.527137041092,False,click,testRsp,4056,[],choice-response,Out of time,67ef60de6de0902719c5faef,2025-04-04 00:32:30-04:00,tone1_30,9473,50,maintaskTrials
67eef64a6de0902719c5faca,default,0,09b5150e50c1970c13640f7256e5fd85104ea5c46c857d277113d0ba6a3e2061,1189.527137041092,False,click,testRsp,1229,[],choice-response,Out of time,67ef60de6de0902719c5faef,2025-04-04 00:32:30-04:00,addentrainer_90,6643,51,maintaskTrials
67eef64a6de0902719c5faca,default,0,09b5150e50c1970c13640f7256e5fd85104ea5c46c857d277113d0ba6a3e2061,1189.527137041092,False,click,testRsp,1584,[],choice-response,Out of time,67ef60de6de0902719c5faef,2025-04-04 00:32:30-04:00,tone1_120,6990,52,maintaskTrials
67eef64a6de0902719c5faca,default,0,09b5150e50c1970c13640f7256e5fd85104ea5c46c857d277113d0ba6a3e2061,1189.527137041092,False,click,testRsp,2367,[],choice-response,In time,67ef60de6de0902719c5faef,2025-04-04 00:32:30-04:00,add8_60,7761,53,maintaskTrials
67eef64a6de0902719c5faca,default,0,09b5150e50c1970c13640f7256e5fd85104ea5c46c857d277113d0ba6a3e2061,1189.527137041092,False,click,testRsp,1272,[],choice-response,Out of time,67ef60de6de0902719c5faef,2025-04-04 00:32:30-04:00,add8_90,6681,54,maintaskTrials
67eef64a6de0902719c5faca,default,0,09b5150e50c1970c13640f7256e5fd85104ea5c46c857d277113d0ba6a3e2061,1189.527137041092,False,click,testRsp,1347,[],choice-response,In time,67ef60de6de0902719c5faef,2025-04-04 00:32:30-04:00,addentrainer_60,6750,55,maintaskTrials
67eef64a6de0902719c5faca,default,0,09b5150e50c1970c13640f7256e5fd85104ea5c46c857d277113d0ba6a3e2061,1189.527137041092,False,click,testRsp,1107,[],choice-response,Out of time,67ef60de6de0902719c5faef,2025-04-04 00:32:30-04:00,tone8_90,6515,56,maintaskTrials
67eef64a6de0902719c5faca,default,0,09b5150e50c1970c13640f7256e5fd85104ea5c46c857d277113d0ba6a3e2061,1189.527137041092,False,click,testRsp,1472,[],choice-response,In time,67ef60de6de0902719c5faef,2025-04-04 00:32:30-04:00,add8_30,6900,57,maintaskTrials
67eef64a6de0902719c5faca,default,0,09b5150e50c1970c13640f7256e5fd85104ea5c46c857d277113d0ba6a3e2061,1189.527137041092,False,click,testRsp,1003,[],choice-response,Out of time,67ef60de6de0902719c5faef,2025-04-04 00:32:30-04:00,addentrainer_120,6397,58,maintaskTrials
67eef64a6de0902719c5faca,default,0,09b5150e50c1970c13640f7256e5fd85104ea5c46c857d277113d0ba6a3e2061,1189.527137041092,False,click,testRsp,5157,[],choice-response,Out of time,67ef60de6de0902719c5faef,2025-04-04 00:32:30-04:00,toneentrainer_30,10559,59,maintaskTrials
67eef64a6de0902719c5faca,default,0,09b5150e50c1970c13640f7256e5fd85104ea5c46c857d277113d0ba6a3e2061,1189.527137041092,False,click,testRsp,1210,[],choice-response,Out of time,67ef60de6de0902719c5faef,2025-04-04 00:32:30-04:00,tone1_90,6608,60,maintaskTrials
67eef64a6de0902719c5faca,default,0,09b5150e50c1970c13640f7256e5fd85104ea5c46c857d277113d0ba6a3e2061,1189.527137041092,False,click,testRsp,1563,[],choice-response,Out of time,67ef60de6de0902719c5faef,2025-04-04 00:32:30-04:00,add8_120,6963,61,maintaskTrials
67eef64a6de0902719c5faca,default,0,09b5150e50c1970c13640f7256e5fd85104ea5c46c857d277113d0ba6a3e2061,1189.527137041092,False,click,testRsp,904,[],choice-response,Out of time,67ef60de6de0902719c5faef,2025-04-04 00:32:30-04:00,add1_90,6307,62,maintaskTrials
67eef64a6de0902719c5faca,default,0,09b5150e50c1970c13640f7256e5fd85104ea5c46c857d277113d0ba6a3e2061,1189.527137041092,False,click,testRsp,1705,[],choice-response,In time,67ef60de6de0902719c5faef,2025-04-04 00:32:30-04:00,add1_0,7111,63,maintaskTrials
67eef64a6de0902719c5faca,default,0,09b5150e50c1970c13640f7256e5fd85104ea5c46c857d277113d0ba6a3e2061,1189.527137041092,False,click,testRsp,1588,[],choice-response,In time,67ef60de6de0902719c5faef,2025-04-04 00:32:30-04:00,tone8_30,6982,64,maintaskTrials
67eef64a6de0902719c5faca,default,0,09b5150e50c1970c13640f7256e5fd85104ea5c46c857d277113d0ba6a3e2061,1189.527137041092,False,click,testRsp,2849,[],choice-response,Out of time,67ef60de6de0902719c5faef,2025-04-04 00:32:30-04:00,toneentrainer_0,8258,65,maintaskTrials
67eef64a6de0902719c5faca,default,0,09b5150e50c1970c13640f7256e5fd85104ea5c46c857d277113d0ba6a3e2061,1189.527137041092,False,click,testRsp,894,[],choice-response,Out of time,67ef60de6de0902719c5faef,2025-04-04 00:32:30-04:00,toneentrainer_90,6287,66,maintaskTrials
67eef64a6de0902719c5faca,default,0,09b5150e50c1970c13640f7256e5fd85104ea5c46c857d277113d0ba6a3e2061,1189.527137041092,False,click,testRsp,1260,[],choice-response,Out of time,67ef60de6de0902719c5faef,2025-04-04 00:32:30-04:00,add8_120,6703,67,maintaskTrials
67eef64a6de0902719c5faca,default,0,09b5150e50c1970c13640f7256e5fd85104ea5c46c857d277113d0ba6a3e2061,1189.527137041092,False,click,testRsp,2029,[],choice-response,In time,67ef60de6de0902719c5faef,2025-04-04 00:32:30-04:00,add8_0,7427,68,maintaskTrials
67eef64a6de0902719c5faca,default,0,09b5150e50c1970c13640f7256e5fd85104ea5c46c857d277113d0ba6a3e2061,1189.527137041092,False,click,testRsp,1701,[],choice-response,Out of time,67ef60de6de0902719c5faef,2025-04-04 00:32:30-04:00,addentrainer_90,7114,69,maintaskTrials
67eef64a6de0902719c5faca,default,0,09b5150e50c1970c13640f7256e5fd85104ea5c46c857d277113d0ba6a3e2061,1189.527137041092,False,click,testRsp,1415,[],choice-response,Out of time,67ef60de6de0902719c5faef,2025-04-04 00:32:30-04:00,tone1_120,6818,70,maintaskTrials
67eef64a6de0902719c5faca,default,0,09b5150e50c1970c13640f7256e5fd85104ea5c46c857d277113d0ba6a3e2061,1189.527137041092,False,click,testRsp,2939,[],choice-response,Out of time,67ef60de6de0902719c5faef,2025-04-04 00:32:30-04:00,addentrainer_0,8341,71,maintaskTrials
67eef64a6de0902719c5faca,default,0,09b5150e50c1970c13640f7256e5fd85104ea5c46c857d277113d0ba6a3e2061,1189.527137041092,False,click,testRsp,1428,[],choice-response,In time,67ef60de6de0902719c5faef,2025-04-04 00:32:30-04:00,tone1_60,6831,72,maintaskTrials
67eef64a6de0902719c5faca,default,0,09b5150e50c1970c13640f7256e5fd85104ea5c46c857d277113d0ba6a3e2061,1189.527137041092,False,click,testRsp,1342,[],choice-response,Out of time,67ef60de6de0902719c5faef,2025-04-04 00:32:30-04:00,tone8_60,6749,73,maintaskTrials
67eef64a6de0902719c5faca,default,0,09b5150e50c1970c13640f7256e5fd85104ea5c46c857d277113d0ba6a3e2061,1189.527137041092,False,click,testRsp,2572,[],choice-response,Out of time,67ef60de6de0902719c5faef,2025-04-04 00:32:30-04:00,addentrainer_120,7975,74,maintaskTrials
67eef64a6de0902719c5faca,default,0,09b5150e50c1970c13640f7256e5fd85104ea5c46c857d277113d0ba6a3e2061,1189.527137041092,False,click,testRsp,1696,[],choice-response,In time,67ef60de6de0902719c5faef,2025-04-04 00:32:30-04:00,add1_0,7095,75,maintaskTrials
67eef64a6de0902719c5faca,default,0,09b5150e50c1970c13640f7256e5fd85104ea5c46c857d277113d0ba6a3e2061,1189.527137041092,False,click,testRsp,967,[],choice-response,Out of time,67ef60de6de0902719c5faef,2025-04-04 00:32:30-04:00,toneentrainer_90,6365,76,maintaskTrials
67eef64a6de0902719c5faca,default,0,09b5150e50c1970c13640f7256e5fd85104ea5c46c857d277113d0ba6a3e2061,1189.527137041092,False,click,testRsp,1369,[],choice-response,In time,67ef60de6de0902719c5faef,2025-04-04 00:32:30-04:00,tone8_0,6785,77,maintaskTrials
67eef64a6de0902719c5faca,default,0,09b5150e50c1970c13640f7256e5fd85104ea5c46c857d277113d0ba6a3e2061,1189.527137041092,False,click,testRsp,1016,[],choice-response,Out of time,67ef60de6de0902719c5faef,2025-04-04 00:32:30-04:00,addentrainer_60,6421,78,maintaskTrials
67eef64a6de0902719c5faca,default,0,09b5150e50c1970c13640f7256e5fd85104ea5c46c857d277113d0ba6a3e2061,1189.527137041092,False,click,testRsp,912,[],choice-response,In time,67ef60de6de0902719c5faef,2025-04-04 00:32:30-04:00,tone1_0,6324,79,maintaskTrials
67eef64a6de0902719c5faca,default,0,09b5150e50c1970c13640f7256e5fd85104ea5c46c857d277113d0ba6a3e2061,1189.527137041092,False,click,testRsp,1788,[],choice-response,In time,67ef60de6de0902719c5faef,2025-04-04 00:32:30-04:00,tone1_30,7186,80,maintaskTrials
67eef64a6de0902719c5faca,default,0,09b5150e50c1970c13640f7256e5fd85104ea5c46c857d277113d0ba6a3e2061,1189.527137041092,False,click,testRsp,2228,[],choice-response,Out of time,67ef60de6de0902719c5faef,2025-04-04 00:32:30-04:00,add1_60,7637,81,maintaskTrials
67eef64a6de0902719c5faca,default,0,09b5150e50c1970c13640f7256e5fd85104ea5c46c857d277113d0ba6a3e2061,1189.527137041092,False,click,testRsp,1354,[],choice-response,In time,67ef60de6de0902719c5faef,2025-04-04 00:32:30-04:00,add1_30,6772,82,maintaskTrials
67eef64a6de0902719c5faca,default,0,09b5150e50c1970c13640f7256e5fd85104ea5c46c857d277113d0ba6a3e2061,1189.527137041092,False,click,testRsp,1288,[],choice-response,In time,67ef60de6de0902719c5faef,2025-04-04 00:32:30-04:00,toneentrainer_0,6702,83,maintaskTrials
67eef64a6de0902719c5faca,default,0,09b5150e50c1970c13640f7256e5fd85104ea5c46c857d277113d0ba6a3e2061,1189.527137041092,False,click,testRsp,1895,[],choice-response,In time,67ef60de6de0902719c5faef,2025-04-04 00:32:30-04:00,toneentrainer_30,7287,84,maintaskTrials
67eef64a6de0902719c5faca,default,0,09b5150e50c1970c13640f7256e5fd85104ea5c46c857d277113d0ba6a3e2061,1189.527137041092,False,click,testRsp,1122,[],choice-response,Out of time,67ef60de6de0902719c5faef,2025-04-04 00:32:30-04:00,toneentrainer_60,6523,85,maintaskTrials
67eef64a6de0902719c5faca,default,0,09b5150e50c1970c13640f7256e5fd85104ea5c46c857d277113d0ba6a3e2061,1189.527137041092,False,click,testRsp,1027,[],choice-response,Out of time,67ef60de6de0902719c5faef,2025-04-04 00:32:30-04:00,toneentrainer_120,6436,86,maintaskTrials
67eef64a6de0902719c5faca,default,0,09b5150e50c1970c13640f7256e5fd85104ea5c46c857d277113d0ba6a3e2061,1189.527137041092,False,click,testRsp,2264,[],choice-response,In time,67ef60de6de0902719c5faef,2025-04-04 00:32:30-04:00,addentrainer_30,7661,87,maintaskTrials
67eef64a6de0902719c5faca,default,0,09b5150e50c1970c13640f7256e5fd85104ea5c46c857d277113d0ba6a3e2061,1189.527137041092,False,click,testRsp,2808,[],choice-response,In time,67ef60de6de0902719c5faef,2025-04-04 00:32:30-04:00,tone8_30,8209,88,maintaskTrials
67eef64a6de0902719c5faca,default,0,09b5150e50c1970c13640f7256e5fd85104ea5c46c857d277113d0ba6a3e2061,1189.527137041092,False,click,testRsp,4206,[],choice-response,Out of time,67ef60de6de0902719c5faef,2025-04-04 00:32:30-04:00,tone8_120,9601,89,maintaskTrials
67eef64a6de0902719c5faca,default,0,09b5150e50c1970c13640f7256e5fd85104ea5c46c857d277113d0ba6a3e2061,1189.527137041092,False,click,testRsp,817,[],choice-response,Out of time,67ef60de6de0902719c5faef,2025-04-04 00:32:30-04:00,add8_60,6225,90,maintaskTrials
67eef64a6de0902719c5faca,default,0,09b5150e50c1970c13640f7256e5fd85104ea5c46c857d277113d0ba6a3e2061,1189.527137041092,False,click,testRsp,1096,[],choice-response,Out of time,67ef60de6de0902719c5faef,2025-04-04 00:32:30-04:00,tone8_90,6490,91,maintaskTrials
67eef64a6de0902719c5faca,default,0,09b5150e50c1970c13640f7256e5fd85104ea5c46c857d277113d0ba6a3e2061,1189.527137041092,False,click,testRsp,1613,[],choice-response,Out of time,67ef60de6de0902719c5faef,2025-04-04 00:32:30-04:00,add1_90,7017,92,maintaskTrials
67eef64a6de0902719c5faca,default,0,09b5150e50c1970c13640f7256e5fd85104ea5c46c857d277113d0ba6a3e2061,1189.527137041092,False,click,testRsp,1152,[],choice-response,Out of time,67ef60de6de0902719c5faef,2025-04-04 00:32:30-04:00,add1_120,6562,93,maintaskTrials
67eef64a6de0902719c5faca,default,0,09b5150e50c1970c13640f7256e5fd85104ea5c46c857d277113d0ba6a3e2061,1189.527137041092,False,click,testRsp,3064,[],choice-response,In time,67ef60de6de0902719c5faef,2025-04-04 00:32:30-04:00,add8_30,8467,94,maintaskTrials
67eef64a6de0902719c5faca,default,0,09b5150e50c1970c13640f7256e5fd85104ea5c46c857d277113d0ba6a3e2061,1189.527137041092,False,click,testRsp,1864,[],choice-response,Out of time,67ef60de6de0902719c5faef,2025-04-04 00:32:30-04:00,tone1_90,7275,95,maintaskTrials
67eef64a6de0902719c5faca,default,0,09b5150e50c1970c13640f7256e5fd85104ea5c46c857d277113d0ba6a3e2061,1189.527137041092,False,click,testRsp,2542,[],choice-response,Out of time,67ef60de6de0902719c5faef,2025-04-04 00:32:30-04:00,add8_90,7951,96,maintaskTrials
67eef64a6de0902719c5faca,default,0,09b5150e50c1970c13640f7256e5fd85104ea5c46c857d277113d0ba6a3e2061,1189.527137041092,False,click,testRsp,2286,[],choice-response,In time,67ef60de6de0902719c5faef,2025-04-04 00:32:30-04:00,tone8_90,7696,97,maintaskTrials
67eef64a6de0902719c5faca,default,0,09b5150e50c1970c13640f7256e5fd85104ea5c46c857d277113d0ba6a3e2061,1189.527137041092,False,click,testRsp,1032,[],choice-response,Out of time,67ef60de6de0902719c5faef,2025-04-04 00:32:30-04:00,addentrainer_90,6430,98,maintaskTrials
67eef64a6de0902719c5faca,default,0,09b5150e50c1970c13640f7256e5fd85104ea5c46c857d277113d0ba6a3e2061,1189.527137041092,False,click,testRsp,1069,[],choice-response,In time,67ef60de6de0902719c5faef,2025-04-04 00:32:30-04:00,tone8_0,6479,99,maintaskTrials
67eef64a6de0902719c5faca,default,0,09b5150e50c1970c13640f7256e5fd85104ea5c46c857d277113d0ba6a3e2061,1189.527137041092,False,click,testRsp,1141,[],choice-response,In time,67ef60de6de0902719c5faef,2025-04-04 00:32:30-04:00,addentrainer_30,6548,100,maintaskTrials
67eef64a6de0902719c5faca,default,0,09b5150e50c1970c13640f7256e5fd85104ea5c46c857d277113d0ba6a3e2061,1189.527137041092,False,click,testRsp,1637,[],choice-response,Out of time,67ef60de6de0902719c5faef,2025-04-04 00:32:30-04:00,add1_60,7048,101,maintaskTrials
67eef64a6de0902719c5faca,default,0,09b5150e50c1970c13640f7256e5fd85104ea5c46c857d277113d0ba6a3e2061,1189.527137041092,False,click,testRsp,981,[],choice-response,Out of time,67ef60de6de0902719c5faef,2025-04-04 00:32:30-04:00,toneentrainer_30,6389,102,maintaskTrials
67eef64a6de0902719c5faca,default,0,09b5150e50c1970c13640f7256e5fd85104ea5c46c857d277113d0ba6a3e2061,1189.527137041092,False,click,testRsp,1065,[],choice-response,Out of time,67ef60de6de0902719c5faef,2025-04-04 00:32:30-04:00,tone8_120,6484,103,maintaskTrials
67eef64a6de0902719c5faca,default,0,09b5150e50c1970c13640f7256e5fd85104ea5c46c857d277113d0ba6a3e2061,1189.527137041092,False,click,testRsp,1136,[],choice-response,In time,67ef60de6de0902719c5faef,2025-04-04 00:32:30-04:00,add8_60,6537,104,maintaskTrials
67eef64a6de0902719c5faca,default,0,09b5150e50c1970c13640f7256e5fd85104ea5c46c857d277113d0ba6a3e2061,1189.527137041092,False,click,testRsp,1080,[],choice-response,Out of time,67ef60de6de0902719c5faef,2025-04-04 00:32:30-04:00,toneentrainer_60,6479,105,maintaskTrials
67eef64a6de0902719c5faca,default,0,09b5150e50c1970c13640f7256e5fd85104ea5c46c857d277113d0ba6a3e2061,1189.527137041092,False,click,testRsp,5357,[],choice-response,In time,67ef60de6de0902719c5faef,2025-04-04 00:32:30-04:00,tone8_60,10752,106,maintaskTrials
67eef64a6de0902719c5faca,default,0,09b5150e50c1970c13640f7256e5fd85104ea5c46c857d277113d0ba6a3e2061,1189.527137041092,False,click,testRsp,1841,[],choice-response,In time,67ef60de6de0902719c5faef,2025-04-04 00:32:30-04:00,add8_0,7239,107,maintaskTrials
67eef64a6de0902719c5faca,default,0,09b5150e50c1970c13640f7256e5fd85104ea5c46c857d277113d0ba6a3e2061,1189.527137041092,False,click,testRsp,1661,[],choice-response,Out of time,67ef60de6de0902719c5faef,2025-04-04 00:32:30-04:00,toneentrainer_90,7061,108,maintaskTrials
67eef64a6de0902719c5faca,default,0,09b5150e50c1970c13640f7256e5fd85104ea5c46c857d277113d0ba6a3e2061,1189.527137041092,False,click,testRsp,1469,[],choice-response,In time,67ef60de6de0902719c5faef,2025-04-04 00:32:30-04:00,tone1_30,6872,109,maintaskTrials
67eef64a6de0902719c5faca,default,0,09b5150e50c1970c13640f7256e5fd85104ea5c46c857d277113d0ba6a3e2061,1189.527137041092,False,click,testRsp,1608,[],choice-response,Out of time,67ef60de6de0902719c5faef,2025-04-04 00:32:30-04:00,tone8_30,7007,110,maintaskTrials
67eef64a6de0902719c5faca,default,0,09b5150e50c1970c13640f7256e5fd85104ea5c46c857d277113d0ba6a3e2061,1189.527137041092,False,click,testRsp,1148,[],choice-response,Out of time,67ef60de6de0902719c5faef,2025-04-04 00:32:30-04:00,tone1_120,6550,111,maintaskTrials
67eef64a6de0902719c5faca,default,0,09b5150e50c1970c13640f7256e5fd85104ea5c46c857d277113d0ba6a3e2061,1189.527137041092,False,click,testRsp,1067,[],choice-response,Out of time,67ef60de6de0902719c5faef,2025-04-04 00:32:30-04:00,toneentrainer_120,6472,112,maintaskTrials
67eef64a6de0902719c5faca,default,0,09b5150e50c1970c13640f7256e5fd85104ea5c46c857d277113d0ba6a3e2061,1189.527137041092,False,click,testRsp,1636,[],choice-response,In time,67ef60de6de0902719c5faef,2025-04-04 00:32:30-04:00,toneentrainer_0,7048,113,maintaskTrials
67eef64a6de0902719c5faca,default,0,09b5150e50c1970c13640f7256e5fd85104ea5c46c857d277113d0ba6a3e2061,1189.527137041092,False,click,testRsp,1746,[],choice-response,Out of time,67ef60de6de0902719c5faef,2025-04-04 00:32:30-04:00,addentrainer_120,7147,114,maintaskTrials
67eef64a6de0902719c5faca,default,0,09b5150e50c1970c13640f7256e5fd85104ea5c46c857d277113d0ba6a3e2061,1189.527137041092,False,click,testRsp,1065,[],choice-response,Out of time,67ef60de6de0902719c5faef,2025-04-04 00:32:30-04:00,tone1_90,6481,115,maintaskTrials
67eef64a6de0902719c5faca,default,0,09b5150e50c1970c13640f7256e5fd85104ea5c46c857d277113d0ba6a3e2061,1189.527137041092,False,click,testRsp,1226,[],choice-response,Out of time,67ef60de6de0902719c5faef,2025-04-04 00:32:30-04:00,add8_90,6625,116,maintaskTrials
67eef64a6de0902719c5faca,default,0,09b5150e50c1970c13640f7256e5fd85104ea5c46c857d277113d0ba6a3e2061,1189.527137041092,False,click,testRsp,1239,[],choice-response,In time,67ef60de6de0902719c5faef,2025-04-04 00:32:30-04:00,add1_30,6649,117,maintaskTrials
67eef64a6de0902719c5faca,default,0,09b5150e50c1970c13640f7256e5fd85104ea5c46c857d277113d0ba6a3e2061,1189.527137041092,False,click,testRsp,1507,[],choice-response,In time,67ef60de6de0902719c5faef,2025-04-04 00:32:30-04:00,tone1_60,6900,118,maintaskTrials
67eef64a6de0902719c5faca,default,0,09b5150e50c1970c13640f7256e5fd85104ea5c46c857d277113d0ba6a3e2061,1189.527137041092,False,click,testRsp,937,[],choice-response,In time,67ef60de6de0902719c5faef,2025-04-04 00:32:30-04:00,add1_0,6333,119,maintaskTrials
67eef64a6de0902719c5faca,default,0,09b5150e50c1970c13640f7256e5fd85104ea5c46c857d277113d0ba6a3e2061,1189.527137041092,False,click,testRsp,692,[],choice-response,Out of time,67ef60de6de0902719c5faef,2025-04-04 00:32:30-04:00,add8_120,6107,120,maintaskTrials
67eef64a6de0902719c5faca,default,0,09b5150e50c1970c13640f7256e5fd85104ea5c46c857d277113d0ba6a3e2061,1189.527137041092,False,click,testRsp,1244,[],choice-response,Out of time,67ef60de6de0902719c5faef,2025-04-04 00:32:30-04:00,add1_90,6648,121,maintaskTrials
67eef64a6de0902719c5faca,default,0,09b5150e50c1970c13640f7256e5fd85104ea5c46c857d277113d0ba6a3e2061,1189.527137041092,False,click,testRsp,1224,[],choice-response,In time,67ef60de6de0902719c5faef,2025-04-04 00:32:30-04:00,addentrainer_60,6621,122,maintaskTrials
67eef64a6de0902719c5faca,default,0,09b5150e50c1970c13640f7256e5fd85104ea5c46c857d277113d0ba6a3e2061,1189.527137041092,False,click,testRsp,988,[],choice-response,Out of time,67ef60de6de0902719c5faef,2025-04-04 00:32:30-04:00,add1_120,6394,123,maintaskTrials
67eef64a6de0902719c5faca,default,0,09b5150e50c1970c13640f7256e5fd85104ea5c46c857d277113d0ba6a3e2061,1189.527137041092,False,click,testRsp,809,[],choice-response,In time,67ef60de6de0902719c5faef,2025-04-04 00:32:30-04:00,tone1_0,6204,124,maintaskTrials
67eef64a6de0902719c5faca,default,0,09b5150e50c1970c13640f7256e5fd85104ea5c46c857d277113d0ba6a3e2061,1189.527137041092,False,click,testRsp,1351,[],choice-response,In time,67ef60de6de0902719c5faef,2025-04-04 00:32:30-04:00,addentrainer_0,6750,125,maintaskTrials
67eef64a6de0902719c5faca,default,0,09b5150e50c1970c13640f7256e5fd85104ea5c46c857d277113d0ba6a3e2061,1189.527137041092,False,click,testRsp,1173,[],choice-response,In time,67ef60de6de0902719c5faef,2025-04-04 00:32:30-04:00,add8_30,6574,126,maintaskTrials
67eef64a6de0902719c5faca,default,0,09b5150e50c1970c13640f7256e5fd85104ea5c46c857d277113d0ba6a3e2061,1189.527137041092,False,click,testRsp,1117,[],choice-response,Out of time,67ef60de6de0902719c5faef,2025-04-04 00:32:30-04:00,add8_120,6535,127,maintaskTrials
67eef64a6de0902719c5faca,default,0,09b5150e50c1970c13640f7256e5fd85104ea5c46c857d277113d0ba6a3e2061,1189.527137041092,False,click,testRsp,1177,[],choice-response,Out of time,67ef60de6de0902719c5faef,2025-04-04 00:32:30-04:00,addentrainer_120,6585,128,maintaskTrials
67eef64a6de0902719c5faca,default,0,09b5150e50c1970c13640f7256e5fd85104ea5c46c857d277113d0ba6a3e2061,1189.527137041092,False,click,testRsp,1104,[],choice-response,Out of time,67ef60de6de0902719c5faef,2025-04-04 00:32:30-04:00,tone1_90,6522,129,maintaskTrials
67eef64a6de0902719c5faca,default,0,09b5150e50c1970c13640f7256e5fd85104ea5c46c857d277113d0ba6a3e2061,1189.527137041092,False,click,testRsp,1063,[],choice-response,In time,67ef60de6de0902719c5faef,2025-04-04 00:32:30-04:00,tone1_30,6480,130,maintaskTrials
67eef64a6de0902719c5faca,default,0,09b5150e50c1970c13640f7256e5fd85104ea5c46c857d277113d0ba6a3e2061,1189.527137041092,False,click,testRsp,1270,[],choice-response,Out of time,67ef60de6de0902719c5faef,2025-04-04 00:32:30-04:00,toneentrainer_90,6670,131,maintaskTrials
67eef64a6de0902719c5faca,default,0,09b5150e50c1970c13640f7256e5fd85104ea5c46c857d277113d0ba6a3e2061,1189.527137041092,False,click,testRsp,1321,[],choice-response,Out of time,67ef60de6de0902719c5faef,2025-04-04 00:32:30-04:00,toneentrainer_60,6728,132,maintaskTrials
67eef64a6de0902719c5faca,default,0,09b5150e50c1970c13640f7256e5fd85104ea5c46c857d277113d0ba6a3e2061,1189.527137041092,False,click,testRsp,834,[],choice-response,Out of time,67ef60de6de0902719c5faef,2025-04-04 00:32:30-04:00,tone8_90,6231,133,maintaskTrials
67eef64a6de0902719c5faca,default,0,09b5150e50c1970c13640f7256e5fd85104ea5c46c857d277113d0ba6a3e2061,1189.527137041092,False,click,testRsp,1201,[],choice-response,In time,67ef60de6de0902719c5faef,2025-04-04 00:32:30-04:00,tone8_30,6609,134,maintaskTrials
67eef64a6de0902719c5faca,default,0,09b5150e50c1970c13640f7256e5fd85104ea5c46c857d277113d0ba6a3e2061,1189.527137041092,False,click,testRsp,1686,[],choice-response,Out of time,67ef60de6de0902719c5faef,2025-04-04 00:32:30-04:00,tone8_120,7090,135,maintaskTrials
67eef64a6de0902719c5faca,default,0,09b5150e50c1970c13640f7256e5fd85104ea5c46c857d277113d0ba6a3e2061,1189.527137041092,False,click,testRsp,1189,[],choice-response,In time,67ef60de6de0902719c5faef,2025-04-04 00:32:30-04:00,add8_60,6584,136,maintaskTrials
67eef64a6de0902719c5faca,default,0,09b5150e50c1970c13640f7256e5fd85104ea5c46c857d277113d0ba6a3e2061,1189.527137041092,False,click,testRsp,1814,[],choice-response,In time,67ef60de6de0902719c5faef,2025-04-04 00:32:30-04:00,tone8_60,7218,137,maintaskTrials
67eef64a6de0902719c5faca,default,0,09b5150e50c1970c13640f7256e5fd85104ea5c46c857d277113d0ba6a3e2061,1189.527137041092,False,click,testRsp,1205,[],choice-response,Out of time,67ef60de6de0902719c5faef,2025-04-04 00:32:30-04:00,add1_60,6615,138,maintaskTrials
67eef64a6de0902719c5faca,default,0,09b5150e50c1970c13640f7256e5fd85104ea5c46c857d277113d0ba6a3e2061,1189.527137041092,False,click,testRsp,1426,[],choice-response,Out of time,67ef60de6de0902719c5faef,2025-04-04 00:32:30-04:00,add1_90,6844,139,maintaskTrials
67eef64a6de0902719c5faca,default,0,09b5150e50c1970c13640f7256e5fd85104ea5c46c857d277113d0ba6a3e2061,1189.527137041092,False,click,testRsp,1144,[],choice-response,In time,67ef60de6de0902719c5faef,2025-04-04 00:32:30-04:00,toneentrainer_30,6562,140,maintaskTrials
67eef64a6de0902719c5faca,default,0,09b5150e50c1970c13640f7256e5fd85104ea5c46c857d277113d0ba6a3e2061,1189.527137041092,False,click,testRsp,1260,[],choice-response,Out of time,67ef60de6de0902719c5faef,2025-04-04 00:32:30-04:00,addentrainer_90,6650,141,maintaskTrials
67eef64a6de0902719c5faca,default,0,09b5150e50c1970c13640f7256e5fd85104ea5c46c857d277113d0ba6a3e2061,1189.527137041092,False,click,testRsp,2363,[],choice-response,Out of time,67ef60de6de0902719c5faef,2025-04-04 00:32:30-04:00,tone1_60,7776,142,maintaskTrials
67eef64a6de0902719c5faca,default,0,09b5150e50c1970c13640f7256e5fd85104ea5c46c857d277113d0ba6a3e2061,1189.527137041092,False,click,testRsp,1249,[],choice-response,In time,67ef60de6de0902719c5faef,2025-04-04 00:32:30-04:00,addentrainer_30,6660,143,maintaskTrials
67eef64a6de0902719c5faca,default,0,09b5150e50c1970c13640f7256e5fd85104ea5c46c857d277113d0ba6a3e2061,1189.527137041092,False,click,testRsp,817,[],choice-response,In time,67ef60de6de0902719c5faef,2025-04-04 00:32:30-04:00,tone1_0,6212,144,maintaskTrials
67eef64a6de0902719c5faca,default,0,09b5150e50c1970c13640f7256e5fd85104ea5c46c857d277113d0ba6a3e2061,1189.527137041092,False,click,testRsp,1302,[],choice-response,Out of time,67ef60de6de0902719c5faef,2025-04-04 00:32:30-04:00,toneentrainer_120,6709,145,maintaskTrials
67eef64a6de0902719c5faca,default,0,09b5150e50c1970c13640f7256e5fd85104ea5c46c857d277113d0ba6a3e2061,1189.527137041092,False,click,testRsp,1029,[],choice-response,Out of time,67ef60de6de0902719c5faef,2025-04-04 00:32:30-04:00,tone1_120,6449,146,maintaskTrials
67eef64a6de0902719c5faca,default,0,09b5150e50c1970c13640f7256e5fd85104ea5c46c857d277113d0ba6a3e2061,1189.527137041092,False,click,testRsp,1176,[],choice-response,In time,67ef60de6de0902719c5faef,2025-04-04 00:32:30-04:00,addentrainer_60,6573,147,maintaskTrials
67eef64a6de0902719c5faca,default,0,09b5150e50c1970c13640f7256e5fd85104ea5c46c857d277113d0ba6a3e2061,1189.527137041092,False,click,testRsp,2337,[],choice-response,In time,67ef60de6de0902719c5faef,2025-04-04 00:32:30-04:00,add8_30,7734,148,maintaskTrials
67eef64a6de0902719c5faca,default,0,09b5150e50c1970c13640f7256e5fd85104ea5c46c857d277113d0ba6a3e2061,1189.527137041092,False,click,testRsp,853,[],choice-response,Out of time,67ef60de6de0902719c5faef,2025-04-04 00:32:30-04:00,add1_120,6249,149,maintaskTrials
67eef64a6de0902719c5faca,default,0,09b5150e50c1970c13640f7256e5fd85104ea5c46c857d277113d0ba6a3e2061,1189.527137041092,False,click,testRsp,933,[],choice-response,Out of time,67ef60de6de0902719c5faef,2025-04-04 00:32:30-04:00,add8_90,6324,150,maintaskTrials
67eef64a6de0902719c5faca,default,0,09b5150e50c1970c13640f7256e5fd85104ea5c46c857d277113d0ba6a3e2061,1189.527137041092,False,click,testRsp,1271,[],choice-response,In time,67ef60de6de0902719c5faef,2025-04-04 00:32:30-04:00,addentrainer_0,6667,151,maintaskTrials
67eef64a6de0902719c5faca,default,0,09b5150e50c1970c13640f7256e5fd85104ea5c46c857d277113d0ba6a3e2061,1189.527137041092,False,click,testRsp,1509,[],choice-response,In time,67ef60de6de0902719c5faef,2025-04-04 00:32:30-04:00,tone8_0,6932,152,maintaskTrials
67eef64a6de0902719c5faca,default,0,09b5150e50c1970c13640f7256e5fd85104ea5c46c857d277113d0ba6a3e2061,1189.527137041092,False,click,testRsp,903,[],choice-response,In time,67ef60de6de0902719c5faef,2025-04-04 00:32:30-04:00,add1_30,6317,153,maintaskTrials
67eef64a6de0902719c5faca,default,0,09b5150e50c1970c13640f7256e5fd85104ea5c46c857d277113d0ba6a3e2061,1189.527137041092,False,click,testRsp,957,[],choice-response,In time,67ef60de6de0902719c5faef,2025-04-04 00:32:30-04:00,add1_0,6358,154,maintaskTrials
67eef64a6de0902719c5faca,default,0,09b5150e50c1970c13640f7256e5fd85104ea5c46c857d277113d0ba6a3e2061,1189.527137041092,False,click,testRsp,1053,[],choice-response,In time,67ef60de6de0902719c5faef,2025-04-04 00:32:30-04:00,toneentrainer_0,6466,155,maintaskTrials
67eef64a6de0902719c5faca,default,0,09b5150e50c1970c13640f7256e5fd85104ea5c46c857d277113d0ba6a3e2061,1189.527137041092,False,click,testRsp,1389,[],choice-response,In time,67ef60de6de0902719c5faef,2025-04-04 00:32:30-04:00,add8_0,6800,156,maintaskTrials
67eef64a6de0902719c5faca,default,0,26c49c5a0c653d11f50205bac80aada2dc2fe06104d68a4d5e7c5dd396a2e7ee,1061.3180530071259,False,keypress,exampleRsp_lab,2761,['Out of time'],choice-response,In time,67ef60de6de0902719c5faef,2025-04-04 00:32:30-04:00,add8_120,13028,1,example_add
67eef64a6de0902719c5faca,default,0,26c49c5a0c653d11f50205bac80aada2dc2fe06104d68a4d5e7c5dd396a2e7ee,1061.3180530071259,True,keypress,exampleRsp_lab,2986,['Out of time'],choice-response,Out of time,67ef60de6de0902719c5faef,2025-04-04 00:32:30-04:00,add1_120,11223,2,example_add
67eef64a6de0902719c5faca,default,0,26c49c5a0c653d11f50205bac80aada2dc2fe06104d68a4d5e7c5dd396a2e7ee,1061.3180530071259,True,keypress,exampleRsp_tone,1661,['Out of time'],choice-response,Out of time,67ef60de6de0902719c5faef,2025-04-04 00:32:30-04:00,tone1_120,9924,3,example_tone
67eef64a6de0902719c5faca,default,0,26c49c5a0c653d11f50205bac80aada2dc2fe06104d68a4d5e7c5dd396a2e7ee,1061.3180530071259,True,keypress,exampleRsp_tone,847,['Out of time'],choice-response,Out of time,67ef60de6de0902719c5faef,2025-04-04 00:32:30-04:00,tone8_120,9058,4,example_tone
67eef64a6de0902719c5faca,default,0,26c49c5a0c653d11f50205bac80aada2dc2fe06104d68a4d5e7c5dd396a2e7ee,1061.3180530071259,False,keypress,exampleRsp_lab,2169,['Out of time'],choice-response,In time,67ef60de6de0902719c5faef,2025-04-04 00:32:30-04:00,add8_120,10192,5,example_add
67eef64a6de0902719c5faca,default,0,26c49c5a0c653d11f50205bac80aada2dc2fe06104d68a4d5e7c5dd396a2e7ee,1061.3180530071259,False,keypress,exampleRsp_lab,1674,['Out of time'],choice-response,In time,67ef60de6de0902719c5faef,2025-04-04 00:32:30-04:00,add1_120,9709,6,example_add
67eef64a6de0902719c5faca,default,0,26c49c5a0c653d11f50205bac80aada2dc2fe06104d68a4d5e7c5dd396a2e7ee,1061.3180530071259,False,keypress,testRsp,1183,[],choice-response,In time,67ef60de6de0902719c5faef,2025-04-04 00:32:30-04:00,addentrainer_30,7001,7,maintaskTrials
67eef64a6de0902719c5faca,default,0,26c49c5a0c653d11f50205bac80aada2dc2fe06104d68a4d5e7c5dd396a2e7ee,1061.3180530071259,False,keypress,testRsp,835,[],choice-response,Out of time,67ef60de6de0902719c5faef,2025-04-04 00:32:30-04:00,tone8_90,6426,8,maintaskTrials
67eef64a6de0902719c5faca,default,0,26c49c5a0c653d11f50205bac80aada2dc2fe06104d68a4d5e7c5dd396a2e7ee,1061.3180530071259,False,keypress,testRsp,610,[],choice-response,Out of time,67ef60de6de0902719c5faef,2025-04-04 00:32:30-04:00,addentrainer_60,6176,9,maintaskTrials
67eef64a6de0902719c5faca,default,0,26c49c5a0c653d11f50205bac80aada2dc2fe06104d68a4d5e7c5dd396a2e7ee,1061.3180530071259,False,keypress,testRsp,1571,[],choice-response,In time,67ef60de6de0902719c5faef,2025-04-04 00:32:30-04:00,tone1_30,7138,10,maintaskTrials
67eef64a6de0902719c5faca,default,0,26c49c5a0c653d11f50205bac80aada2dc2fe06104d68a4d5e7c5dd396a2e7ee,1061.3180530071259,False,keypress,testRsp,439,[],choice-response,Out of time,67ef60de6de0902719c5faef,2025-04-04 00:32:30-04:00,tone1_90,6157,11,maintaskTrials
67eef64a6de0902719c5faca,default,0,26c49c5a0c653d11f50205bac80aada2dc2fe06104d68a4d5e7c5dd396a2e7ee,1061.3180530071259,False,keypress,testRsp,534,[],choice-response,Out of time,67ef60de6de0902719c5faef,2025-04-04 00:32:30-04:00,tone8_120,5919,12,maintaskTrials
67eef64a6de0902719c5faca,default,0,26c49c5a0c653d11f50205bac80aada2dc2fe06104d68a4d5e7c5dd396a2e7ee,1061.3180530071259,False,keypress,testRsp,853,[],choice-response,In time,67ef60de6de0902719c5faef,2025-04-04 00:32:30-04:00,add1_30,6637,13,maintaskTrials
67eef64a6de0902719c5faca,default,0,26c49c5a0c653d11f50205bac80aada2dc2fe06104d68a4d5e7c5dd396a2e7ee,1061.3180530071259,False,keypress,testRsp,811,[],choice-response,In time,67ef60de6de0902719c5faef,2025-04-04 00:32:30-04:00,add1_0,6849,14,maintaskTrials
67eef64a6de0902719c5faca,default,0,26c49c5a0c653d11f50205bac80aada2dc2fe06104d68a4d5e7c5dd396a2e7ee,1061.3180530071259,False,keypress,testRsp,660,[],choice-response,In time,67ef60de6de0902719c5faef,2025-04-04 00:32:30-04:00,add8_0,6251,15,maintaskTrials
67eef64a6de0902719c5faca,default,0,26c49c5a0c653d11f50205bac80aada2dc2fe06104d68a4d5e7c5dd396a2e7ee,1061.3180530071259,False,keypress,testRsp,576,[],choice-response,Out of time,67ef60de6de0902719c5faef,2025-04-04 00:32:30-04:00,addentrainer_90,6352,16,maintaskTrials
67eef64a6de0902719c5faca,default,0,26c49c5a0c653d11f50205bac80aada2dc2fe06104d68a4d5e7c5dd396a2e7ee,1061.3180530071259,False,keypress,testRsp,600,[],choice-response,Out of time,67ef60de6de0902719c5faef,2025-04-04 00:32:30-04:00,addentrainer_0,6408,17,maintaskTrials
67eef64a6de0902719c5faca,default,0,26c49c5a0c653d11f50205bac80aada2dc2fe06104d68a4d5e7c5dd396a2e7ee,1061.3180530071259,False,keypress,testRsp,591,[],choice-response,In time,67ef60de6de0902719c5faef,2025-04-04 00:32:30-04:00,tone1_60,6298,18,maintaskTrials
67eef64a6de0902719c5faca,default,0,26c49c5a0c653d11f50205bac80aada2dc2fe06104d68a4d5e7c5dd396a2e7ee,1061.3180530071259,False,keypress,testRsp,463,[],choice-response,Out of time,67ef60de6de0902719c5faef,2025-04-04 00:32:30-04:00,add1_90,6338,19,maintaskTrials
67eef64a6de0902719c5faca,default,0,26c49c5a0c653d11f50205bac80aada2dc2fe06104d68a4d5e7c5dd396a2e7ee,1061.3180530071259,False,keypress,testRsp,695,[],choice-response,In time,67ef60de6de0902719c5faef,2025-04-04 00:32:30-04:00,add8_30,6548,20,maintaskTrials
67eef64a6de0902719c5faca,default,0,26c49c5a0c653d11f50205bac80aada2dc2fe06104d68a4d5e7c5dd396a2e7ee,1061.3180530071259,False,keypress,testRsp,474,[],choice-response,In time,67ef60de6de0902719c5faef,2025-04-04 00:32:30-04:00,tone8_60,6309,21,maintaskTrials
67eef64a6de0902719c5faca,default,0,26c49c5a0c653d11f50205bac80aada2dc2fe06104d68a4d5e7c5dd396a2e7ee,1061.3180530071259,False,keypress,testRsp,612,[],choice-response,Out of time,67ef60de6de0902719c5faef,2025-04-04 00:32:30-04:00,add8_90,6430,22,maintaskTrials
67eef64a6de0902719c5faca,default,0,26c49c5a0c653d11f50205bac80aada2dc2fe06104d68a4d5e7c5dd396a2e7ee,1061.3180530071259,False,keypress,testRsp,700,[],choice-response,Out of time,67ef60de6de0902719c5faef,2025-04-04 00:32:30-04:00,toneentrainer_60,6381,23,maintaskTrials
67eef64a6de0902719c5faca,default,0,26c49c5a0c653d11f50205bac80aada2dc2fe06104d68a4d5e7c5dd396a2e7ee,1061.3180530071259,False,keypress,testRsp,658,[],choice-response,In time,67ef60de6de0902719c5faef,2025-04-04 00:32:30-04:00,toneentrainer_0,6445,24,maintaskTrials
67eef64a6de0902719c5faca,default,0,26c49c5a0c653d11f50205bac80aada2dc2fe06104d68a4d5e7c5dd396a2e7ee,1061.3180530071259,False,keypress,testRsp,591,[],choice-response,Out of time,67ef60de6de0902719c5faef,2025-04-04 00:32:30-04:00,add8_120,6011,25,maintaskTrials
67eef64a6de0902719c5faca,default,0,26c49c5a0c653d11f50205bac80aada2dc2fe06104d68a4d5e7c5dd396a2e7ee,1061.3180530071259,False,keypress,testRsp,668,[],choice-response,Out of time,67ef60de6de0902719c5faef,2025-04-04 00:32:30-04:00,toneentrainer_120,6261,26,maintaskTrials
67eef64a6de0902719c5faca,default,0,26c49c5a0c653d11f50205bac80aada2dc2fe06104d68a4d5e7c5dd396a2e7ee,1061.3180530071259,False,keypress,testRsp,947,[],choice-response,Out of time,67ef60de6de0902719c5faef,2025-04-04 00:32:30-04:00,add1_60,6730,27,maintaskTrials
67eef64a6de0902719c5faca,default,0,26c49c5a0c653d11f50205bac80aada2dc2fe06104d68a4d5e7c5dd396a2e7ee,1061.3180530071259,False,keypress,testRsp,823,[],choice-response,Out of time,67ef60de6de0902719c5faef,2025-04-04 00:32:30-04:00,tone1_120,6219,28,maintaskTrials
67eef64a6de0902719c5faca,default,0,26c49c5a0c653d11f50205bac80aada2dc2fe06104d68a4d5e7c5dd396a2e7ee,1061.3180530071259,False,keypress,testRsp,390,[],choice-response,Out of time,67ef60de6de0902719c5faef,2025-04-04 00:32:30-04:00,tone8_30,5992,29,maintaskTrials
67eef64a6de0902719c5faca,default,0,26c49c5a0c653d11f50205bac80aada2dc2fe06104d68a4d5e7c5dd396a2e7ee,1061.3180530071259,False,keypress,testRsp,383,[],choice-response,In time,67ef60de6de0902719c5faef,2025-04-04 00:32:30-04:00,add1_120,5770,30,maintaskTrials
67eef64a6de0902719c5faca,default,0,26c49c5a0c653d11f50205bac80aada2dc2fe06104d68a4d5e7c5dd396a2e7ee,1061.3180530071259,False,keypress,testRsp,407,[],choice-response,In time,67ef60de6de0902719c5faef,2025-04-04 00:32:30-04:00,tone8_0,5992,31,maintaskTrials
67eef64a6de0902719c5faca,default,0,26c49c5a0c653d11f50205bac80aada2dc2fe06104d68a4d5e7c5dd396a2e7ee,1061.3180530071259,False,keypress,testRsp,452,[],choice-response,Out of time,67ef60de6de0902719c5faef,2025-04-04 00:32:30-04:00,addentrainer_120,6038,32,maintaskTrials
67eef64a6de0902719c5faca,default,0,26c49c5a0c653d11f50205bac80aada2dc2fe06104d68a4d5e7c5dd396a2e7ee,1061.3180530071259,False,keypress,testRsp,466,[],choice-response,Out of time,67ef60de6de0902719c5faef,2025-04-04 00:32:30-04:00,toneentrainer_90,6067,33,maintaskTrials
67eef64a6de0902719c5faca,default,0,26c49c5a0c653d11f50205bac80aada2dc2fe06104d68a4d5e7c5dd396a2e7ee,1061.3180530071259,False,keypress,testRsp,1611,[],choice-response,Out of time,67ef60de6de0902719c5faef,2025-04-04 00:32:30-04:00,toneentrainer_30,7552,34,maintaskTrials
67eef64a6de0902719c5faca,default,0,26c49c5a0c653d11f50205bac80aada2dc2fe06104d68a4d5e7c5dd396a2e7ee,1061.3180530071259,False,keypress,testRsp,1327,[],choice-response,In time,67ef60de6de0902719c5faef,2025-04-04 00:32:30-04:00,add8_60,7137,35,maintaskTrials
67eef64a6de0902719c5faca,default,0,26c49c5a0c653d11f50205bac80aada2dc2fe06104d68a4d5e7c5dd396a2e7ee,1061.3180530071259,False,keypress,testRsp,607,[],choice-response,In time,67ef60de6de0902719c5faef,2025-04-04 00:32:30-04:00,tone1_0,6306,36,maintaskTrials
67eef64a6de0902719c5faca,default,0,26c49c5a0c653d11f50205bac80aada2dc2fe06104d68a4d5e7c5dd396a2e7ee,1061.3180530071259,False,keypress,testRsp,810,[],choice-response,Out of time,67ef60de6de0902719c5faef,2025-04-04 00:32:30-04:00,toneentrainer_120,6223,37,maintaskTrials
67eef64a6de0902719c5faca,default,0,26c49c5a0c653d11f50205bac80aada2dc2fe06104d68a4d5e7c5dd396a2e7ee,1061.3180530071259,False,keypress,testRsp,3142,[],choice-response,Out of time,67ef60de6de0902719c5faef,2025-04-04 00:32:30-04:00,add1_120,8527,38,maintaskTrials
67eef64a6de0902719c5faca,default,0,26c49c5a0c653d11f50205bac80aada2dc2fe06104d68a4d5e7c5dd396a2e7ee,1061.3180530071259,False,keypress,testRsp,440,[],choice-response,In time,67ef60de6de0902719c5faef,2025-04-04 00:32:30-04:00,addentrainer_30,5859,39,maintaskTrials
67eef64a6de0902719c5faca,default,0,26c49c5a0c653d11f50205bac80aada2dc2fe06104d68a4d5e7c5dd396a2e7ee,1061.3180530071259,False,keypress,testRsp,502,[],choice-response,Out of time,67ef60de6de0902719c5faef,2025-04-04 00:32:30-04:00,tone8_90,5888,40,maintaskTrials
67eef64a6de0902719c5faca,default,0,26c49c5a0c653d11f50205bac80aada2dc2fe06104d68a4d5e7c5dd396a2e7ee,1061.3180530071259,False,keypress,testRsp,2072,[],choice-response,Out of time,67ef60de6de0902719c5faef,2025-04-04 00:32:30-04:00,addentrainer_90,7492,41,maintaskTrials
67eef64a6de0902719c5faca,default,0,26c49c5a0c653d11f50205bac80aada2dc2fe06104d68a4d5e7c5dd396a2e7ee,1061.3180530071259,False,keypress,testRsp,2575,[],choice-response,Out of time,67ef60de6de0902719c5faef,2025-04-04 00:32:30-04:00,add1_60,7962,42,maintaskTrials
67eef64a6de0902719c5faca,default,0,26c49c5a0c653d11f50205bac80aada2dc2fe06104d68a4d5e7c5dd396a2e7ee,1061.3180530071259,False,keypress,testRsp,3411,[],choice-response,Out of time,67ef60de6de0902719c5faef,2025-04-04 00:32:30-04:00,add8_90,8798,43,maintaskTrials
67eef64a6de0902719c5faca,default,0,26c49c5a0c653d11f50205bac80aada2dc2fe06104d68a4d5e7c5dd396a2e7ee,1061.3180530071259,False,keypress,testRsp,1098,[],choice-response,Out of time,67ef60de6de0902719c5faef,2025-04-04 00:32:30-04:00,toneentrainer_0,6488,44,maintaskTrials
67eef64a6de0902719c5faca,default,0,26c49c5a0c653d11f50205bac80aada2dc2fe06104d68a4d5e7c5dd396a2e7ee,1061.3180530071259,False,keypress,testRsp,2419,[],choice-response,Out of time,67ef60de6de0902719c5faef,2025-04-04 00:32:30-04:00,toneentrainer_30,7814,45,maintaskTrials
67eef64a6de0902719c5faca,default,0,26c49c5a0c653d11f50205bac80aada2dc2fe06104d68a4d5e7c5dd396a2e7ee,1061.3180530071259,False,keypress,testRsp,1222,[],choice-response,Out of time,67ef60de6de0902719c5faef,2025-04-04 00:32:30-04:00,tone1_90,6607,46,maintaskTrials
67eef64a6de0902719c5faca,default,0,26c49c5a0c653d11f50205bac80aada2dc2fe06104d68a4d5e7c5dd396a2e7ee,1061.3180530071259,False,keypress,testRsp,1279,[],choice-response,In time,67ef60de6de0902719c5faef,2025-04-04 00:32:30-04:00,add8_60,6697,47,maintaskTrials
67eef64a6de0902719c5faca,default,0,26c49c5a0c653d11f50205bac80aada2dc2fe06104d68a4d5e7c5dd396a2e7ee,1061.3180530071259,False,keypress,testRsp,546,[],choice-response,Out of time,67ef60de6de0902719c5faef,2025-04-04 00:32:30-04:00,addentrainer_60,5932,48,maintaskTrials
67eef64a6de0902719c5faca,default,0,26c49c5a0c653d11f50205bac80aada2dc2fe06104d68a4d5e7c5dd396a2e7ee,1061.3180530071259,False,keypress,testRsp,1166,[],choice-response,Out of time,67ef60de6de0902719c5faef,2025-04-04 00:32:30-04:00,add1_30,6580,49,maintaskTrials
67eef64a6de0902719c5faca,default,0,26c49c5a0c653d11f50205bac80aada2dc2fe06104d68a4d5e7c5dd396a2e7ee,1061.3180530071259,False,keypress,testRsp,693,[],choice-response,In time,67ef60de6de0902719c5faef,2025-04-04 00:32:30-04:00,addentrainer_0,6083,50,maintaskTrials
67eef64a6de0902719c5faca,default,0,26c49c5a0c653d11f50205bac80aada2dc2fe06104d68a4d5e7c5dd396a2e7ee,1061.3180530071259,False,keypress,testRsp,614,[],choice-response,Out of time,67ef60de6de0902719c5faef,2025-04-04 00:32:30-04:00,tone1_0,6025,51,maintaskTrials
67eef64a6de0902719c5faca,default,0,26c49c5a0c653d11f50205bac80aada2dc2fe06104d68a4d5e7c5dd396a2e7ee,1061.3180530071259,False,keypress,testRsp,1264,[],choice-response,Out of time,67ef60de6de0902719c5faef,2025-04-04 00:32:30-04:00,tone1_120,6656,52,maintaskTrials
67eef64a6de0902719c5faca,default,0,26c49c5a0c653d11f50205bac80aada2dc2fe06104d68a4d5e7c5dd396a2e7ee,1061.3180530071259,False,keypress,testRsp,699,[],choice-response,In time,67ef60de6de0902719c5faef,2025-04-04 00:32:30-04:00,add1_0,6112,53,maintaskTrials
67eef64a6de0902719c5faca,default,0,26c49c5a0c653d11f50205bac80aada2dc2fe06104d68a4d5e7c5dd396a2e7ee,1061.3180530071259,False,keypress,testRsp,1352,[],choice-response,Out of time,67ef60de6de0902719c5faef,2025-04-04 00:32:30-04:00,add8_120,6741,54,maintaskTrials
67eef64a6de0902719c5faca,default,0,26c49c5a0c653d11f50205bac80aada2dc2fe06104d68a4d5e7c5dd396a2e7ee,1061.3180530071259,False,keypress,testRsp,2414,[],choice-response,In time,67ef60de6de0902719c5faef,2025-04-04 00:32:30-04:00,add8_0,7826,55,maintaskTrials
67eef64a6de0902719c5faca,default,0,26c49c5a0c653d11f50205bac80aada2dc2fe06104d68a4d5e7c5dd396a2e7ee,1061.3180530071259,False,keypress,testRsp,974,[],choice-response,Out of time,67ef60de6de0902719c5faef,2025-04-04 00:32:30-04:00,tone8_120,6343,56,maintaskTrials
67eef64a6de0902719c5faca,default,0,26c49c5a0c653d11f50205bac80aada2dc2fe06104d68a4d5e7c5dd396a2e7ee,1061.3180530071259,False,keypress,testRsp,514,[],choice-response,Out of time,67ef60de6de0902719c5faef,2025-04-04 00:32:30-04:00,tone1_30,5904,57,maintaskTrials
67eef64a6de0902719c5faca,default,0,26c49c5a0c653d11f50205bac80aada2dc2fe06104d68a4d5e7c5dd396a2e7ee,1061.3180530071259,False,keypress,testRsp,699,[],choice-response,Out of time,67ef60de6de0902719c5faef,2025-04-04 00:32:30-04:00,add8_30,6084,58,maintaskTrials
67eef64a6de0902719c5faca,default,0,26c49c5a0c653d11f50205bac80aada2dc2fe06104d68a4d5e7c5dd396a2e7ee,1061.3180530071259,False,keypress,testRsp,587,[],choice-response,Out of time,67ef60de6de0902719c5faef,2025-04-04 00:32:30-04:00,toneentrainer_90,5977,59,maintaskTrials
67eef64a6de0902719c5faca,default,0,26c49c5a0c653d11f50205bac80aada2dc2fe06104d68a4d5e7c5dd396a2e7ee,1061.3180530071259,False,keypress,testRsp,1124,[],choice-response,Out of time,67ef60de6de0902719c5faef,2025-04-04 00:32:30-04:00,tone8_30,6519,60,maintaskTrials
67eef64a6de0902719c5faca,default,0,26c49c5a0c653d11f50205bac80aada2dc2fe06104d68a4d5e7c5dd396a2e7ee,1061.3180530071259,False,keypress,testRsp,837,[],choice-response,Out of time,67ef60de6de0902719c5faef,2025-04-04 00:32:30-04:00,tone8_60,6247,61,maintaskTrials
67eef64a6de0902719c5faca,default,0,26c49c5a0c653d11f50205bac80aada2dc2fe06104d68a4d5e7c5dd396a2e7ee,1061.3180530071259,False,keypress,testRsp,407,[],choice-response,Out of time,67ef60de6de0902719c5faef,2025-04-04 00:32:30-04:00,add1_90,5817,62,maintaskTrials
67eef64a6de0902719c5faca,default,0,26c49c5a0c653d11f50205bac80aada2dc2fe06104d68a4d5e7c5dd396a2e7ee,1061.3180530071259,False,keypress,testRsp,482,[],choice-response,Out of time,67ef60de6de0902719c5faef,2025-04-04 00:32:30-04:00,toneentrainer_60,5888,63,maintaskTrials
67eef64a6de0902719c5faca,default,0,26c49c5a0c653d11f50205bac80aada2dc2fe06104d68a4d5e7c5dd396a2e7ee,1061.3180530071259,False,keypress,testRsp,2433,[],choice-response,Out of time,67ef60de6de0902719c5faef,2025-04-04 00:32:30-04:00,tone1_60,7838,64,maintaskTrials
67eef64a6de0902719c5faca,default,0,26c49c5a0c653d11f50205bac80aada2dc2fe06104d68a4d5e7c5dd396a2e7ee,1061.3180530071259,False,keypress,testRsp,1105,[],choice-response,Out of time,67ef60de6de0902719c5faef,2025-04-04 00:32:30-04:00,addentrainer_120,6493,65,maintaskTrials
67eef64a6de0902719c5faca,default,0,26c49c5a0c653d11f50205bac80aada2dc2fe06104d68a4d5e7c5dd396a2e7ee,1061.3180530071259,False,keypress,testRsp,1293,[],choice-response,Out of time,67ef60de6de0902719c5faef,2025-04-04 00:32:30-04:00,tone8_0,6683,66,maintaskTrials
67eef64a6de0902719c5faca,default,0,26c49c5a0c653d11f50205bac80aada2dc2fe06104d68a4d5e7c5dd396a2e7ee,1061.3180530071259,False,keypress,testRsp,720,[],choice-response,Out of time,67ef60de6de0902719c5faef,2025-04-04 00:32:30-04:00,toneentrainer_30,6111,67,maintaskTrials
67eef64a6de0902719c5faca,default,0,26c49c5a0c653d11f50205bac80aada2dc2fe06104d68a4d5e7c5dd396a2e7ee,1061.3180530071259,False,keypress,testRsp,1005,[],choice-response,Out of time,67ef60de6de0902719c5faef,2025-04-04 00:32:30-04:00,tone1_90,6399,68,maintaskTrials
67eef64a6de0902719c5faca,default,0,26c49c5a0c653d11f50205bac80aada2dc2fe06104d68a4d5e7c5dd396a2e7ee,1061.3180530071259,False,keypress,testRsp,762,[],choice-response,Out of time,67ef60de6de0902719c5faef,2025-04-04 00:32:30-04:00,add8_120,6156,69,maintaskTrials
67eef64a6de0902719c5faca,default,0,26c49c5a0c653d11f50205bac80aada2dc2fe06104d68a4d5e7c5dd396a2e7ee,1061.3180530071259,False,keypress,testRsp,1737,[],choice-response,Out of time,67ef60de6de0902719c5faef,2025-04-04 00:32:30-04:00,toneentrainer_120,7148,70,maintaskTrials
67eef64a6de0902719c5faca,default,0,26c49c5a0c653d11f50205bac80aada2dc2fe06104d68a4d5e7c5dd396a2e7ee,1061.3180530071259,False,keypress,testRsp,399,[],choice-response,Out of time,67ef60de6de0902719c5faef,2025-04-04 00:32:30-04:00,addentrainer_60,5784,71,maintaskTrials
67eef64a6de0902719c5faca,default,0,26c49c5a0c653d11f50205bac80aada2dc2fe06104d68a4d5e7c5dd396a2e7ee,1061.3180530071259,False,keypress,testRsp,873,[],choice-response,Out of time,67ef60de6de0902719c5faef,2025-04-04 00:32:30-04:00,addentrainer_0,6263,72,maintaskTrials
67eef64a6de0902719c5faca,default,0,26c49c5a0c653d11f50205bac80aada2dc2fe06104d68a4d5e7c5dd396a2e7ee,1061.3180530071259,False,keypress,testRsp,447,[],choice-response,In time,67ef60de6de0902719c5faef,2025-04-04 00:32:30-04:00,add1_90,5843,73,maintaskTrials
67eef64a6de0902719c5faca,default,0,26c49c5a0c653d11f50205bac80aada2dc2fe06104d68a4d5e7c5dd396a2e7ee,1061.3180530071259,False,keypress,testRsp,408,[],choice-response,Out of time,67ef60de6de0902719c5faef,2025-04-04 00:32:30-04:00,add1_120,5797,74,maintaskTrials
67eef64a6de0902719c5faca,default,0,26c49c5a0c653d11f50205bac80aada2dc2fe06104d68a4d5e7c5dd396a2e7ee,1061.3180530071259,False,keypress,testRsp,419,[],choice-response,Out of time,67ef60de6de0902719c5faef,2025-04-04 00:32:30-04:00,tone8_60,5812,75,maintaskTrials
67eef64a6de0902719c5faca,default,0,26c49c5a0c653d11f50205bac80aada2dc2fe06104d68a4d5e7c5dd396a2e7ee,1061.3180530071259,False,keypress,testRsp,873,[],choice-response,In time,67ef60de6de0902719c5faef,2025-04-04 00:32:30-04:00,add8_30,6282,76,maintaskTrials
67eef64a6de0902719c5faca,default,0,26c49c5a0c653d11f50205bac80aada2dc2fe06104d68a4d5e7c5dd396a2e7ee,1061.3180530071259,False,keypress,testRsp,835,[],choice-response,Out of time,67ef60de6de0902719c5faef,2025-04-04 00:32:30-04:00,toneentrainer_0,6219,77,maintaskTrials
67eef64a6de0902719c5faca,default,0,26c49c5a0c653d11f50205bac80aada2dc2fe06104d68a4d5e7c5dd396a2e7ee,1061.3180530071259,False,keypress,testRsp,469,[],choice-response,Out of time,67ef60de6de0902719c5faef,2025-04-04 00:32:30-04:00,add8_60,5845,78,maintaskTrials
67eef64a6de0902719c5faca,default,0,26c49c5a0c653d11f50205bac80aada2dc2fe06104d68a4d5e7c5dd396a2e7ee,1061.3180530071259,False,keypress,testRsp,1411,[],choice-response,Out of time,67ef60de6de0902719c5faef,2025-04-04 00:32:30-04:00,add8_0,6803,79,maintaskTrials
67eef64a6de0902719c5faca,default,0,26c49c5a0c653d11f50205bac80aada2dc2fe06104d68a4d5e7c5dd396a2e7ee,1061.3180530071259,False,keypress,testRsp,997,[],choice-response,In time,67ef60de6de0902719c5faef,2025-04-04 00:32:30-04:00,toneentrainer_60,6382,80,maintaskTrials
67eef64a6de0902719c5faca,default,0,26c49c5a0c653d11f50205bac80aada2dc2fe06104d68a4d5e7c5dd396a2e7ee,1061.3180530071259,False,keypress,testRsp,1002,[],choice-response,Out of time,67ef60de6de0902719c5faef,2025-04-04 00:32:30-04:00,tone1_60,6395,81,maintaskTrials
67eef64a6de0902719c5faca,default,0,26c49c5a0c653d11f50205bac80aada2dc2fe06104d68a4d5e7c5dd396a2e7ee,1061.3180530071259,False,keypress,testRsp,956,[],choice-response,In time,67ef60de6de0902719c5faef,2025-04-04 00:32:30-04:00,add1_0,6345,82,maintaskTrials
67eef64a6de0902719c5faca,default,0,26c49c5a0c653d11f50205bac80aada2dc2fe06104d68a4d5e7c5dd396a2e7ee,1061.3180530071259,False,keypress,testRsp,992,[],choice-response,In time,67ef60de6de0902719c5faef,2025-04-04 00:32:30-04:00,addentrainer_30,6378,83,maintaskTrials
67eef64a6de0902719c5faca,default,0,26c49c5a0c653d11f50205bac80aada2dc2fe06104d68a4d5e7c5dd396a2e7ee,1061.3180530071259,False,keypress,testRsp,841,[],choice-response,Out of time,67ef60de6de0902719c5faef,2025-04-04 00:32:30-04:00,addentrainer_120,6253,84,maintaskTrials
67eef64a6de0902719c5faca,default,0,26c49c5a0c653d11f50205bac80aada2dc2fe06104d68a4d5e7c5dd396a2e7ee,1061.3180530071259,False,keypress,testRsp,825,[],choice-response,Out of time,67ef60de6de0902719c5faef,2025-04-04 00:32:30-04:00,tone8_90,6219,85,maintaskTrials
67eef64a6de0902719c5faca,default,0,26c49c5a0c653d11f50205bac80aada2dc2fe06104d68a4d5e7c5dd396a2e7ee,1061.3180530071259,False,keypress,testRsp,496,[],choice-response,Out of time,67ef60de6de0902719c5faef,2025-04-04 00:32:30-04:00,tone8_120,5888,86,maintaskTrials
67eef64a6de0902719c5faca,default,0,26c49c5a0c653d11f50205bac80aada2dc2fe06104d68a4d5e7c5dd396a2e7ee,1061.3180530071259,False,keypress,testRsp,317,[],choice-response,In time,67ef60de6de0902719c5faef,2025-04-04 00:32:30-04:00,tone1_30,5707,87,maintaskTrials
67eef64a6de0902719c5faca,default,0,26c49c5a0c653d11f50205bac80aada2dc2fe06104d68a4d5e7c5dd396a2e7ee,1061.3180530071259,False,keypress,testRsp,238,[],choice-response,In time,67ef60de6de0902719c5faef,2025-04-04 00:32:30-04:00,add1_60,5651,88,maintaskTrials
67eef64a6de0902719c5faca,default,0,26c49c5a0c653d11f50205bac80aada2dc2fe06104d68a4d5e7c5dd396a2e7ee,1061.3180530071259,False,keypress,testRsp,362,[],choice-response,Out of time,67ef60de6de0902719c5faef,2025-04-04 00:32:30-04:00,tone1_120,5771,89,maintaskTrials
67eef64a6de0902719c5faca,default,0,26c49c5a0c653d11f50205bac80aada2dc2fe06104d68a4d5e7c5dd396a2e7ee,1061.3180530071259,False,keypress,testRsp,282,[],choice-response,Out of time,67ef60de6de0902719c5faef,2025-04-04 00:32:30-04:00,tone8_0,5665,90,maintaskTrials
67eef64a6de0902719c5faca,default,0,26c49c5a0c653d11f50205bac80aada2dc2fe06104d68a4d5e7c5dd396a2e7ee,1061.3180530071259,False,keypress,testRsp,282,[],choice-response,Out of time,67ef60de6de0902719c5faef,2025-04-04 00:32:30-04:00,toneentrainer_90,5694,91,maintaskTrials
67eef64a6de0902719c5faca,default,0,26c49c5a0c653d11f50205bac80aada2dc2fe06104d68a4d5e7c5dd396a2e7ee,1061.3180530071259,False,keypress,testRsp,162,[],choice-response,In time,67ef60de6de0902719c5faef,2025-04-04 00:32:30-04:00,tone1_0,5575,92,maintaskTrials
67eef64a6de0902719c5faca,default,0,26c49c5a0c653d11f50205bac80aada2dc2fe06104d68a4d5e7c5dd396a2e7ee,1061.3180530071259,False,keypress,testRsp,337,[],choice-response,Out of time,67ef60de6de0902719c5faef,2025-04-04 00:32:30-04:00,addentrainer_90,5725,93,maintaskTrials
67eef64a6de0902719c5faca,default,0,26c49c5a0c653d11f50205bac80aada2dc2fe06104d68a4d5e7c5dd396a2e7ee,1061.3180530071259,False,keypress,testRsp,151,[],choice-response,In time,67ef60de6de0902719c5faef,2025-04-04 00:32:30-04:00,tone8_30,5542,94,maintaskTrials
67eef64a6de0902719c5faca,default,0,26c49c5a0c653d11f50205bac80aada2dc2fe06104d68a4d5e7c5dd396a2e7ee,1061.3180530071259,False,keypress,testRsp,262,[],choice-response,Out of time,67ef60de6de0902719c5faef,2025-04-04 00:32:30-04:00,add8_90,5649,95,maintaskTrials
67eef64a6de0902719c5faca,default,0,26c49c5a0c653d11f50205bac80aada2dc2fe06104d68a4d5e7c5dd396a2e7ee,1061.3180530071259,False,keypress,testRsp,391,[],choice-response,In time,67ef60de6de0902719c5faef,2025-04-04 00:32:30-04:00,add1_30,5787,96,maintaskTrials
67eef64a6de0902719c5faca,default,0,26c49c5a0c653d11f50205bac80aada2dc2fe06104d68a4d5e7c5dd396a2e7ee,1061.3180530071259,False,keypress,testRsp,110,[],choice-response,In time,67ef60de6de0902719c5faef,2025-04-04 00:32:30-04:00,tone1_0,5497,97,maintaskTrials
67eef64a6de0902719c5faca,default,0,26c49c5a0c653d11f50205bac80aada2dc2fe06104d68a4d5e7c5dd396a2e7ee,1061.3180530071259,False,keypress,testRsp,168,[],choice-response,Out of time,67ef60de6de0902719c5faef,2025-04-04 00:32:30-04:00,add8_60,5559,98,maintaskTrials
67eef64a6de0902719c5faca,default,0,26c49c5a0c653d11f50205bac80aada2dc2fe06104d68a4d5e7c5dd396a2e7ee,1061.3180530071259,False,keypress,testRsp,497,[],choice-response,In time,67ef60de6de0902719c5faef,2025-04-04 00:32:30-04:00,addentrainer_90,5890,99,maintaskTrials
67eef64a6de0902719c5faca,default,0,26c49c5a0c653d11f50205bac80aada2dc2fe06104d68a4d5e7c5dd396a2e7ee,1061.3180530071259,False,keypress,testRsp,605,[],choice-response,Out of time,67ef60de6de0902719c5faef,2025-04-04 00:32:30-04:00,add1_60,5994,100,maintaskTrials
67eef64a6de0902719c5faca,default,0,26c49c5a0c653d11f50205bac80aada2dc2fe06104d68a4d5e7c5dd396a2e7ee,1061.3180530071259,False,keypress,testRsp,1491,[],choice-response,In time,67ef60de6de0902719c5faef,2025-04-04 00:32:30-04:00,toneentrainer_0,6889,101,maintaskTrials
67eef64a6de0902719c5faca,default,0,26c49c5a0c653d11f50205bac80aada2dc2fe06104d68a4d5e7c5dd396a2e7ee,1061.3180530071259,False,keypress,testRsp,926,[],choice-response,In time,67ef60de6de0902719c5faef,2025-04-04 00:32:30-04:00,toneentrainer_30,6342,102,maintaskTrials
67eef64a6de0902719c5faca,default,0,26c49c5a0c653d11f50205bac80aada2dc2fe06104d68a4d5e7c5dd396a2e7ee,1061.3180530071259,False,keypress,testRsp,346,[],choice-response,In time,67ef60de6de0902719c5faef,2025-04-04 00:32:30-04:00,addentrainer_30,5737,103,maintaskTrials
67eef64a6de0902719c5faca,default,0,26c49c5a0c653d11f50205bac80aada2dc2fe06104d68a4d5e7c5dd396a2e7ee,1061.3180530071259,False,keypress,testRsp,405,[],choice-response,Out of time,67ef60de6de0902719c5faef,2025-04-04 00:32:30-04:00,toneentrainer_120,5803,104,maintaskTrials
67eef64a6de0902719c5faca,default,0,26c49c5a0c653d11f50205bac80aada2dc2fe06104d68a4d5e7c5dd396a2e7ee,1061.3180530071259,False,keypress,testRsp,963,[],choice-response,In time,67ef60de6de0902719c5faef,2025-04-04 00:32:30-04:00,add8_0,6334,105,maintaskTrials
67eef64a6de0902719c5faca,default,0,26c49c5a0c653d11f50205bac80aada2dc2fe06104d68a4d5e7c5dd396a2e7ee,1061.3180530071259,False,keypress,testRsp,335,[],choice-response,Out of time,67ef60de6de0902719c5faef,2025-04-04 00:32:30-04:00,toneentrainer_90,5728,106,maintaskTrials
67eef64a6de0902719c5faca,default,0,26c49c5a0c653d11f50205bac80aada2dc2fe06104d68a4d5e7c5dd396a2e7ee,1061.3180530071259,False,keypress,testRsp,1567,[],choice-response,Out of time,67ef60de6de0902719c5faef,2025-04-04 00:32:30-04:00,add1_90,6984,107,maintaskTrials
67eef64a6de0902719c5faca,default,0,26c49c5a0c653d11f50205bac80aada2dc2fe06104d68a4d5e7c5dd396a2e7ee,1061.3180530071259,False,keypress,testRsp,264,[],choice-response,In time,67ef60de6de0902719c5faef,2025-04-04 00:32:30-04:00,addentrainer_0,5647,108,maintaskTrials
67eef64a6de0902719c5faca,default,0,26c49c5a0c653d11f50205bac80aada2dc2fe06104d68a4d5e7c5dd396a2e7ee,1061.3180530071259,False,keypress,testRsp,531,[],choice-response,Out of time,67ef60de6de0902719c5faef,2025-04-04 00:32:30-04:00,tone1_120,5938,109,maintaskTrials
67eef64a6de0902719c5faca,default,0,26c49c5a0c653d11f50205bac80aada2dc2fe06104d68a4d5e7c5dd396a2e7ee,1061.3180530071259,False,keypress,testRsp,768,[],choice-response,Out of time,67ef60de6de0902719c5faef,2025-04-04 00:32:30-04:00,add1_120,6160,110,maintaskTrials
67eef64a6de0902719c5faca,default,0,26c49c5a0c653d11f50205bac80aada2dc2fe06104d68a4d5e7c5dd396a2e7ee,1061.3180530071259,False,keypress,testRsp,7111,[],choice-response,Out of time,67ef60de6de0902719c5faef,2025-04-04 00:32:30-04:00,add1_0,12502,111,maintaskTrials
67eef64a6de0902719c5faca,default,0,26c49c5a0c653d11f50205bac80aada2dc2fe06104d68a4d5e7c5dd396a2e7ee,1061.3180530071259,False,keypress,testRsp,367,[],choice-response,Out of time,67ef60de6de0902719c5faef,2025-04-04 00:32:30-04:00,tone8_90,5754,112,maintaskTrials
67eef64a6de0902719c5faca,default,0,26c49c5a0c653d11f50205bac80aada2dc2fe06104d68a4d5e7c5dd396a2e7ee,1061.3180530071259,False,keypress,testRsp,382,[],choice-response,In time,67ef60de6de0902719c5faef,2025-04-04 00:32:30-04:00,add1_30,5770,113,maintaskTrials
67eef64a6de0902719c5faca,default,0,26c49c5a0c653d11f50205bac80aada2dc2fe06104d68a4d5e7c5dd396a2e7ee,1061.3180530071259,False,keypress,testRsp,297,[],choice-response,Out of time,67ef60de6de0902719c5faef,2025-04-04 00:32:30-04:00,tone8_120,5692,114,maintaskTrials
67eef64a6de0902719c5faca,default,0,26c49c5a0c653d11f50205bac80aada2dc2fe06104d68a4d5e7c5dd396a2e7ee,1061.3180530071259,False,keypress,testRsp,564,[],choice-response,In time,67ef60de6de0902719c5faef,2025-04-04 00:32:30-04:00,tone1_30,5949,115,maintaskTrials
67eef64a6de0902719c5faca,default,0,26c49c5a0c653d11f50205bac80aada2dc2fe06104d68a4d5e7c5dd396a2e7ee,1061.3180530071259,False,keypress,testRsp,368,[],choice-response,Out of time,67ef60de6de0902719c5faef,2025-04-04 00:32:30-04:00,tone8_0,5785,116,maintaskTrials
67eef64a6de0902719c5faca,default,0,26c49c5a0c653d11f50205bac80aada2dc2fe06104d68a4d5e7c5dd396a2e7ee,1061.3180530071259,False,keypress,testRsp,492,[],choice-response,Out of time,67ef60de6de0902719c5faef,2025-04-04 00:32:30-04:00,add8_120,5902,117,maintaskTrials
67eef64a6de0902719c5faca,default,0,26c49c5a0c653d11f50205bac80aada2dc2fe06104d68a4d5e7c5dd396a2e7ee,1061.3180530071259,False,keypress,testRsp,525,[],choice-response,In time,67ef60de6de0902719c5faef,2025-04-04 00:32:30-04:00,tone1_60,5919,118,maintaskTrials
67eef64a6de0902719c5faca,default,0,26c49c5a0c653d11f50205bac80aada2dc2fe06104d68a4d5e7c5dd396a2e7ee,1061.3180530071259,False,keypress,testRsp,775,[],choice-response,Out of time,67ef60de6de0902719c5faef,2025-04-04 00:32:30-04:00,tone8_60,6160,119,maintaskTrials
67eef64a6de0902719c5faca,default,0,26c49c5a0c653d11f50205bac80aada2dc2fe06104d68a4d5e7c5dd396a2e7ee,1061.3180530071259,False,keypress,testRsp,2554,[],choice-response,Out of time,67ef60de6de0902719c5faef,2025-04-04 00:32:30-04:00,tone8_30,7939,120,maintaskTrials
67eef64a6de0902719c5faca,default,0,26c49c5a0c653d11f50205bac80aada2dc2fe06104d68a4d5e7c5dd396a2e7ee,1061.3180530071259,False,keypress,testRsp,1189,[],choice-response,Out of time,67ef60de6de0902719c5faef,2025-04-04 00:32:30-04:00,tone1_90,6604,121,maintaskTrials
67eef64a6de0902719c5faca,default,0,26c49c5a0c653d11f50205bac80aada2dc2fe06104d68a4d5e7c5dd396a2e7ee,1061.3180530071259,False,keypress,testRsp,1354,[],choice-response,Out of time,67ef60de6de0902719c5faef,2025-04-04 00:32:30-04:00,add8_90,6761,122,maintaskTrials
67eef64a6de0902719c5faca,default,0,26c49c5a0c653d11f50205bac80aada2dc2fe06104d68a4d5e7c5dd396a2e7ee,1061.3180530071259,False,keypress,testRsp,3273,[],choice-response,Out of time,67ef60de6de0902719c5faef,2025-04-04 00:32:30-04:00,addentrainer_120,8695,123,maintaskTrials
67eef64a6de0902719c5faca,default,0,26c49c5a0c653d11f50205bac80aada2dc2fe06104d68a4d5e7c5dd396a2e7ee,1061.3180530071259,False,keypress,testRsp,1138,[],choice-response,Out of time,67ef60de6de0902719c5faef,2025-04-04 00:32:30-04:00,addentrainer_60,6528,124,maintaskTrials
67eef64a6de0902719c5faca,default,0,26c49c5a0c653d11f50205bac80aada2dc2fe06104d68a4d5e7c5dd396a2e7ee,1061.3180530071259,False,keypress,testRsp,1410,[],choice-response,Out of time,67ef60de6de0902719c5faef,2025-04-04 00:32:30-04:00,toneentrainer_60,6794,125,maintaskTrials
67eef64a6de0902719c5faca,default,0,26c49c5a0c653d11f50205bac80aada2dc2fe06104d68a4d5e7c5dd396a2e7ee,1061.3180530071259,False,keypress,testRsp,1369,[],choice-response,Out of time,67ef60de6de0902719c5faef,2025-04-04 00:32:30-04:00,add8_30,6759,126,maintaskTrials
67eef64a6de0902719c5faca,default,0,26c49c5a0c653d11f50205bac80aada2dc2fe06104d68a4d5e7c5dd396a2e7ee,1061.3180530071259,False,keypress,testRsp,1320,[],choice-response,Out of time,67ef60de6de0902719c5faef,2025-04-04 00:32:30-04:00,add8_60,6714,127,maintaskTrials
67eef64a6de0902719c5faca,default,0,26c49c5a0c653d11f50205bac80aada2dc2fe06104d68a4d5e7c5dd396a2e7ee,1061.3180530071259,False,keypress,testRsp,1321,[],choice-response,Out of time,67ef60de6de0902719c5faef,2025-04-04 00:32:30-04:00,tone8_30,6713,128,maintaskTrials
67eef64a6de0902719c5faca,default,0,26c49c5a0c653d11f50205bac80aada2dc2fe06104d68a4d5e7c5dd396a2e7ee,1061.3180530071259,False,keypress,testRsp,1216,[],choice-response,Out of time,67ef60de6de0902719c5faef,2025-04-04 00:32:30-04:00,tone8_120,6609,129,maintaskTrials
67eef64a6de0902719c5faca,default,0,26c49c5a0c653d11f50205bac80aada2dc2fe06104d68a4d5e7c5dd396a2e7ee,1061.3180530071259,False,keypress,testRsp,1203,[],choice-response,Out of time,67ef60de6de0902719c5faef,2025-04-04 00:32:30-04:00,tone8_60,6594,130,maintaskTrials
67eef64a6de0902719c5faca,default,0,26c49c5a0c653d11f50205bac80aada2dc2fe06104d68a4d5e7c5dd396a2e7ee,1061.3180530071259,False,keypress,testRsp,873,[],choice-response,Out of time,67ef60de6de0902719c5faef,2025-04-04 00:32:30-04:00,addentrainer_120,6262,131,maintaskTrials
67eef64a6de0902719c5faca,default,0,26c49c5a0c653d11f50205bac80aada2dc2fe06104d68a4d5e7c5dd396a2e7ee,1061.3180530071259,False,keypress,testRsp,1567,[],choice-response,Out of time,67ef60de6de0902719c5faef,2025-04-04 00:32:30-04:00,addentrainer_60,6954,132,maintaskTrials
67eef64a6de0902719c5faca,default,0,26c49c5a0c653d11f50205bac80aada2dc2fe06104d68a4d5e7c5dd396a2e7ee,1061.3180530071259,False,keypress,testRsp,1846,[],choice-response,Out of time,67ef60de6de0902719c5faef,2025-04-04 00:32:30-04:00,add8_120,7259,133,maintaskTrials
67eef64a6de0902719c5faca,default,0,26c49c5a0c653d11f50205bac80aada2dc2fe06104d68a4d5e7c5dd396a2e7ee,1061.3180530071259,False,keypress,testRsp,1178,[],choice-response,Out of time,67ef60de6de0902719c5faef,2025-04-04 00:32:30-04:00,toneentrainer_90,6549,134,maintaskTrials
67eef64a6de0902719c5faca,default,0,26c49c5a0c653d11f50205bac80aada2dc2fe06104d68a4d5e7c5dd396a2e7ee,1061.3180530071259,False,keypress,testRsp,954,[],choice-response,Out of time,67ef60de6de0902719c5faef,2025-04-04 00:32:30-04:00,add1_60,6368,135,maintaskTrials
67eef64a6de0902719c5faca,default,0,26c49c5a0c653d11f50205bac80aada2dc2fe06104d68a4d5e7c5dd396a2e7ee,1061.3180530071259,False,keypress,testRsp,364,[],choice-response,Out of time,67ef60de6de0902719c5faef,2025-04-04 00:32:30-04:00,tone1_60,5751,136,maintaskTrials
67eef64a6de0902719c5faca,default,0,26c49c5a0c653d11f50205bac80aada2dc2fe06104d68a4d5e7c5dd396a2e7ee,1061.3180530071259,False,keypress,testRsp,364,[],choice-response,In time,67ef60de6de0902719c5faef,2025-04-04 00:32:30-04:00,addentrainer_0,5752,137,maintaskTrials
67eef64a6de0902719c5faca,default,0,26c49c5a0c653d11f50205bac80aada2dc2fe06104d68a4d5e7c5dd396a2e7ee,1061.3180530071259,False,keypress,testRsp,342,[],choice-response,Out of time,67ef60de6de0902719c5faef,2025-04-04 00:32:30-04:00,addentrainer_90,5757,138,maintaskTrials
67eef64a6de0902719c5faca,default,0,26c49c5a0c653d11f50205bac80aada2dc2fe06104d68a4d5e7c5dd396a2e7ee,1061.3180530071259,False,keypress,testRsp,454,[],choice-response,Out of time,67ef60de6de0902719c5faef,2025-04-04 00:32:30-04:00,tone1_120,5842,139,maintaskTrials
67eef64a6de0902719c5faca,default,0,26c49c5a0c653d11f50205bac80aada2dc2fe06104d68a4d5e7c5dd396a2e7ee,1061.3180530071259,False,keypress,testRsp,264,[],choice-response,Out of time,67ef60de6de0902719c5faef,2025-04-04 00:32:30-04:00,add1_120,5649,140,maintaskTrials
67eef64a6de0902719c5faca,default,0,26c49c5a0c653d11f50205bac80aada2dc2fe06104d68a4d5e7c5dd396a2e7ee,1061.3180530071259,False,keypress,testRsp,302,[],choice-response,Out of time,67ef60de6de0902719c5faef,2025-04-04 00:32:30-04:00,tone8_0,5698,141,maintaskTrials
67eef64a6de0902719c5faca,default,0,26c49c5a0c653d11f50205bac80aada2dc2fe06104d68a4d5e7c5dd396a2e7ee,1061.3180530071259,False,keypress,testRsp,369,[],choice-response,Out of time,67ef60de6de0902719c5faef,2025-04-04 00:32:30-04:00,add1_30,5784,142,maintaskTrials
67eef64a6de0902719c5faca,default,0,26c49c5a0c653d11f50205bac80aada2dc2fe06104d68a4d5e7c5dd396a2e7ee,1061.3180530071259,False,keypress,testRsp,323,[],choice-response,Out of time,67ef60de6de0902719c5faef,2025-04-04 00:32:30-04:00,addentrainer_30,5710,143,maintaskTrials
67eef64a6de0902719c5faca,default,0,26c49c5a0c653d11f50205bac80aada2dc2fe06104d68a4d5e7c5dd396a2e7ee,1061.3180530071259,False,keypress,testRsp,367,[],choice-response,In time,67ef60de6de0902719c5faef,2025-04-04 00:32:30-04:00,toneentrainer_0,5784,144,maintaskTrials
67eef64a6de0902719c5faca,default,0,26c49c5a0c653d11f50205bac80aada2dc2fe06104d68a4d5e7c5dd396a2e7ee,1061.3180530071259,False,keypress,testRsp,321,[],choice-response,Out of time,67ef60de6de0902719c5faef,2025-04-04 00:32:30-04:00,tone1_0,5708,145,maintaskTrials
67eef64a6de0902719c5faca,default,0,26c49c5a0c653d11f50205bac80aada2dc2fe06104d68a4d5e7c5dd396a2e7ee,1061.3180530071259,False,keypress,testRsp,843,[],choice-response,Out of time,67ef60de6de0902719c5faef,2025-04-04 00:32:30-04:00,toneentrainer_30,6262,146,maintaskTrials
67eef64a6de0902719c5faca,default,0,26c49c5a0c653d11f50205bac80aada2dc2fe06104d68a4d5e7c5dd396a2e7ee,1061.3180530071259,False,keypress,testRsp,452,[],choice-response,Out of time,67ef60de6de0902719c5faef,2025-04-04 00:32:30-04:00,tone1_30,5844,147,maintaskTrials
67eef64a6de0902719c5faca,default,0,26c49c5a0c653d11f50205bac80aada2dc2fe06104d68a4d5e7c5dd396a2e7ee,1061.3180530071259,False,keypress,testRsp,327,[],choice-response,Out of time,67ef60de6de0902719c5faef,2025-04-04 00:32:30-04:00,toneentrainer_120,5724,148,maintaskTrials
67eef64a6de0902719c5faca,default,0,26c49c5a0c653d11f50205bac80aada2dc2fe06104d68a4d5e7c5dd396a2e7ee,1061.3180530071259,False,keypress,testRsp,949,[],choice-response,Out of time,67ef60de6de0902719c5faef,2025-04-04 00:32:30-04:00,add8_0,6340,149,maintaskTrials
67eef64a6de0902719c5faca,default,0,26c49c5a0c653d11f50205bac80aada2dc2fe06104d68a4d5e7c5dd396a2e7ee,1061.3180530071259,False,keypress,testRsp,374,[],choice-response,Out of time,67ef60de6de0902719c5faef,2025-04-04 00:32:30-04:00,toneentrainer_60,5767,150,maintaskTrials
67eef64a6de0902719c5faca,default,0,26c49c5a0c653d11f50205bac80aada2dc2fe06104d68a4d5e7c5dd396a2e7ee,1061.3180530071259,False,keypress,testRsp,260,[],choice-response,Out of time,67ef60de6de0902719c5faef,2025-04-04 00:32:30-04:00,add1_90,5664,151,maintaskTrials
67eef64a6de0902719c5faca,default,0,26c49c5a0c653d11f50205bac80aada2dc2fe06104d68a4d5e7c5dd396a2e7ee,1061.3180530071259,False,keypress,testRsp,431,[],choice-response,Out of time,67ef60de6de0902719c5faef,2025-04-04 00:32:30-04:00,tone1_90,5828,152,maintaskTrials
67eef64a6de0902719c5faca,default,0,26c49c5a0c653d11f50205bac80aada2dc2fe06104d68a4d5e7c5dd396a2e7ee,1061.3180530071259,False,keypress,testRsp,562,[],choice-response,Out of time,67ef60de6de0902719c5faef,2025-04-04 00:32:30-04:00,add8_90,5979,153,maintaskTrials
67eef64a6de0902719c5faca,default,0,26c49c5a0c653d11f50205bac80aada2dc2fe06104d68a4d5e7c5dd396a2e7ee,1061.3180530071259,False,keypress,testRsp,297,[],choice-response,In time,67ef60de6de0902719c5faef,2025-04-04 00:32:30-04:00,add1_0,5693,154,maintaskTrials
67eef64a6de0902719c5faca,default,0,26c49c5a0c653d11f50205bac80aada2dc2fe06104d68a4d5e7c5dd396a2e7ee,1061.3180530071259,False,keypress,testRsp,2039,[],choice-response,Out of time,67ef60de6de0902719c5faef,2025-04-04 00:32:30-04:00,tone8_90,7434,155,maintaskTrials
67eef64a6de0902719c5faca,default,0,26c49c5a0c653d11f50205bac80aada2dc2fe06104d68a4d5e7c5dd396a2e7ee,1061.3180530071259,False,keypress,testRsp,1946,[],choice-response,Out of time,67ef60de6de0902719c5faef,2025-04-04 00:32:30-04:00,add8_30,7344,156,maintaskTrials
67eef64a6de0902719c5faca,default,0,914c535c7b006a14ee0fed1f7929c7932e6cb4f253c00b8b305bda1b18dce680,996.6689250469208,True,click,exampleRsp_tone,4213,['Out of time'],choice-response,Out of time,67ef60de6de0902719c5faef,2025-04-04 00:32:30-04:00,tone1_120,12862,1,example_tone
67eef64a6de0902719c5faca,default,0,914c535c7b006a14ee0fed1f7929c7932e6cb4f253c00b8b305bda1b18dce680,996.6689250469208,True,keypress,exampleRsp_lab,5894,['Out of time'],choice-response,Out of time,67ef60de6de0902719c5faef,2025-04-04 00:32:30-04:00,add1_120,14426,2,example_add
67eef64a6de0902719c5faca,default,0,914c535c7b006a14ee0fed1f7929c7932e6cb4f253c00b8b305bda1b18dce680,996.6689250469208,True,keypress,exampleRsp_lab,4382,['Out of time'],choice-response,Out of time,67ef60de6de0902719c5faef,2025-04-04 00:32:30-04:00,add1_120,12394,3,example_add
67eef64a6de0902719c5faca,default,0,914c535c7b006a14ee0fed1f7929c7932e6cb4f253c00b8b305bda1b18dce680,996.6689250469208,True,keypress,exampleRsp_lab,2391,['Out of time'],choice-response,Out of time,67ef60de6de0902719c5faef,2025-04-04 00:32:30-04:00,add8_120,10710,4,example_add
67eef64a6de0902719c5faca,default,0,914c535c7b006a14ee0fed1f7929c7932e6cb4f253c00b8b305bda1b18dce680,996.6689250469208,True,keypress,exampleRsp_tone,1456,['Out of time'],choice-response,Out of time,67ef60de6de0902719c5faef,2025-04-04 00:32:30-04:00,tone8_120,9828,5,example_tone
67eef64a6de0902719c5faca,default,0,914c535c7b006a14ee0fed1f7929c7932e6cb4f253c00b8b305bda1b18dce680,996.6689250469208,True,keypress,exampleRsp_lab,1019,['Out of time'],choice-response,Out of time,67ef60de6de0902719c5faef,2025-04-04 00:32:30-04:00,add8_120,9043,6,example_add
67eef64a6de0902719c5faca,default,0,914c535c7b006a14ee0fed1f7929c7932e6cb4f253c00b8b305bda1b18dce680,996.6689250469208,False,keypress,testRsp,680,[],choice-response,In time,67ef60de6de0902719c5faef,2025-04-04 00:32:30-04:00,add1_30,6521,7,maintaskTrials
67eef64a6de0902719c5faca,default,0,914c535c7b006a14ee0fed1f7929c7932e6cb4f253c00b8b305bda1b18dce680,996.6689250469208,False,keypress,testRsp,460,[],choice-response,Out of time,67ef60de6de0902719c5faef,2025-04-04 00:32:30-04:00,add8_90,6311,8,maintaskTrials
67eef64a6de0902719c5faca,default,0,914c535c7b006a14ee0fed1f7929c7932e6cb4f253c00b8b305bda1b18dce680,996.6689250469208,False,keypress,testRsp,463,[],choice-response,Out of time,67ef60de6de0902719c5faef,2025-04-04 00:32:30-04:00,toneentrainer_90,6152,9,maintaskTrials
67eef64a6de0902719c5faca,default,0,914c535c7b006a14ee0fed1f7929c7932e6cb4f253c00b8b305bda1b18dce680,996.6689250469208,False,keypress,testRsp,415,[],choice-response,In time,67ef60de6de0902719c5faef,2025-04-04 00:32:30-04:00,addentrainer_30,6171,10,maintaskTrials
67eef64a6de0902719c5faca,default,0,914c535c7b006a14ee0fed1f7929c7932e6cb4f253c00b8b305bda1b18dce680,996.6689250469208,False,keypress,testRsp,350,[],choice-response,Out of time,67ef60de6de0902719c5faef,2025-04-04 00:32:30-04:00,toneentrainer_60,6161,11,maintaskTrials
67eef64a6de0902719c5faca,default,0,914c535c7b006a14ee0fed1f7929c7932e6cb4f253c00b8b305bda1b18dce680,996.6689250469208,False,keypress,testRsp,1471,[],choice-response,Out of time,67ef60de6de0902719c5faef,2025-04-04 00:32:30-04:00,add1_60,7331,12,maintaskTrials
67eef64a6de0902719c5faca,default,0,914c535c7b006a14ee0fed1f7929c7932e6cb4f253c00b8b305bda1b18dce680,996.6689250469208,False,keypress,testRsp,382,[],choice-response,Out of time,67ef60de6de0902719c5faef,2025-04-04 00:32:30-04:00,tone1_60,6116,13,maintaskTrials
67eef64a6de0902719c5faca,default,0,914c535c7b006a14ee0fed1f7929c7932e6cb4f253c00b8b305bda1b18dce680,996.6689250469208,False,keypress,testRsp,285,[],choice-response,Out of time,67ef60de6de0902719c5faef,2025-04-04 00:32:30-04:00,add1_120,5713,14,maintaskTrials
67eef64a6de0902719c5faca,default,0,914c535c7b006a14ee0fed1f7929c7932e6cb4f253c00b8b305bda1b18dce680,996.6689250469208,False,keypress,testRsp,356,[],choice-response,In time,67ef60de6de0902719c5faef,2025-04-04 00:32:30-04:00,tone1_30,6062,15,maintaskTrials
67eef64a6de0902719c5faca,default,0,914c535c7b006a14ee0fed1f7929c7932e6cb4f253c00b8b305bda1b18dce680,996.6689250469208,False,keypress,testRsp,353,[],choice-response,Out of time,67ef60de6de0902719c5faef,2025-04-04 00:32:30-04:00,add8_120,5763,16,maintaskTrials
67eef64a6de0902719c5faca,default,0,914c535c7b006a14ee0fed1f7929c7932e6cb4f253c00b8b305bda1b18dce680,996.6689250469208,False,keypress,testRsp,304,[],choice-response,Out of time,67ef60de6de0902719c5faef,2025-04-04 00:32:30-04:00,tone1_120,5715,17,maintaskTrials
67eef64a6de0902719c5faca,default,0,914c535c7b006a14ee0fed1f7929c7932e6cb4f253c00b8b305bda1b18dce680,996.6689250469208,False,keypress,testRsp,387,[],choice-response,Out of time,67ef60de6de0902719c5faef,2025-04-04 00:32:30-04:00,tone8_60,6166,18,maintaskTrials
67eef64a6de0902719c5faca,default,0,914c535c7b006a14ee0fed1f7929c7932e6cb4f253c00b8b305bda1b18dce680,996.6689250469208,False,keypress,testRsp,323,[],choice-response,In time,67ef60de6de0902719c5faef,2025-04-04 00:32:30-04:00,add8_30,6221,19,maintaskTrials
67eef64a6de0902719c5faca,default,0,914c535c7b006a14ee0fed1f7929c7932e6cb4f253c00b8b305bda1b18dce680,996.6689250469208,False,keypress,testRsp,350,[],choice-response,Out of time,67ef60de6de0902719c5faef,2025-04-04 00:32:30-04:00,tone1_90,6170,20,maintaskTrials
67eef64a6de0902719c5faca,default,0,914c535c7b006a14ee0fed1f7929c7932e6cb4f253c00b8b305bda1b18dce680,996.6689250469208,False,keypress,testRsp,518,[],choice-response,In time,67ef60de6de0902719c5faef,2025-04-04 00:32:30-04:00,tone8_0,6247,21,maintaskTrials
67eef64a6de0902719c5faca,default,0,914c535c7b006a14ee0fed1f7929c7932e6cb4f253c00b8b305bda1b18dce680,996.6689250469208,False,keypress,testRsp,240,[],choice-response,In time,67ef60de6de0902719c5faef,2025-04-04 00:32:30-04:00,add8_60,6107,22,maintaskTrials
67eef64a6de0902719c5faca,default,0,914c535c7b006a14ee0fed1f7929c7932e6cb4f253c00b8b305bda1b18dce680,996.6689250469208,False,keypress,testRsp,319,[],choice-response,Out of time,67ef60de6de0902719c5faef,2025-04-04 00:32:30-04:00,tone8_90,6126,23,maintaskTrials
67eef64a6de0902719c5faca,default,0,914c535c7b006a14ee0fed1f7929c7932e6cb4f253c00b8b305bda1b18dce680,996.6689250469208,False,keypress,testRsp,309,[],choice-response,In time,67ef60de6de0902719c5faef,2025-04-04 00:32:30-04:00,add8_0,6067,24,maintaskTrials
67eef64a6de0902719c5faca,default,0,914c535c7b006a14ee0fed1f7929c7932e6cb4f253c00b8b305bda1b18dce680,996.6689250469208,False,keypress,testRsp,300,[],choice-response,Out of time,67ef60de6de0902719c5faef,2025-04-04 00:32:30-04:00,addentrainer_90,6068,25,maintaskTrials
67eef64a6de0902719c5faca,default,0,914c535c7b006a14ee0fed1f7929c7932e6cb4f253c00b8b305bda1b18dce680,996.6689250469208,False,keypress,testRsp,277,[],choice-response,Out of time,67ef60de6de0902719c5faef,2025-04-04 00:32:30-04:00,add1_90,6028,26,maintaskTrials
67eef64a6de0902719c5faca,default,0,914c535c7b006a14ee0fed1f7929c7932e6cb4f253c00b8b305bda1b18dce680,996.6689250469208,False,keypress,testRsp,315,[],choice-response,In time,67ef60de6de0902719c5faef,2025-04-04 00:32:30-04:00,addentrainer_0,6064,27,maintaskTrials
67eef64a6de0902719c5faca,default,0,914c535c7b006a14ee0fed1f7929c7932e6cb4f253c00b8b305bda1b18dce680,996.6689250469208,False,keypress,testRsp,352,[],choice-response,Out of time,67ef60de6de0902719c5faef,2025-04-04 00:32:30-04:00,toneentrainer_120,6290,28,maintaskTrials
67eef64a6de0902719c5faca,default,0,914c535c7b006a14ee0fed1f7929c7932e6cb4f253c00b8b305bda1b18dce680,996.6689250469208,False,keypress,testRsp,465,[],choice-response,In time,67ef60de6de0902719c5faef,2025-04-04 00:32:30-04:00,addentrainer_60,6251,29,maintaskTrials
67eef64a6de0902719c5faca,default,0,914c535c7b006a14ee0fed1f7929c7932e6cb4f253c00b8b305bda1b18dce680,996.6689250469208,False,keypress,testRsp,217,[],choice-response,In time,67ef60de6de0902719c5faef,2025-04-04 00:32:30-04:00,tone1_0,5994,30,maintaskTrials
67eef64a6de0902719c5faca,default,0,914c535c7b006a14ee0fed1f7929c7932e6cb4f253c00b8b305bda1b18dce680,996.6689250469208,False,keypress,testRsp,306,[],choice-response,In time,67ef60de6de0902719c5faef,2025-04-04 00:32:30-04:00,toneentrainer_30,6056,31,maintaskTrials
67eef64a6de0902719c5faca,default,0,914c535c7b006a14ee0fed1f7929c7932e6cb4f253c00b8b305bda1b18dce680,996.6689250469208,False,keypress,testRsp,396,[],choice-response,Out of time,67ef60de6de0902719c5faef,2025-04-04 00:32:30-04:00,tone8_120,5807,32,maintaskTrials
67eef64a6de0902719c5faca,default,0,914c535c7b006a14ee0fed1f7929c7932e6cb4f253c00b8b305bda1b18dce680,996.6689250469208,False,keypress,testRsp,202,[],choice-response,Out of time,67ef60de6de0902719c5faef,2025-04-04 00:32:30-04:00,addentrainer_120,5970,33,maintaskTrials
67eef64a6de0902719c5faca,default,0,914c535c7b006a14ee0fed1f7929c7932e6cb4f253c00b8b305bda1b18dce680,996.6689250469208,False,keypress,testRsp,207,[],choice-response,In time,67ef60de6de0902719c5faef,2025-04-04 00:32:30-04:00,add1_0,5999,34,maintaskTrials
67eef64a6de0902719c5faca,default,0,914c535c7b006a14ee0fed1f7929c7932e6cb4f253c00b8b305bda1b18dce680,996.6689250469208,False,keypress,testRsp,2322,[],choice-response,Out of time,67ef60de6de0902719c5faef,2025-04-04 00:32:30-04:00,tone8_30,8132,35,maintaskTrials
67eef64a6de0902719c5faca,default,0,914c535c7b006a14ee0fed1f7929c7932e6cb4f253c00b8b305bda1b18dce680,996.6689250469208,False,keypress,testRsp,410,[],choice-response,In time,67ef60de6de0902719c5faef,2025-04-04 00:32:30-04:00,toneentrainer_0,6173,36,maintaskTrials
67eef64a6de0902719c5faca,default,0,914c535c7b006a14ee0fed1f7929c7932e6cb4f253c00b8b305bda1b18dce680,996.6689250469208,False,keypress,testRsp,2454,[],choice-response,Out of time,67ef60de6de0902719c5faef,2025-04-04 00:32:30-04:00,tone8_0,7870,37,maintaskTrials
67eef64a6de0902719c5faca,default,0,914c535c7b006a14ee0fed1f7929c7932e6cb4f253c00b8b305bda1b18dce680,996.6689250469208,False,keypress,testRsp,386,[],choice-response,Out of time,67ef60de6de0902719c5faef,2025-04-04 00:32:30-04:00,add8_30,5808,38,maintaskTrials
67eef64a6de0902719c5faca,default,0,914c535c7b006a14ee0fed1f7929c7932e6cb4f253c00b8b305bda1b18dce680,996.6689250469208,False,keypress,testRsp,237,[],choice-response,Out of time,67ef60de6de0902719c5faef,2025-04-04 00:32:30-04:00,tone1_90,5656,39,maintaskTrials
67eef64a6de0902719c5faca,default,0,914c535c7b006a14ee0fed1f7929c7932e6cb4f253c00b8b305bda1b18dce680,996.6689250469208,False,keypress,testRsp,174,[],choice-response,In time,67ef60de6de0902719c5faef,2025-04-04 00:32:30-04:00,add1_0,5588,40,maintaskTrials
67eef64a6de0902719c5faca,default,0,914c535c7b006a14ee0fed1f7929c7932e6cb4f253c00b8b305bda1b18dce680,996.6689250469208,False,keypress,testRsp,423,[],choice-response,Out of time,67ef60de6de0902719c5faef,2025-04-04 00:32:30-04:00,tone1_30,5834,41,maintaskTrials
67eef64a6de0902719c5faca,default,0,914c535c7b006a14ee0fed1f7929c7932e6cb4f253c00b8b305bda1b18dce680,996.6689250469208,False,keypress,testRsp,294,[],choice-response,Out of time,67ef60de6de0902719c5faef,2025-04-04 00:32:30-04:00,tone1_60,5718,42,maintaskTrials
67eef64a6de0902719c5faca,default,0,914c535c7b006a14ee0fed1f7929c7932e6cb4f253c00b8b305bda1b18dce680,996.6689250469208,False,keypress,testRsp,248,[],choice-response,In time,67ef60de6de0902719c5faef,2025-04-04 00:32:30-04:00,tone8_30,5656,43,maintaskTrials
67eef64a6de0902719c5faca,default,0,914c535c7b006a14ee0fed1f7929c7932e6cb4f253c00b8b305bda1b18dce680,996.6689250469208,False,keypress,testRsp,269,[],choice-response,Out of time,67ef60de6de0902719c5faef,2025-04-04 00:32:30-04:00,addentrainer_90,5680,44,maintaskTrials
67eef64a6de0902719c5faca,default,0,914c535c7b006a14ee0fed1f7929c7932e6cb4f253c00b8b305bda1b18dce680,996.6689250469208,False,keypress,testRsp,363,[],choice-response,Out of time,67ef60de6de0902719c5faef,2025-04-04 00:32:30-04:00,add8_90,5783,45,maintaskTrials
67eef64a6de0902719c5faca,default,0,914c535c7b006a14ee0fed1f7929c7932e6cb4f253c00b8b305bda1b18dce680,996.6689250469208,False,keypress,testRsp,225,[],choice-response,In time,67ef60de6de0902719c5faef,2025-04-04 00:32:30-04:00,add1_30,5650,46,maintaskTrials
67eef64a6de0902719c5faca,default,0,914c535c7b006a14ee0fed1f7929c7932e6cb4f253c00b8b305bda1b18dce680,996.6689250469208,False,keypress,testRsp,162,[],choice-response,In time,67ef60de6de0902719c5faef,2025-04-04 00:32:30-04:00,add1_90,5573,47,maintaskTrials
67eef64a6de0902719c5faca,default,0,914c535c7b006a14ee0fed1f7929c7932e6cb4f253c00b8b305bda1b18dce680,996.6689250469208,False,keypress,testRsp,406,[],choice-response,Out of time,67ef60de6de0902719c5faef,2025-04-04 00:32:30-04:00,tone8_90,5809,48,maintaskTrials
67eef64a6de0902719c5faca,default,0,914c535c7b006a14ee0fed1f7929c7932e6cb4f253c00b8b305bda1b18dce680,996.6689250469208,False,keypress,testRsp,318,[],choice-response,Out of time,67ef60de6de0902719c5faef,2025-04-04 00:32:30-04:00,add8_60,5743,49,maintaskTrials
67eef64a6de0902719c5faca,default,0,914c535c7b006a14ee0fed1f7929c7932e6cb4f253c00b8b305bda1b18dce680,996.6689250469208,False,keypress,testRsp,153,[],choice-response,Out of time,67ef60de6de0902719c5faef,2025-04-04 00:32:30-04:00,tone1_120,5580,50,maintaskTrials
67eef64a6de0902719c5faca,default,0,914c535c7b006a14ee0fed1f7929c7932e6cb4f253c00b8b305bda1b18dce680,996.6689250469208,False,keypress,testRsp,340,[],choice-response,Out of time,67ef60de6de0902719c5faef,2025-04-04 00:32:30-04:00,add8_120,5758,51,maintaskTrials
67eef64a6de0902719c5faca,default,0,914c535c7b006a14ee0fed1f7929c7932e6cb4f253c00b8b305bda1b18dce680,996.6689250469208,False,keypress,testRsp,350,[],choice-response,Out of time,67ef60de6de0902719c5faef,2025-04-04 00:32:30-04:00,tone8_120,5775,52,maintaskTrials
67eef64a6de0902719c5faca,default,0,914c535c7b006a14ee0fed1f7929c7932e6cb4f253c00b8b305bda1b18dce680,996.6689250469208,False,keypress,testRsp,56,[],choice-response,Out of time,67ef60de6de0902719c5faef,2025-04-04 00:32:30-04:00,tone8_60,5470,53,maintaskTrials
67eef64a6de0902719c5faca,default,0,914c535c7b006a14ee0fed1f7929c7932e6cb4f253c00b8b305bda1b18dce680,996.6689250469208,False,keypress,testRsp,299,[],choice-response,In time,67ef60de6de0902719c5faef,2025-04-04 00:32:30-04:00,toneentrainer_60,5708,54,maintaskTrials
67eef64a6de0902719c5faca,default,0,914c535c7b006a14ee0fed1f7929c7932e6cb4f253c00b8b305bda1b18dce680,996.6689250469208,False,keypress,testRsp,293,[],choice-response,In time,67ef60de6de0902719c5faef,2025-04-04 00:32:30-04:00,toneentrainer_30,5719,55,maintaskTrials
67eef64a6de0902719c5faca,default,0,914c535c7b006a14ee0fed1f7929c7932e6cb4f253c00b8b305bda1b18dce680,996.6689250469208,False,keypress,testRsp,210,[],choice-response,In time,67ef60de6de0902719c5faef,2025-04-04 00:32:30-04:00,add1_60,5615,56,maintaskTrials
67eef64a6de0902719c5faca,default,0,914c535c7b006a14ee0fed1f7929c7932e6cb4f253c00b8b305bda1b18dce680,996.6689250469208,False,keypress,testRsp,295,[],choice-response,In time,67ef60de6de0902719c5faef,2025-04-04 00:32:30-04:00,tone1_0,5724,57,maintaskTrials
67eef64a6de0902719c5faca,default,0,914c535c7b006a14ee0fed1f7929c7932e6cb4f253c00b8b305bda1b18dce680,996.6689250469208,False,keypress,testRsp,228,[],choice-response,Out of time,67ef60de6de0902719c5faef,2025-04-04 00:32:30-04:00,add8_0,5655,58,maintaskTrials
67eef64a6de0902719c5faca,default,0,914c535c7b006a14ee0fed1f7929c7932e6cb4f253c00b8b305bda1b18dce680,996.6689250469208,False,keypress,testRsp,250,[],choice-response,Out of time,67ef60de6de0902719c5faef,2025-04-04 00:32:30-04:00,add1_120,5653,59,maintaskTrials
67eef64a6de0902719c5faca,default,0,914c535c7b006a14ee0fed1f7929c7932e6cb4f253c00b8b305bda1b18dce680,996.6689250469208,False,keypress,testRsp,327,[],choice-response,In time,67ef60de6de0902719c5faef,2025-04-04 00:32:30-04:00,addentrainer_30,5729,60,maintaskTrials
67eef64a6de0902719c5faca,default,0,914c535c7b006a14ee0fed1f7929c7932e6cb4f253c00b8b305bda1b18dce680,996.6689250469208,False,keypress,testRsp,315,[],choice-response,Out of time,67ef60de6de0902719c5faef,2025-04-04 00:32:30-04:00,addentrainer_0,5731,61,maintaskTrials
67eef64a6de0902719c5faca,default,0,914c535c7b006a14ee0fed1f7929c7932e6cb4f253c00b8b305bda1b18dce680,996.6689250469208,False,keypress,testRsp,319,[],choice-response,In time,67ef60de6de0902719c5faef,2025-04-04 00:32:30-04:00,toneentrainer_0,5726,62,maintaskTrials
67eef64a6de0902719c5faca,default,0,914c535c7b006a14ee0fed1f7929c7932e6cb4f253c00b8b305bda1b18dce680,996.6689250469208,False,keypress,testRsp,748,[],choice-response,In time,67ef60de6de0902719c5faef,2025-04-04 00:32:30-04:00,toneentrainer_90,6174,63,maintaskTrials
67eef64a6de0902719c5faca,default,0,914c535c7b006a14ee0fed1f7929c7932e6cb4f253c00b8b305bda1b18dce680,996.6689250469208,False,keypress,testRsp,304,[],choice-response,Out of time,67ef60de6de0902719c5faef,2025-04-04 00:32:30-04:00,addentrainer_120,5727,64,maintaskTrials
67eef64a6de0902719c5faca,default,0,914c535c7b006a14ee0fed1f7929c7932e6cb4f253c00b8b305bda1b18dce680,996.6689250469208,False,keypress,testRsp,329,[],choice-response,Out of time,67ef60de6de0902719c5faef,2025-04-04 00:32:30-04:00,addentrainer_60,5747,65,maintaskTrials
67eef64a6de0902719c5faca,default,0,914c535c7b006a14ee0fed1f7929c7932e6cb4f253c00b8b305bda1b18dce680,996.6689250469208,False,keypress,testRsp,434,[],choice-response,Out of time,67ef60de6de0902719c5faef,2025-04-04 00:32:30-04:00,toneentrainer_120,5848,66,maintaskTrials
67eef64a6de0902719c5faca,default,0,914c535c7b006a14ee0fed1f7929c7932e6cb4f253c00b8b305bda1b18dce680,996.6689250469208,False,keypress,testRsp,615,[],choice-response,Out of time,67ef60de6de0902719c5faef,2025-04-04 00:32:30-04:00,tone1_30,6031,67,maintaskTrials
67eef64a6de0902719c5faca,default,0,914c535c7b006a14ee0fed1f7929c7932e6cb4f253c00b8b305bda1b18dce680,996.6689250469208,False,keypress,testRsp,257,[],choice-response,In time,67ef60de6de0902719c5faef,2025-04-04 00:32:30-04:00,tone8_0,5681,68,maintaskTrials
67eef64a6de0902719c5faca,default,0,914c535c7b006a14ee0fed1f7929c7932e6cb4f253c00b8b305bda1b18dce680,996.6689250469208,False,keypress,testRsp,404,[],choice-response,Out of time,67ef60de6de0902719c5faef,2025-04-04 00:32:30-04:00,addentrainer_120,5830,69,maintaskTrials
67eef64a6de0902719c5faca,default,0,914c535c7b006a14ee0fed1f7929c7932e6cb4f253c00b8b305bda1b18dce680,996.6689250469208,False,keypress,testRsp,283,[],choice-response,In time,67ef60de6de0902719c5faef,2025-04-04 00:32:30-04:00,toneentrainer_30,5708,70,maintaskTrials
67eef64a6de0902719c5faca,default,0,914c535c7b006a14ee0fed1f7929c7932e6cb4f253c00b8b305bda1b18dce680,996.6689250469208,False,keypress,testRsp,268,[],choice-response,In time,67ef60de6de0902719c5faef,2025-04-04 00:32:30-04:00,addentrainer_0,5687,71,maintaskTrials
67eef64a6de0902719c5faca,default,0,914c535c7b006a14ee0fed1f7929c7932e6cb4f253c00b8b305bda1b18dce680,996.6689250469208,False,keypress,testRsp,408,[],choice-response,Out of time,67ef60de6de0902719c5faef,2025-04-04 00:32:30-04:00,add8_0,5820,72,maintaskTrials
67eef64a6de0902719c5faca,default,0,914c535c7b006a14ee0fed1f7929c7932e6cb4f253c00b8b305bda1b18dce680,996.6689250469208,False,keypress,testRsp,288,[],choice-response,In time,67ef60de6de0902719c5faef,2025-04-04 00:32:30-04:00,toneentrainer_0,5708,73,maintaskTrials
67eef64a6de0902719c5faca,default,0,914c535c7b006a14ee0fed1f7929c7932e6cb4f253c00b8b305bda1b18dce680,996.6689250469208,False,keypress,testRsp,381,[],choice-response,Out of time,67ef60de6de0902719c5faef,2025-04-04 00:32:30-04:00,tone8_30,5793,74,maintaskTrials
67eef64a6de0902719c5faca,default,0,914c535c7b006a14ee0fed1f7929c7932e6cb4f253c00b8b305bda1b18dce680,996.6689250469208,False,keypress,testRsp,342,[],choice-response,In time,67ef60de6de0902719c5faef,2025-04-04 00:32:30-04:00,tone1_0,5767,75,maintaskTrials
67eef64a6de0902719c5faca,default,0,914c535c7b006a14ee0fed1f7929c7932e6cb4f253c00b8b305bda1b18dce680,996.6689250469208,False,keypress,testRsp,163,[],choice-response,Out of time,67ef60de6de0902719c5faef,2025-04-04 00:32:30-04:00,tone8_120,5585,76,maintaskTrials
67eef64a6de0902719c5faca,default,0,914c535c7b006a14ee0fed1f7929c7932e6cb4f253c00b8b305bda1b18dce680,996.6689250469208,False,keypress,testRsp,311,[],choice-response,In time,67ef60de6de0902719c5faef,2025-04-04 00:32:30-04:00,toneentrainer_60,5717,77,maintaskTrials
67eef64a6de0902719c5faca,default,0,914c535c7b006a14ee0fed1f7929c7932e6cb4f253c00b8b305bda1b18dce680,996.6689250469208,False,keypress,testRsp,329,[],choice-response,Out of time,67ef60de6de0902719c5faef,2025-04-04 00:32:30-04:00,toneentrainer_120,5739,78,maintaskTrials
67eef64a6de0902719c5faca,default,0,914c535c7b006a14ee0fed1f7929c7932e6cb4f253c00b8b305bda1b18dce680,996.6689250469208,False,keypress,testRsp,705,[],choice-response,Out of time,67ef60de6de0902719c5faef,2025-04-04 00:32:30-04:00,add8_120,6121,79,maintaskTrials
67eef64a6de0902719c5faca,default,0,914c535c7b006a14ee0fed1f7929c7932e6cb4f253c00b8b305bda1b18dce680,996.6689250469208,False,keypress,testRsp,277,[],choice-response,Out of time,67ef60de6de0902719c5faef,2025-04-04 00:32:30-04:00,tone8_90,5702,80,maintaskTrials
67eef64a6de0902719c5faca,default,0,914c535c7b006a14ee0fed1f7929c7932e6cb4f253c00b8b305bda1b18dce680,996.6689250469208,False,keypress,testRsp,350,[],choice-response,Out of time,67ef60de6de0902719c5faef,2025-04-04 00:32:30-04:00,add8_60,5774,81,maintaskTrials
67eef64a6de0902719c5faca,default,0,914c535c7b006a14ee0fed1f7929c7932e6cb4f253c00b8b305bda1b18dce680,996.6689250469208,False,keypress,testRsp,128,[],choice-response,In time,67ef60de6de0902719c5faef,2025-04-04 00:32:30-04:00,add1_0,5543,82,maintaskTrials
67eef64a6de0902719c5faca,default,0,914c535c7b006a14ee0fed1f7929c7932e6cb4f253c00b8b305bda1b18dce680,996.6689250469208,False,keypress,testRsp,380,[],choice-response,Out of time,67ef60de6de0902719c5faef,2025-04-04 00:32:30-04:00,tone8_60,5796,83,maintaskTrials
67eef64a6de0902719c5faca,default,0,914c535c7b006a14ee0fed1f7929c7932e6cb4f253c00b8b305bda1b18dce680,996.6689250469208,False,keypress,testRsp,948,[],choice-response,In time,67ef60de6de0902719c5faef,2025-04-04 00:32:30-04:00,add1_30,6377,84,maintaskTrials
67eef64a6de0902719c5faca,default,0,914c535c7b006a14ee0fed1f7929c7932e6cb4f253c00b8b305bda1b18dce680,996.6689250469208,False,keypress,testRsp,274,[],choice-response,Out of time,67ef60de6de0902719c5faef,2025-04-04 00:32:30-04:00,tone1_120,5688,85,maintaskTrials
67eef64a6de0902719c5faca,default,0,914c535c7b006a14ee0fed1f7929c7932e6cb4f253c00b8b305bda1b18dce680,996.6689250469208,False,keypress,testRsp,549,[],choice-response,Out of time,67ef60de6de0902719c5faef,2025-04-04 00:32:30-04:00,add1_60,5975,86,maintaskTrials
67eef64a6de0902719c5faca,default,0,914c535c7b006a14ee0fed1f7929c7932e6cb4f253c00b8b305bda1b18dce680,996.6689250469208,False,keypress,testRsp,243,[],choice-response,Out of time,67ef60de6de0902719c5faef,2025-04-04 00:32:30-04:00,add1_90,5648,87,maintaskTrials
67eef64a6de0902719c5faca,default,0,914c535c7b006a14ee0fed1f7929c7932e6cb4f253c00b8b305bda1b18dce680,996.6689250469208,False,keypress,testRsp,412,[],choice-response,In time,67ef60de6de0902719c5faef,2025-04-04 00:32:30-04:00,addentrainer_60,5828,88,maintaskTrials
67eef64a6de0902719c5faca,default,0,914c535c7b006a14ee0fed1f7929c7932e6cb4f253c00b8b305bda1b18dce680,996.6689250469208,False,keypress,testRsp,362,[],choice-response,Out of time,67ef60de6de0902719c5faef,2025-04-04 00:32:30-04:00,tone1_60,5776,89,maintaskTrials
67eef64a6de0902719c5faca,default,0,914c535c7b006a14ee0fed1f7929c7932e6cb4f253c00b8b305bda1b18dce680,996.6689250469208,False,keypress,testRsp,258,[],choice-response,Out of time,67ef60de6de0902719c5faef,2025-04-04 00:32:30-04:00,tone1_90,5682,90,maintaskTrials
67eef64a6de0902719c5faca,default,0,914c535c7b006a14ee0fed1f7929c7932e6cb4f253c00b8b305bda1b18dce680,996.6689250469208,False,keypress,testRsp,452,[],choice-response,Out of time,67ef60de6de0902719c5faef,2025-04-04 00:32:30-04:00,add1_120,5876,91,maintaskTrials
67eef64a6de0902719c5faca,default,0,914c535c7b006a14ee0fed1f7929c7932e6cb4f253c00b8b305bda1b18dce680,996.6689250469208,False,keypress,testRsp,266,[],choice-response,Out of time,67ef60de6de0902719c5faef,2025-04-04 00:32:30-04:00,addentrainer_90,5686,92,maintaskTrials
67eef64a6de0902719c5faca,default,0,914c535c7b006a14ee0fed1f7929c7932e6cb4f253c00b8b305bda1b18dce680,996.6689250469208,False,keypress,testRsp,297,[],choice-response,Out of time,67ef60de6de0902719c5faef,2025-04-04 00:32:30-04:00,add8_90,5709,93,maintaskTrials
67eef64a6de0902719c5faca,default,0,914c535c7b006a14ee0fed1f7929c7932e6cb4f253c00b8b305bda1b18dce680,996.6689250469208,False,keypress,testRsp,352,[],choice-response,In time,67ef60de6de0902719c5faef,2025-04-04 00:32:30-04:00,addentrainer_30,5780,94,maintaskTrials
67eef64a6de0902719c5faca,default,0,914c535c7b006a14ee0fed1f7929c7932e6cb4f253c00b8b305bda1b18dce680,996.6689250469208,False,keypress,testRsp,424,[],choice-response,Out of time,67ef60de6de0902719c5faef,2025-04-04 00:32:30-04:00,toneentrainer_90,5833,95,maintaskTrials
67eef64a6de0902719c5faca,default,0,914c535c7b006a14ee0fed1f7929c7932e6cb4f253c00b8b305bda1b18dce680,996.6689250469208,False,keypress,testRsp,434,[],choice-response,Out of time,67ef60de6de0902719c5faef,2025-04-04 00:32:30-04:00,add8_30,5863,96,maintaskTrials
67eef64a6de0902719c5faca,default,0,914c535c7b006a14ee0fed1f7929c7932e6cb4f253c00b8b305bda1b18dce680,996.6689250469208,False,keypress,testRsp,416,[],choice-response,Out of time,67ef60de6de0902719c5faef,2025-04-04 00:32:30-04:00,tone8_60,5832,97,maintaskTrials
67eef64a6de0902719c5faca,default,0,914c535c7b006a14ee0fed1f7929c7932e6cb4f253c00b8b305bda1b18dce680,996.6689250469208,False,keypress,testRsp,259,[],choice-response,Out of time,67ef60de6de0902719c5faef,2025-04-04 00:32:30-04:00,tone1_90,5671,98,maintaskTrials
67eef64a6de0902719c5faca,default,0,914c535c7b006a14ee0fed1f7929c7932e6cb4f253c00b8b305bda1b18dce680,996.6689250469208,False,keypress,testRsp,312,[],choice-response,Out of time,67ef60de6de0902719c5faef,2025-04-04 00:32:30-04:00,tone1_30,5733,99,maintaskTrials
67eef64a6de0902719c5faca,default,0,914c535c7b006a14ee0fed1f7929c7932e6cb4f253c00b8b305bda1b18dce680,996.6689250469208,False,keypress,testRsp,321,[],choice-response,Out of time,67ef60de6de0902719c5faef,2025-04-04 00:32:30-04:00,tone8_120,5731,100,maintaskTrials
67eef64a6de0902719c5faca,default,0,914c535c7b006a14ee0fed1f7929c7932e6cb4f253c00b8b305bda1b18dce680,996.6689250469208,False,keypress,testRsp,535,[],choice-response,Out of time,67ef60de6de0902719c5faef,2025-04-04 00:32:30-04:00,toneentrainer_0,5956,101,maintaskTrials
67eef64a6de0902719c5faca,default,0,914c535c7b006a14ee0fed1f7929c7932e6cb4f253c00b8b305bda1b18dce680,996.6689250469208,False,keypress,testRsp,201,[],choice-response,In time,67ef60de6de0902719c5faef,2025-04-04 00:32:30-04:00,add1_0,5622,102,maintaskTrials
67eef64a6de0902719c5faca,default,0,914c535c7b006a14ee0fed1f7929c7932e6cb4f253c00b8b305bda1b18dce680,996.6689250469208,False,keypress,testRsp,222,[],choice-response,Out of time,67ef60de6de0902719c5faef,2025-04-04 00:32:30-04:00,toneentrainer_120,5639,103,maintaskTrials
67eef64a6de0902719c5faca,default,0,914c535c7b006a14ee0fed1f7929c7932e6cb4f253c00b8b305bda1b18dce680,996.6689250469208,False,keypress,testRsp,241,[],choice-response,Out of time,67ef60de6de0902719c5faef,2025-04-04 00:32:30-04:00,add1_120,5655,104,maintaskTrials
67eef64a6de0902719c5faca,default,0,914c535c7b006a14ee0fed1f7929c7932e6cb4f253c00b8b305bda1b18dce680,996.6689250469208,False,keypress,testRsp,173,[],choice-response,Out of time,67ef60de6de0902719c5faef,2025-04-04 00:32:30-04:00,add1_90,5584,105,maintaskTrials
67eef64a6de0902719c5faca,default,0,914c535c7b006a14ee0fed1f7929c7932e6cb4f253c00b8b305bda1b18dce680,996.6689250469208,False,keypress,testRsp,306,[],choice-response,In time,67ef60de6de0902719c5faef,2025-04-04 00:32:30-04:00,tone8_0,5727,106,maintaskTrials
67eef64a6de0902719c5faca,default,0,914c535c7b006a14ee0fed1f7929c7932e6cb4f253c00b8b305bda1b18dce680,996.6689250469208,False,keypress,testRsp,299,[],choice-response,In time,67ef60de6de0902719c5faef,2025-04-04 00:32:30-04:00,tone1_0,5713,107,maintaskTrials
67eef64a6de0902719c5faca,default,0,914c535c7b006a14ee0fed1f7929c7932e6cb4f253c00b8b305bda1b18dce680,996.6689250469208,False,keypress,testRsp,276,[],choice-response,Out of time,67ef60de6de0902719c5faef,2025-04-04 00:32:30-04:00,add8_30,5699,108,maintaskTrials
67eef64a6de0902719c5faca,default,0,914c535c7b006a14ee0fed1f7929c7932e6cb4f253c00b8b305bda1b18dce680,996.6689250469208,False,keypress,testRsp,126,[],choice-response,In time,67ef60de6de0902719c5faef,2025-04-04 00:32:30-04:00,add1_30,5553,109,maintaskTrials
67eef64a6de0902719c5faca,default,0,914c535c7b006a14ee0fed1f7929c7932e6cb4f253c00b8b305bda1b18dce680,996.6689250469208,False,keypress,testRsp,302,[],choice-response,In time,67ef60de6de0902719c5faef,2025-04-04 00:32:30-04:00,toneentrainer_60,5724,110,maintaskTrials
67eef64a6de0902719c5faca,default,0,914c535c7b006a14ee0fed1f7929c7932e6cb4f253c00b8b305bda1b18dce680,996.6689250469208,False,keypress,testRsp,452,[],choice-response,Out of time,67ef60de6de0902719c5faef,2025-04-04 00:32:30-04:00,addentrainer_120,5894,111,maintaskTrials
67eef64a6de0902719c5faca,default,0,914c535c7b006a14ee0fed1f7929c7932e6cb4f253c00b8b305bda1b18dce680,996.6689250469208,False,keypress,testRsp,685,[],choice-response,In time,67ef60de6de0902719c5faef,2025-04-04 00:32:30-04:00,add1_60,6127,112,maintaskTrials
67eef64a6de0902719c5faca,default,0,914c535c7b006a14ee0fed1f7929c7932e6cb4f253c00b8b305bda1b18dce680,996.6689250469208,False,keypress,testRsp,346,[],choice-response,Out of time,67ef60de6de0902719c5faef,2025-04-04 00:32:30-04:00,add8_60,5790,113,maintaskTrials
67eef64a6de0902719c5faca,default,0,914c535c7b006a14ee0fed1f7929c7932e6cb4f253c00b8b305bda1b18dce680,996.6689250469208,False,keypress,testRsp,238,[],choice-response,Out of time,67ef60de6de0902719c5faef,2025-04-04 00:32:30-04:00,tone1_60,5677,114,maintaskTrials
67eef64a6de0902719c5faca,default,0,914c535c7b006a14ee0fed1f7929c7932e6cb4f253c00b8b305bda1b18dce680,996.6689250469208,False,keypress,testRsp,281,[],choice-response,Out of time,67ef60de6de0902719c5faef,2025-04-04 00:32:30-04:00,add8_90,5744,115,maintaskTrials
67eef64a6de0902719c5faca,default,0,914c535c7b006a14ee0fed1f7929c7932e6cb4f253c00b8b305bda1b18dce680,996.6689250469208,False,keypress,testRsp,396,[],choice-response,Out of time,67ef60de6de0902719c5faef,2025-04-04 00:32:30-04:00,add8_0,5836,116,maintaskTrials
67eef64a6de0902719c5faca,default,0,914c535c7b006a14ee0fed1f7929c7932e6cb4f253c00b8b305bda1b18dce680,996.6689250469208,False,keypress,testRsp,388,[],choice-response,In time,67ef60de6de0902719c5faef,2025-04-04 00:32:30-04:00,addentrainer_30,5839,117,maintaskTrials
67eef64a6de0902719c5faca,default,0,914c535c7b006a14ee0fed1f7929c7932e6cb4f253c00b8b305bda1b18dce680,996.6689250469208,False,keypress,testRsp,330,[],choice-response,Out of time,67ef60de6de0902719c5faef,2025-04-04 00:32:30-04:00,tone1_120,5770,118,maintaskTrials
67eef64a6de0902719c5faca,default,0,914c535c7b006a14ee0fed1f7929c7932e6cb4f253c00b8b305bda1b18dce680,996.6689250469208,False,keypress,testRsp,383,[],choice-response,Out of time,67ef60de6de0902719c5faef,2025-04-04 00:32:30-04:00,addentrainer_90,5818,119,maintaskTrials
67eef64a6de0902719c5faca,default,0,914c535c7b006a14ee0fed1f7929c7932e6cb4f253c00b8b305bda1b18dce680,996.6689250469208,False,keypress,testRsp,627,[],choice-response,In time,67ef60de6de0902719c5faef,2025-04-04 00:32:30-04:00,toneentrainer_30,6053,120,maintaskTrials
67eef64a6de0902719c5faca,default,0,914c535c7b006a14ee0fed1f7929c7932e6cb4f253c00b8b305bda1b18dce680,996.6689250469208,False,keypress,testRsp,327,[],choice-response,In time,67ef60de6de0902719c5faef,2025-04-04 00:32:30-04:00,addentrainer_0,5764,121,maintaskTrials
67eef64a6de0902719c5faca,default,0,914c535c7b006a14ee0fed1f7929c7932e6cb4f253c00b8b305bda1b18dce680,996.6689250469208,False,keypress,testRsp,314,[],choice-response,Out of time,67ef60de6de0902719c5faef,2025-04-04 00:32:30-04:00,add8_120,5751,122,maintaskTrials
67eef64a6de0902719c5faca,default,0,914c535c7b006a14ee0fed1f7929c7932e6cb4f253c00b8b305bda1b18dce680,996.6689250469208,False,keypress,testRsp,354,[],choice-response,Out of time,67ef60de6de0902719c5faef,2025-04-04 00:32:30-04:00,toneentrainer_90,5781,123,maintaskTrials
67eef64a6de0902719c5faca,default,0,914c535c7b006a14ee0fed1f7929c7932e6cb4f253c00b8b305bda1b18dce680,996.6689250469208,False,keypress,testRsp,301,[],choice-response,Out of time,67ef60de6de0902719c5faef,2025-04-04 00:32:30-04:00,addentrainer_60,5742,124,maintaskTrials
67eef64a6de0902719c5faca,default,0,914c535c7b006a14ee0fed1f7929c7932e6cb4f253c00b8b305bda1b18dce680,996.6689250469208,False,keypress,testRsp,181,[],choice-response,Out of time,67ef60de6de0902719c5faef,2025-04-04 00:32:30-04:00,tone8_90,5615,125,maintaskTrials
67eef64a6de0902719c5faca,default,0,914c535c7b006a14ee0fed1f7929c7932e6cb4f253c00b8b305bda1b18dce680,996.6689250469208,False,keypress,testRsp,174,[],choice-response,Out of time,67ef60de6de0902719c5faef,2025-04-04 00:32:30-04:00,tone8_30,5619,126,maintaskTrials
67eef64a6de0902719c5faca,default,0,914c535c7b006a14ee0fed1f7929c7932e6cb4f253c00b8b305bda1b18dce680,996.6689250469208,False,keypress,testRsp,177,[],choice-response,Out of time,67ef60de6de0902719c5faef,2025-04-04 00:32:30-04:00,tone8_60,5608,127,maintaskTrials
67eef64a6de0902719c5faca,default,0,914c535c7b006a14ee0fed1f7929c7932e6cb4f253c00b8b305bda1b18dce680,996.6689250469208,False,keypress,testRsp,76,[],choice-response,Out of time,67ef60de6de0902719c5faef,2025-04-04 00:32:30-04:00,add8_120,5487,128,maintaskTrials
67eef64a6de0902719c5faca,default,0,914c535c7b006a14ee0fed1f7929c7932e6cb4f253c00b8b305bda1b18dce680,996.6689250469208,False,keypress,testRsp,102,[],choice-response,Out of time,67ef60de6de0902719c5faef,2025-04-04 00:32:30-04:00,tone8_120,5529,129,maintaskTrials
67eef64a6de0902719c5faca,default,0,914c535c7b006a14ee0fed1f7929c7932e6cb4f253c00b8b305bda1b18dce680,996.6689250469208,False,keypress,testRsp,62,[],choice-response,Out of time,67ef60de6de0902719c5faef,2025-04-04 00:32:30-04:00,addentrainer_60,5473,130,maintaskTrials
67eef64a6de0902719c5faca,default,0,914c535c7b006a14ee0fed1f7929c7932e6cb4f253c00b8b305bda1b18dce680,996.6689250469208,False,keypress,testRsp,263,[],choice-response,Out of time,67ef60de6de0902719c5faef,2025-04-04 00:32:30-04:00,tone1_120,5689,131,maintaskTrials
67eef64a6de0902719c5faca,default,0,914c535c7b006a14ee0fed1f7929c7932e6cb4f253c00b8b305bda1b18dce680,996.6689250469208,False,keypress,testRsp,665,[],choice-response,In time,67ef60de6de0902719c5faef,2025-04-04 00:32:30-04:00,add8_30,6078,132,maintaskTrials
67eef64a6de0902719c5faca,default,0,914c535c7b006a14ee0fed1f7929c7932e6cb4f253c00b8b305bda1b18dce680,996.6689250469208,False,keypress,testRsp,155,[],choice-response,In time,67ef60de6de0902719c5faef,2025-04-04 00:32:30-04:00,add8_0,5597,133,maintaskTrials
67eef64a6de0902719c5faca,default,0,914c535c7b006a14ee0fed1f7929c7932e6cb4f253c00b8b305bda1b18dce680,996.6689250469208,False,keypress,testRsp,249,[],choice-response,Out of time,67ef60de6de0902719c5faef,2025-04-04 00:32:30-04:00,toneentrainer_120,5687,134,maintaskTrials
67eef64a6de0902719c5faca,default,0,914c535c7b006a14ee0fed1f7929c7932e6cb4f253c00b8b305bda1b18dce680,996.6689250469208,False,keypress,testRsp,80,[],choice-response,In time,67ef60de6de0902719c5faef,2025-04-04 00:32:30-04:00,toneentrainer_60,5488,135,maintaskTrials
67eef64a6de0902719c5faca,default,0,914c535c7b006a14ee0fed1f7929c7932e6cb4f253c00b8b305bda1b18dce680,996.6689250469208,False,keypress,testRsp,329,[],choice-response,Out of time,67ef60de6de0902719c5faef,2025-04-04 00:32:30-04:00,tone1_60,5752,136,maintaskTrials
67eef64a6de0902719c5faca,default,0,914c535c7b006a14ee0fed1f7929c7932e6cb4f253c00b8b305bda1b18dce680,996.6689250469208,False,keypress,testRsp,311,[],choice-response,In time,67ef60de6de0902719c5faef,2025-04-04 00:32:30-04:00,addentrainer_30,5727,137,maintaskTrials
67eef64a6de0902719c5faca,default,0,914c535c7b006a14ee0fed1f7929c7932e6cb4f253c00b8b305bda1b18dce680,996.6689250469208,False,keypress,testRsp,271,[],choice-response,Out of time,67ef60de6de0902719c5faef,2025-04-04 00:32:30-04:00,add8_90,5678,138,maintaskTrials
67eef64a6de0902719c5faca,default,0,914c535c7b006a14ee0fed1f7929c7932e6cb4f253c00b8b305bda1b18dce680,996.6689250469208,False,keypress,testRsp,388,[],choice-response,Out of time,67ef60de6de0902719c5faef,2025-04-04 00:32:30-04:00,tone8_0,5791,139,maintaskTrials
67eef64a6de0902719c5faca,default,0,914c535c7b006a14ee0fed1f7929c7932e6cb4f253c00b8b305bda1b18dce680,996.6689250469208,False,keypress,testRsp,290,[],choice-response,In time,67ef60de6de0902719c5faef,2025-04-04 00:32:30-04:00,add1_30,5729,140,maintaskTrials
67eef64a6de0902719c5faca,default,0,914c535c7b006a14ee0fed1f7929c7932e6cb4f253c00b8b305bda1b18dce680,996.6689250469208,False,keypress,testRsp,365,[],choice-response,Out of time,67ef60de6de0902719c5faef,2025-04-04 00:32:30-04:00,toneentrainer_90,5778,141,maintaskTrials
67eef64a6de0902719c5faca,default,0,914c535c7b006a14ee0fed1f7929c7932e6cb4f253c00b8b305bda1b18dce680,996.6689250469208,False,keypress,testRsp,273,[],choice-response,Out of time,67ef60de6de0902719c5faef,2025-04-04 00:32:30-04:00,tone1_90,5694,142,maintaskTrials
67eef64a6de0902719c5faca,default,0,914c535c7b006a14ee0fed1f7929c7932e6cb4f253c00b8b305bda1b18dce680,996.6689250469208,False,keypress,testRsp,353,[],choice-response,Out of time,67ef60de6de0902719c5faef,2025-04-04 00:32:30-04:00,tone8_90,5785,143,maintaskTrials
67eef64a6de0902719c5faca,default,0,914c535c7b006a14ee0fed1f7929c7932e6cb4f253c00b8b305bda1b18dce680,996.6689250469208,False,keypress,testRsp,312,[],choice-response,In time,67ef60de6de0902719c5faef,2025-04-04 00:32:30-04:00,addentrainer_0,5745,144,maintaskTrials
67eef64a6de0902719c5faca,default,0,914c535c7b006a14ee0fed1f7929c7932e6cb4f253c00b8b305bda1b18dce680,996.6689250469208,False,keypress,testRsp,339,[],choice-response,Out of time,67ef60de6de0902719c5faef,2025-04-04 00:32:30-04:00,addentrainer_120,5749,145,maintaskTrials
67eef64a6de0902719c5faca,default,0,914c535c7b006a14ee0fed1f7929c7932e6cb4f253c00b8b305bda1b18dce680,996.6689250469208,False,keypress,testRsp,261,[],choice-response,Out of time,67ef60de6de0902719c5faef,2025-04-04 00:32:30-04:00,add1_120,5710,146,maintaskTrials
67eef64a6de0902719c5faca,default,0,914c535c7b006a14ee0fed1f7929c7932e6cb4f253c00b8b305bda1b18dce680,996.6689250469208,False,keypress,testRsp,331,[],choice-response,In time,67ef60de6de0902719c5faef,2025-04-04 00:32:30-04:00,add1_60,5768,147,maintaskTrials
67eef64a6de0902719c5faca,default,0,914c535c7b006a14ee0fed1f7929c7932e6cb4f253c00b8b305bda1b18dce680,996.6689250469208,False,keypress,testRsp,284,[],choice-response,In time,67ef60de6de0902719c5faef,2025-04-04 00:32:30-04:00,toneentrainer_30,5696,148,maintaskTrials
67eef64a6de0902719c5faca,default,0,914c535c7b006a14ee0fed1f7929c7932e6cb4f253c00b8b305bda1b18dce680,996.6689250469208,False,keypress,testRsp,213,[],choice-response,Out of time,67ef60de6de0902719c5faef,2025-04-04 00:32:30-04:00,addentrainer_90,5651,149,maintaskTrials
67eef64a6de0902719c5faca,default,0,914c535c7b006a14ee0fed1f7929c7932e6cb4f253c00b8b305bda1b18dce680,996.6689250469208,False,keypress,testRsp,206,[],choice-response,In time,67ef60de6de0902719c5faef,2025-04-04 00:32:30-04:00,add1_0,5651,150,maintaskTrials
67eef64a6de0902719c5faca,default,0,914c535c7b006a14ee0fed1f7929c7932e6cb4f253c00b8b305bda1b18dce680,996.6689250469208,False,keypress,testRsp,322,[],choice-response,In time,67ef60de6de0902719c5faef,2025-04-04 00:32:30-04:00,tone1_0,5741,151,maintaskTrials
67eef64a6de0902719c5faca,default,0,914c535c7b006a14ee0fed1f7929c7932e6cb4f253c00b8b305bda1b18dce680,996.6689250469208,False,keypress,testRsp,301,[],choice-response,In time,67ef60de6de0902719c5faef,2025-04-04 00:32:30-04:00,tone1_30,5764,152,maintaskTrials
67eef64a6de0902719c5faca,default,0,914c535c7b006a14ee0fed1f7929c7932e6cb4f253c00b8b305bda1b18dce680,996.6689250469208,False,keypress,testRsp,250,[],choice-response,Out of time,67ef60de6de0902719c5faef,2025-04-04 00:32:30-04:00,add8_60,5676,153,maintaskTrials
67eef64a6de0902719c5faca,default,0,914c535c7b006a14ee0fed1f7929c7932e6cb4f253c00b8b305bda1b18dce680,996.6689250469208,False,keypress,testRsp,241,[],choice-response,In time,67ef60de6de0902719c5faef,2025-04-04 00:32:30-04:00,tone8_30,5650,154,maintaskTrials
67eef64a6de0902719c5faca,default,0,914c535c7b006a14ee0fed1f7929c7932e6cb4f253c00b8b305bda1b18dce680,996.6689250469208,False,keypress,testRsp,13,[],choice-response,In time,67ef60de6de0902719c5faef,2025-04-04 00:32:30-04:00,toneentrainer_0,5427,155,maintaskTrials
67eef64a6de0902719c5faca,default,0,914c535c7b006a14ee0fed1f7929c7932e6cb4f253c00b8b305bda1b18dce680,996.6689250469208,False,keypress,testRsp,340,[],choice-response,Out of time,67ef60de6de0902719c5faef,2025-04-04 00:32:30-04:00,add1_90,5763,156,maintaskTrials
67eef64a6de0902719c5faca,default,0,c7b09fd24b9db26ff660e13d216c244409aa42824d1fc8b41da1914a56a05f3c,1226.3802077770233,True,click,exampleRsp_lab,2805,['Out of time'],choice-response,Out of time,67ef60de6de0902719c5faef,2025-04-04 00:32:30-04:00,add1_120,12028,1,example_add
67eef64a6de0902719c5faca,default,0,c7b09fd24b9db26ff660e13d216c244409aa42824d1fc8b41da1914a56a05f3c,1226.3802077770233,True,click,exampleRsp_lab,2434,['Out of time'],choice-response,Out of time,67ef60de6de0902719c5faef,2025-04-04 00:32:30-04:00,add8_120,10851,2,example_add
67eef64a6de0902719c5faca,default,0,c7b09fd24b9db26ff660e13d216c244409aa42824d1fc8b41da1914a56a05f3c,1226.3802077770233,True,click,exampleRsp_lab,1642,['Out of time'],choice-response,Out of time,67ef60de6de0902719c5faef,2025-04-04 00:32:30-04:00,add8_120,9688,3,example_add
67eef64a6de0902719c5faca,default,0,c7b09fd24b9db26ff660e13d216c244409aa42824d1fc8b41da1914a56a05f3c,1226.3802077770233,True,click,exampleRsp_tone,793,['Out of time'],choice-response,Out of time,67ef60de6de0902719c5faef,2025-04-04 00:32:30-04:00,tone1_120,9087,4,example_tone
67eef64a6de0902719c5faca,default,0,c7b09fd24b9db26ff660e13d216c244409aa42824d1fc8b41da1914a56a05f3c,1226.3802077770233,True,click,exampleRsp_tone,1758,['Out of time'],choice-response,Out of time,67ef60de6de0902719c5faef,2025-04-04 00:32:30-04:00,tone8_120,10217,5,example_tone
67eef64a6de0902719c5faca,default,0,c7b09fd24b9db26ff660e13d216c244409aa42824d1fc8b41da1914a56a05f3c,1226.3802077770233,True,click,exampleRsp_lab,1470,['Out of time'],choice-response,Out of time,67ef60de6de0902719c5faef,2025-04-04 00:32:30-04:00,add1_120,9529,6,example_add
67eef64a6de0902719c5faca,default,0,c7b09fd24b9db26ff660e13d216c244409aa42824d1fc8b41da1914a56a05f3c,1226.3802077770233,False,click,testRsp,1594,[],choice-response,In time,67ef60de6de0902719c5faef,2025-04-04 00:32:30-04:00,addentrainer_0,7514,7,maintaskTrials
67eef64a6de0902719c5faca,default,0,c7b09fd24b9db26ff660e13d216c244409aa42824d1fc8b41da1914a56a05f3c,1226.3802077770233,False,click,testRsp,545,[],choice-response,Out of time,67ef60de6de0902719c5faef,2025-04-04 00:32:30-04:00,toneentrainer_90,6349,8,maintaskTrials
67eef64a6de0902719c5faca,default,0,c7b09fd24b9db26ff660e13d216c244409aa42824d1fc8b41da1914a56a05f3c,1226.3802077770233,False,click,testRsp,4172,[],choice-response,Out of time,67ef60de6de0902719c5faef,2025-04-04 00:32:30-04:00,add1_60,9945,9,maintaskTrials
67eef64a6de0902719c5faca,default,0,c7b09fd24b9db26ff660e13d216c244409aa42824d1fc8b41da1914a56a05f3c,1226.3802077770233,False,click,testRsp,1204,[],choice-response,In time,67ef60de6de0902719c5faef,2025-04-04 00:32:30-04:00,tone8_90,6958,10,maintaskTrials
67eef64a6de0902719c5faca,default,0,c7b09fd24b9db26ff660e13d216c244409aa42824d1fc8b41da1914a56a05f3c,1226.3802077770233,False,click,testRsp,1755,[],choice-response,Out of time,67ef60de6de0902719c5faef,2025-04-04 00:32:30-04:00,add1_120,7188,11,maintaskTrials
67eef64a6de0902719c5faca,default,0,c7b09fd24b9db26ff660e13d216c244409aa42824d1fc8b41da1914a56a05f3c,1226.3802077770233,False,click,testRsp,845,[],choice-response,In time,67ef60de6de0902719c5faef,2025-04-04 00:32:30-04:00,add1_0,6645,12,maintaskTrials
67eef64a6de0902719c5faca,default,0,c7b09fd24b9db26ff660e13d216c244409aa42824d1fc8b41da1914a56a05f3c,1226.3802077770233,False,click,testRsp,1193,[],choice-response,Out of time,67ef60de6de0902719c5faef,2025-04-04 00:32:30-04:00,toneentrainer_120,6973,13,maintaskTrials
67eef64a6de0902719c5faca,default,0,c7b09fd24b9db26ff660e13d216c244409aa42824d1fc8b41da1914a56a05f3c,1226.3802077770233,False,click,testRsp,716,[],choice-response,Out of time,67ef60de6de0902719c5faef,2025-04-04 00:32:30-04:00,add8_120,6152,14,maintaskTrials
67eef64a6de0902719c5faca,default,0,c7b09fd24b9db26ff660e13d216c244409aa42824d1fc8b41da1914a56a05f3c,1226.3802077770233,False,click,testRsp,775,[],choice-response,In time,67ef60de6de0902719c5faef,2025-04-04 00:32:30-04:00,add1_30,6524,15,maintaskTrials
67eef64a6de0902719c5faca,default,0,c7b09fd24b9db26ff660e13d216c244409aa42824d1fc8b41da1914a56a05f3c,1226.3802077770233,False,click,testRsp,1630,[],choice-response,In time,67ef60de6de0902719c5faef,2025-04-04 00:32:30-04:00,tone1_0,7417,16,maintaskTrials
67eef64a6de0902719c5faca,default,0,c7b09fd24b9db26ff660e13d216c244409aa42824d1fc8b41da1914a56a05f3c,1226.3802077770233,False,click,testRsp,1044,[],choice-response,In time,67ef60de6de0902719c5faef,2025-04-04 00:32:30-04:00,addentrainer_30,6808,17,maintaskTrials
67eef64a6de0902719c5faca,default,0,c7b09fd24b9db26ff660e13d216c244409aa42824d1fc8b41da1914a56a05f3c,1226.3802077770233,False,click,testRsp,1036,[],choice-response,In time,67ef60de6de0902719c5faef,2025-04-04 00:32:30-04:00,tone8_60,6748,18,maintaskTrials
67eef64a6de0902719c5faca,default,0,c7b09fd24b9db26ff660e13d216c244409aa42824d1fc8b41da1914a56a05f3c,1226.3802077770233,False,click,testRsp,1140,[],choice-response,Out of time,67ef60de6de0902719c5faef,2025-04-04 00:32:30-04:00,tone1_90,6796,19,maintaskTrials
67eef64a6de0902719c5faca,default,0,c7b09fd24b9db26ff660e13d216c244409aa42824d1fc8b41da1914a56a05f3c,1226.3802077770233,False,click,testRsp,945,[],choice-response,In time,67ef60de6de0902719c5faef,2025-04-04 00:32:30-04:00,add8_0,6718,20,maintaskTrials
67eef64a6de0902719c5faca,default,0,c7b09fd24b9db26ff660e13d216c244409aa42824d1fc8b41da1914a56a05f3c,1226.3802077770233,False,click,testRsp,576,[],choice-response,In time,67ef60de6de0902719c5faef,2025-04-04 00:32:30-04:00,toneentrainer_30,6388,21,maintaskTrials
67eef64a6de0902719c5faca,default,0,c7b09fd24b9db26ff660e13d216c244409aa42824d1fc8b41da1914a56a05f3c,1226.3802077770233,False,click,testRsp,3786,[],choice-response,Out of time,67ef60de6de0902719c5faef,2025-04-04 00:32:30-04:00,tone1_60,9457,22,maintaskTrials
67eef64a6de0902719c5faca,default,0,c7b09fd24b9db26ff660e13d216c244409aa42824d1fc8b41da1914a56a05f3c,1226.3802077770233,False,click,testRsp,879,[],choice-response,Out of time,67ef60de6de0902719c5faef,2025-04-04 00:32:30-04:00,add8_90,6643,23,maintaskTrials
67eef64a6de0902719c5faca,default,0,c7b09fd24b9db26ff660e13d216c244409aa42824d1fc8b41da1914a56a05f3c,1226.3802077770233,False,click,testRsp,665,[],choice-response,In time,67ef60de6de0902719c5faef,2025-04-04 00:32:30-04:00,add1_90,6402,24,maintaskTrials
67eef64a6de0902719c5faca,default,0,c7b09fd24b9db26ff660e13d216c244409aa42824d1fc8b41da1914a56a05f3c,1226.3802077770233,False,click,testRsp,1226,[],choice-response,Out of time,67ef60de6de0902719c5faef,2025-04-04 00:32:30-04:00,tone8_120,6662,25,maintaskTrials
67eef64a6de0902719c5faca,default,0,c7b09fd24b9db26ff660e13d216c244409aa42824d1fc8b41da1914a56a05f3c,1226.3802077770233,False,click,testRsp,1751,[],choice-response,Out of time,67ef60de6de0902719c5faef,2025-04-04 00:32:30-04:00,tone1_30,7493,26,maintaskTrials
67eef64a6de0902719c5faca,default,0,c7b09fd24b9db26ff660e13d216c244409aa42824d1fc8b41da1914a56a05f3c,1226.3802077770233,False,click,testRsp,8782,[],choice-response,Out of time,67ef60de6de0902719c5faef,2025-04-04 00:32:30-04:00,add8_60,14592,27,maintaskTrials
67eef64a6de0902719c5faca,default,0,c7b09fd24b9db26ff660e13d216c244409aa42824d1fc8b41da1914a56a05f3c,1226.3802077770233,False,click,testRsp,6241,[],choice-response,In time,67ef60de6de0902719c5faef,2025-04-04 00:32:30-04:00,addentrainer_120,12031,28,maintaskTrials
67eef64a6de0902719c5faca,default,0,c7b09fd24b9db26ff660e13d216c244409aa42824d1fc8b41da1914a56a05f3c,1226.3802077770233,False,click,testRsp,1629,[],choice-response,In time,67ef60de6de0902719c5faef,2025-04-04 00:32:30-04:00,toneentrainer_0,7457,29,maintaskTrials
67eef64a6de0902719c5faca,default,0,c7b09fd24b9db26ff660e13d216c244409aa42824d1fc8b41da1914a56a05f3c,1226.3802077770233,False,click,testRsp,3371,[],choice-response,Out of time,67ef60de6de0902719c5faef,2025-04-04 00:32:30-04:00,addentrainer_60,9133,30,maintaskTrials
67eef64a6de0902719c5faca,default,0,c7b09fd24b9db26ff660e13d216c244409aa42824d1fc8b41da1914a56a05f3c,1226.3802077770233,False,click,testRsp,505,[],choice-response,In time,67ef60de6de0902719c5faef,2025-04-04 00:32:30-04:00,addentrainer_90,6293,31,maintaskTrials
67eef64a6de0902719c5faca,default,0,c7b09fd24b9db26ff660e13d216c244409aa42824d1fc8b41da1914a56a05f3c,1226.3802077770233,False,click,testRsp,2200,[],choice-response,In time,67ef60de6de0902719c5faef,2025-04-04 00:32:30-04:00,toneentrainer_60,7913,32,maintaskTrials
67eef64a6de0902719c5faca,default,0,c7b09fd24b9db26ff660e13d216c244409aa42824d1fc8b41da1914a56a05f3c,1226.3802077770233,False,click,testRsp,721,[],choice-response,Out of time,67ef60de6de0902719c5faef,2025-04-04 00:32:30-04:00,tone1_120,6149,33,maintaskTrials
67eef64a6de0902719c5faca,default,0,c7b09fd24b9db26ff660e13d216c244409aa42824d1fc8b41da1914a56a05f3c,1226.3802077770233,False,click,testRsp,651,[],choice-response,In time,67ef60de6de0902719c5faef,2025-04-04 00:32:30-04:00,add8_30,6640,34,maintaskTrials
67eef64a6de0902719c5faca,default,0,c7b09fd24b9db26ff660e13d216c244409aa42824d1fc8b41da1914a56a05f3c,1226.3802077770233,False,click,testRsp,1212,[],choice-response,In time,67ef60de6de0902719c5faef,2025-04-04 00:32:30-04:00,tone8_30,6909,35,maintaskTrials
67eef64a6de0902719c5faca,default,0,c7b09fd24b9db26ff660e13d216c244409aa42824d1fc8b41da1914a56a05f3c,1226.3802077770233,False,click,testRsp,987,[],choice-response,In time,67ef60de6de0902719c5faef,2025-04-04 00:32:30-04:00,tone8_0,6826,36,maintaskTrials
67eef64a6de0902719c5faca,default,0,c7b09fd24b9db26ff660e13d216c244409aa42824d1fc8b41da1914a56a05f3c,1226.3802077770233,False,click,testRsp,961,[],choice-response,In time,67ef60de6de0902719c5faef,2025-04-04 00:32:30-04:00,tone8_60,6383,37,maintaskTrials
67eef64a6de0902719c5faca,default,0,c7b09fd24b9db26ff660e13d216c244409aa42824d1fc8b41da1914a56a05f3c,1226.3802077770233,False,click,testRsp,918,[],choice-response,In time,67ef60de6de0902719c5faef,2025-04-04 00:32:30-04:00,toneentrainer_60,6345,38,maintaskTrials
67eef64a6de0902719c5faca,default,0,c7b09fd24b9db26ff660e13d216c244409aa42824d1fc8b41da1914a56a05f3c,1226.3802077770233,False,click,testRsp,1512,[],choice-response,In time,67ef60de6de0902719c5faef,2025-04-04 00:32:30-04:00,add1_30,6953,39,maintaskTrials
67eef64a6de0902719c5faca,default,0,c7b09fd24b9db26ff660e13d216c244409aa42824d1fc8b41da1914a56a05f3c,1226.3802077770233,False,click,testRsp,771,[],choice-response,In time,67ef60de6de0902719c5faef,2025-04-04 00:32:30-04:00,add1_90,6197,40,maintaskTrials
67eef64a6de0902719c5faca,default,0,c7b09fd24b9db26ff660e13d216c244409aa42824d1fc8b41da1914a56a05f3c,1226.3802077770233,False,click,testRsp,377,[],choice-response,In time,67ef60de6de0902719c5faef,2025-04-04 00:32:30-04:00,add1_60,5802,41,maintaskTrials
67eef64a6de0902719c5faca,default,0,c7b09fd24b9db26ff660e13d216c244409aa42824d1fc8b41da1914a56a05f3c,1226.3802077770233,False,click,testRsp,655,[],choice-response,Out of time,67ef60de6de0902719c5faef,2025-04-04 00:32:30-04:00,add8_0,6104,42,maintaskTrials
67eef64a6de0902719c5faca,default,0,c7b09fd24b9db26ff660e13d216c244409aa42824d1fc8b41da1914a56a05f3c,1226.3802077770233,False,click,testRsp,1115,[],choice-response,Out of time,67ef60de6de0902719c5faef,2025-04-04 00:32:30-04:00,toneentrainer_120,6554,43,maintaskTrials
67eef64a6de0902719c5faca,default,0,c7b09fd24b9db26ff660e13d216c244409aa42824d1fc8b41da1914a56a05f3c,1226.3802077770233,False,click,testRsp,1275,[],choice-response,Out of time,67ef60de6de0902719c5faef,2025-04-04 00:32:30-04:00,add1_120,6705,44,maintaskTrials
67eef64a6de0902719c5faca,default,0,c7b09fd24b9db26ff660e13d216c244409aa42824d1fc8b41da1914a56a05f3c,1226.3802077770233,False,click,testRsp,1998,[],choice-response,In time,67ef60de6de0902719c5faef,2025-04-04 00:32:30-04:00,addentrainer_0,7423,45,maintaskTrials
67eef64a6de0902719c5faca,default,0,c7b09fd24b9db26ff660e13d216c244409aa42824d1fc8b41da1914a56a05f3c,1226.3802077770233,False,click,testRsp,1402,[],choice-response,Out of time,67ef60de6de0902719c5faef,2025-04-04 00:32:30-04:00,tone8_90,6840,46,maintaskTrials
67eef64a6de0902719c5faca,default,0,c7b09fd24b9db26ff660e13d216c244409aa42824d1fc8b41da1914a56a05f3c,1226.3802077770233,False,click,testRsp,1601,[],choice-response,In time,67ef60de6de0902719c5faef,2025-04-04 00:32:30-04:00,addentrainer_30,7033,47,maintaskTrials
67eef64a6de0902719c5faca,default,0,c7b09fd24b9db26ff660e13d216c244409aa42824d1fc8b41da1914a56a05f3c,1226.3802077770233,False,click,testRsp,529,[],choice-response,In time,67ef60de6de0902719c5faef,2025-04-04 00:32:30-04:00,tone1_30,5969,48,maintaskTrials
67eef64a6de0902719c5faca,default,0,c7b09fd24b9db26ff660e13d216c244409aa42824d1fc8b41da1914a56a05f3c,1226.3802077770233,False,click,testRsp,3588,[],choice-response,Out of time,67ef60de6de0902719c5faef,2025-04-04 00:32:30-04:00,toneentrainer_90,9020,49,maintaskTrials
67eef64a6de0902719c5faca,default,0,c7b09fd24b9db26ff660e13d216c244409aa42824d1fc8b41da1914a56a05f3c,1226.3802077770233,False,click,testRsp,627,[],choice-response,Out of time,67ef60de6de0902719c5faef,2025-04-04 00:32:30-04:00,tone1_120,6058,50,maintaskTrials
67eef64a6de0902719c5faca,default,0,c7b09fd24b9db26ff660e13d216c244409aa42824d1fc8b41da1914a56a05f3c,1226.3802077770233,False,click,testRsp,423,[],choice-response,In time,67ef60de6de0902719c5faef,2025-04-04 00:32:30-04:00,toneentrainer_30,5852,51,maintaskTrials
67eef64a6de0902719c5faca,default,0,c7b09fd24b9db26ff660e13d216c244409aa42824d1fc8b41da1914a56a05f3c,1226.3802077770233,False,click,testRsp,5010,[],choice-response,Out of time,67ef60de6de0902719c5faef,2025-04-04 00:32:30-04:00,tone8_0,10438,52,maintaskTrials
67eef64a6de0902719c5faca,default,0,c7b09fd24b9db26ff660e13d216c244409aa42824d1fc8b41da1914a56a05f3c,1226.3802077770233,False,click,testRsp,2258,[],choice-response,Out of time,67ef60de6de0902719c5faef,2025-04-04 00:32:30-04:00,tone1_90,7697,53,maintaskTrials
67eef64a6de0902719c5faca,default,0,c7b09fd24b9db26ff660e13d216c244409aa42824d1fc8b41da1914a56a05f3c,1226.3802077770233,False,click,testRsp,9914,[],choice-response,Out of time,67ef60de6de0902719c5faef,2025-04-04 00:32:30-04:00,add8_30,15353,54,maintaskTrials
67eef64a6de0902719c5faca,default,0,c7b09fd24b9db26ff660e13d216c244409aa42824d1fc8b41da1914a56a05f3c,1226.3802077770233,False,click,testRsp,2150,[],choice-response,Out of time,67ef60de6de0902719c5faef,2025-04-04 00:32:30-04:00,addentrainer_90,7633,55,maintaskTrials
67eef64a6de0902719c5faca,default,0,c7b09fd24b9db26ff660e13d216c244409aa42824d1fc8b41da1914a56a05f3c,1226.3802077770233,False,click,testRsp,872,[],choice-response,In time,67ef60de6de0902719c5faef,2025-04-04 00:32:30-04:00,toneentrainer_0,6304,56,maintaskTrials
67eef64a6de0902719c5faca,default,0,c7b09fd24b9db26ff660e13d216c244409aa42824d1fc8b41da1914a56a05f3c,1226.3802077770233,False,click,testRsp,1712,[],choice-response,Out of time,67ef60de6de0902719c5faef,2025-04-04 00:32:30-04:00,addentrainer_120,7149,57,maintaskTrials
67eef64a6de0902719c5faca,default,0,c7b09fd24b9db26ff660e13d216c244409aa42824d1fc8b41da1914a56a05f3c,1226.3802077770233,False,click,testRsp,1647,[],choice-response,In time,67ef60de6de0902719c5faef,2025-04-04 00:32:30-04:00,add8_90,7077,58,maintaskTrials
67eef64a6de0902719c5faca,default,0,c7b09fd24b9db26ff660e13d216c244409aa42824d1fc8b41da1914a56a05f3c,1226.3802077770233,False,click,testRsp,293,[],choice-response,In time,67ef60de6de0902719c5faef,2025-04-04 00:32:30-04:00,add8_60,5741,59,maintaskTrials
67eef64a6de0902719c5faca,default,0,c7b09fd24b9db26ff660e13d216c244409aa42824d1fc8b41da1914a56a05f3c,1226.3802077770233,False,click,testRsp,2308,[],choice-response,Out of time,67ef60de6de0902719c5faef,2025-04-04 00:32:30-04:00,tone8_120,7741,60,maintaskTrials
67eef64a6de0902719c5faca,default,0,c7b09fd24b9db26ff660e13d216c244409aa42824d1fc8b41da1914a56a05f3c,1226.3802077770233,False,click,testRsp,2137,[],choice-response,Out of time,67ef60de6de0902719c5faef,2025-04-04 00:32:30-04:00,add8_120,7569,61,maintaskTrials
67eef64a6de0902719c5faca,default,0,c7b09fd24b9db26ff660e13d216c244409aa42824d1fc8b41da1914a56a05f3c,1226.3802077770233,False,click,testRsp,637,[],choice-response,In time,67ef60de6de0902719c5faef,2025-04-04 00:32:30-04:00,tone8_30,6068,62,maintaskTrials
67eef64a6de0902719c5faca,default,0,c7b09fd24b9db26ff660e13d216c244409aa42824d1fc8b41da1914a56a05f3c,1226.3802077770233,False,click,testRsp,681,[],choice-response,In time,67ef60de6de0902719c5faef,2025-04-04 00:32:30-04:00,tone1_0,6113,63,maintaskTrials
67eef64a6de0902719c5faca,default,0,c7b09fd24b9db26ff660e13d216c244409aa42824d1fc8b41da1914a56a05f3c,1226.3802077770233,False,click,testRsp,5519,[],choice-response,In time,67ef60de6de0902719c5faef,2025-04-04 00:32:30-04:00,add1_0,10949,64,maintaskTrials
67eef64a6de0902719c5faca,default,0,c7b09fd24b9db26ff660e13d216c244409aa42824d1fc8b41da1914a56a05f3c,1226.3802077770233,False,click,testRsp,2072,[],choice-response,Out of time,67ef60de6de0902719c5faef,2025-04-04 00:32:30-04:00,addentrainer_60,7500,65,maintaskTrials
67eef64a6de0902719c5faca,default,0,c7b09fd24b9db26ff660e13d216c244409aa42824d1fc8b41da1914a56a05f3c,1226.3802077770233,False,click,testRsp,2360,[],choice-response,Out of time,67ef60de6de0902719c5faef,2025-04-04 00:32:30-04:00,tone1_60,7793,66,maintaskTrials
67eef64a6de0902719c5faca,default,0,c7b09fd24b9db26ff660e13d216c244409aa42824d1fc8b41da1914a56a05f3c,1226.3802077770233,False,click,testRsp,1193,[],choice-response,Out of time,67ef60de6de0902719c5faef,2025-04-04 00:32:30-04:00,add1_120,6633,67,maintaskTrials
67eef64a6de0902719c5faca,default,0,c7b09fd24b9db26ff660e13d216c244409aa42824d1fc8b41da1914a56a05f3c,1226.3802077770233,False,click,testRsp,1416,[],choice-response,In time,67ef60de6de0902719c5faef,2025-04-04 00:32:30-04:00,tone1_30,6844,68,maintaskTrials
67eef64a6de0902719c5faca,default,0,c7b09fd24b9db26ff660e13d216c244409aa42824d1fc8b41da1914a56a05f3c,1226.3802077770233,False,click,testRsp,1026,[],choice-response,In time,67ef60de6de0902719c5faef,2025-04-04 00:32:30-04:00,toneentrainer_60,6456,69,maintaskTrials
67eef64a6de0902719c5faca,default,0,c7b09fd24b9db26ff660e13d216c244409aa42824d1fc8b41da1914a56a05f3c,1226.3802077770233,False,click,testRsp,1036,[],choice-response,In time,67ef60de6de0902719c5faef,2025-04-04 00:32:30-04:00,toneentrainer_30,6478,70,maintaskTrials
67eef64a6de0902719c5faca,default,0,c7b09fd24b9db26ff660e13d216c244409aa42824d1fc8b41da1914a56a05f3c,1226.3802077770233,False,click,testRsp,932,[],choice-response,In time,67ef60de6de0902719c5faef,2025-04-04 00:32:30-04:00,add1_30,6364,71,maintaskTrials
67eef64a6de0902719c5faca,default,0,c7b09fd24b9db26ff660e13d216c244409aa42824d1fc8b41da1914a56a05f3c,1226.3802077770233,False,click,testRsp,651,[],choice-response,Out of time,67ef60de6de0902719c5faef,2025-04-04 00:32:30-04:00,add8_120,6099,72,maintaskTrials
67eef64a6de0902719c5faca,default,0,c7b09fd24b9db26ff660e13d216c244409aa42824d1fc8b41da1914a56a05f3c,1226.3802077770233,False,click,testRsp,1210,[],choice-response,In time,67ef60de6de0902719c5faef,2025-04-04 00:32:30-04:00,tone1_0,6641,73,maintaskTrials
67eef64a6de0902719c5faca,default,0,c7b09fd24b9db26ff660e13d216c244409aa42824d1fc8b41da1914a56a05f3c,1226.3802077770233,False,click,testRsp,1742,[],choice-response,Out of time,67ef60de6de0902719c5faef,2025-04-04 00:32:30-04:00,add8_0,7175,74,maintaskTrials
67eef64a6de0902719c5faca,default,0,c7b09fd24b9db26ff660e13d216c244409aa42824d1fc8b41da1914a56a05f3c,1226.3802077770233,False,click,testRsp,1396,[],choice-response,Out of time,67ef60de6de0902719c5faef,2025-04-04 00:32:30-04:00,addentrainer_120,6828,75,maintaskTrials
67eef64a6de0902719c5faca,default,0,c7b09fd24b9db26ff660e13d216c244409aa42824d1fc8b41da1914a56a05f3c,1226.3802077770233,False,click,testRsp,1002,[],choice-response,In time,67ef60de6de0902719c5faef,2025-04-04 00:32:30-04:00,tone8_60,6433,76,maintaskTrials
67eef64a6de0902719c5faca,default,0,c7b09fd24b9db26ff660e13d216c244409aa42824d1fc8b41da1914a56a05f3c,1226.3802077770233,False,click,testRsp,757,[],choice-response,Out of time,67ef60de6de0902719c5faef,2025-04-04 00:32:30-04:00,add1_90,6193,77,maintaskTrials
67eef64a6de0902719c5faca,default,0,c7b09fd24b9db26ff660e13d216c244409aa42824d1fc8b41da1914a56a05f3c,1226.3802077770233,False,click,testRsp,2473,[],choice-response,Out of time,67ef60de6de0902719c5faef,2025-04-04 00:32:30-04:00,tone8_90,7961,78,maintaskTrials
67eef64a6de0902719c5faca,default,0,c7b09fd24b9db26ff660e13d216c244409aa42824d1fc8b41da1914a56a05f3c,1226.3802077770233,False,click,testRsp,3498,[],choice-response,Out of time,67ef60de6de0902719c5faef,2025-04-04 00:32:30-04:00,tone1_120,8929,79,maintaskTrials
67eef64a6de0902719c5faca,default,0,c7b09fd24b9db26ff660e13d216c244409aa42824d1fc8b41da1914a56a05f3c,1226.3802077770233,False,click,testRsp,2724,[],choice-response,In time,67ef60de6de0902719c5faef,2025-04-04 00:32:30-04:00,toneentrainer_90,8157,80,maintaskTrials
67eef64a6de0902719c5faca,default,0,c7b09fd24b9db26ff660e13d216c244409aa42824d1fc8b41da1914a56a05f3c,1226.3802077770233,False,click,testRsp,8503,[],choice-response,Out of time,67ef60de6de0902719c5faef,2025-04-04 00:32:30-04:00,tone1_90,13932,81,maintaskTrials
67eef64a6de0902719c5faca,default,0,c7b09fd24b9db26ff660e13d216c244409aa42824d1fc8b41da1914a56a05f3c,1226.3802077770233,False,click,testRsp,2198,[],choice-response,Out of time,67ef60de6de0902719c5faef,2025-04-04 00:32:30-04:00,add8_30,7695,82,maintaskTrials
67eef64a6de0902719c5faca,default,0,c7b09fd24b9db26ff660e13d216c244409aa42824d1fc8b41da1914a56a05f3c,1226.3802077770233,False,click,testRsp,2943,[],choice-response,Out of time,67ef60de6de0902719c5faef,2025-04-04 00:32:30-04:00,tone1_60,8388,83,maintaskTrials
67eef64a6de0902719c5faca,default,0,c7b09fd24b9db26ff660e13d216c244409aa42824d1fc8b41da1914a56a05f3c,1226.3802077770233,False,click,testRsp,1774,[],choice-response,Out of time,67ef60de6de0902719c5faef,2025-04-04 00:32:30-04:00,toneentrainer_120,7214,84,maintaskTrials
67eef64a6de0902719c5faca,default,0,c7b09fd24b9db26ff660e13d216c244409aa42824d1fc8b41da1914a56a05f3c,1226.3802077770233,False,click,testRsp,1756,[],choice-response,Out of time,67ef60de6de0902719c5faef,2025-04-04 00:32:30-04:00,tone8_120,7197,85,maintaskTrials
67eef64a6de0902719c5faca,default,0,c7b09fd24b9db26ff660e13d216c244409aa42824d1fc8b41da1914a56a05f3c,1226.3802077770233,False,click,testRsp,2219,[],choice-response,In time,67ef60de6de0902719c5faef,2025-04-04 00:32:30-04:00,add8_60,7660,86,maintaskTrials
67eef64a6de0902719c5faca,default,0,c7b09fd24b9db26ff660e13d216c244409aa42824d1fc8b41da1914a56a05f3c,1226.3802077770233,False,click,testRsp,2668,[],choice-response,In time,67ef60de6de0902719c5faef,2025-04-04 00:32:30-04:00,addentrainer_0,8105,87,maintaskTrials
67eef64a6de0902719c5faca,default,0,c7b09fd24b9db26ff660e13d216c244409aa42824d1fc8b41da1914a56a05f3c,1226.3802077770233,False,click,testRsp,608,[],choice-response,In time,67ef60de6de0902719c5faef,2025-04-04 00:32:30-04:00,addentrainer_30,6040,88,maintaskTrials
67eef64a6de0902719c5faca,default,0,c7b09fd24b9db26ff660e13d216c244409aa42824d1fc8b41da1914a56a05f3c,1226.3802077770233,False,click,testRsp,761,[],choice-response,In time,67ef60de6de0902719c5faef,2025-04-04 00:32:30-04:00,add1_0,6200,89,maintaskTrials
67eef64a6de0902719c5faca,default,0,c7b09fd24b9db26ff660e13d216c244409aa42824d1fc8b41da1914a56a05f3c,1226.3802077770233,False,click,testRsp,1830,[],choice-response,In time,67ef60de6de0902719c5faef,2025-04-04 00:32:30-04:00,toneentrainer_0,7267,90,maintaskTrials
67eef64a6de0902719c5faca,default,0,c7b09fd24b9db26ff660e13d216c244409aa42824d1fc8b41da1914a56a05f3c,1226.3802077770233,False,click,testRsp,984,[],choice-response,In time,67ef60de6de0902719c5faef,2025-04-04 00:32:30-04:00,add1_60,6413,91,maintaskTrials
67eef64a6de0902719c5faca,default,0,c7b09fd24b9db26ff660e13d216c244409aa42824d1fc8b41da1914a56a05f3c,1226.3802077770233,False,click,testRsp,1195,[],choice-response,Out of time,67ef60de6de0902719c5faef,2025-04-04 00:32:30-04:00,tone8_30,6632,92,maintaskTrials
67eef64a6de0902719c5faca,default,0,c7b09fd24b9db26ff660e13d216c244409aa42824d1fc8b41da1914a56a05f3c,1226.3802077770233,False,click,testRsp,2229,[],choice-response,Out of time,67ef60de6de0902719c5faef,2025-04-04 00:32:30-04:00,addentrainer_90,7659,93,maintaskTrials
67eef64a6de0902719c5faca,default,0,c7b09fd24b9db26ff660e13d216c244409aa42824d1fc8b41da1914a56a05f3c,1226.3802077770233,False,click,testRsp,11346,[],choice-response,Out of time,67ef60de6de0902719c5faef,2025-04-04 00:32:30-04:00,add8_90,16787,94,maintaskTrials
67eef64a6de0902719c5faca,default,0,c7b09fd24b9db26ff660e13d216c244409aa42824d1fc8b41da1914a56a05f3c,1226.3802077770233,False,click,testRsp,4273,[],choice-response,In time,67ef60de6de0902719c5faef,2025-04-04 00:32:30-04:00,addentrainer_60,9758,95,maintaskTrials
67eef64a6de0902719c5faca,default,0,c7b09fd24b9db26ff660e13d216c244409aa42824d1fc8b41da1914a56a05f3c,1226.3802077770233,False,click,testRsp,674,[],choice-response,Out of time,67ef60de6de0902719c5faef,2025-04-04 00:32:30-04:00,tone8_0,6101,96,maintaskTrials
67eef64a6de0902719c5faca,default,0,c7b09fd24b9db26ff660e13d216c244409aa42824d1fc8b41da1914a56a05f3c,1226.3802077770233,False,click,testRsp,1003,[],choice-response,In time,67ef60de6de0902719c5faef,2025-04-04 00:32:30-04:00,add8_90,6436,97,maintaskTrials
67eef64a6de0902719c5faca,default,0,c7b09fd24b9db26ff660e13d216c244409aa42824d1fc8b41da1914a56a05f3c,1226.3802077770233,False,click,testRsp,2348,[],choice-response,Out of time,67ef60de6de0902719c5faef,2025-04-04 00:32:30-04:00,tone8_90,7861,98,maintaskTrials
67eef64a6de0902719c5faca,default,0,c7b09fd24b9db26ff660e13d216c244409aa42824d1fc8b41da1914a56a05f3c,1226.3802077770233,False,click,testRsp,1205,[],choice-response,In time,67ef60de6de0902719c5faef,2025-04-04 00:32:30-04:00,add1_90,6640,99,maintaskTrials
67eef64a6de0902719c5faca,default,0,c7b09fd24b9db26ff660e13d216c244409aa42824d1fc8b41da1914a56a05f3c,1226.3802077770233,False,click,testRsp,457,[],choice-response,Out of time,67ef60de6de0902719c5faef,2025-04-04 00:32:30-04:00,add8_0,5881,100,maintaskTrials
67eef64a6de0902719c5faca,default,0,c7b09fd24b9db26ff660e13d216c244409aa42824d1fc8b41da1914a56a05f3c,1226.3802077770233,False,click,testRsp,3185,[],choice-response,Out of time,67ef60de6de0902719c5faef,2025-04-04 00:32:30-04:00,tone8_0,8624,101,maintaskTrials
67eef64a6de0902719c5faca,default,0,c7b09fd24b9db26ff660e13d216c244409aa42824d1fc8b41da1914a56a05f3c,1226.3802077770233,False,click,testRsp,9825,[],choice-response,Out of time,67ef60de6de0902719c5faef,2025-04-04 00:32:30-04:00,addentrainer_60,15269,102,maintaskTrials
67eef64a6de0902719c5faca,default,0,c7b09fd24b9db26ff660e13d216c244409aa42824d1fc8b41da1914a56a05f3c,1226.3802077770233,False,click,testRsp,1484,[],choice-response,Out of time,67ef60de6de0902719c5faef,2025-04-04 00:32:30-04:00,toneentrainer_90,6988,103,maintaskTrials
67eef64a6de0902719c5faca,default,0,c7b09fd24b9db26ff660e13d216c244409aa42824d1fc8b41da1914a56a05f3c,1226.3802077770233,False,click,testRsp,3188,[],choice-response,In time,67ef60de6de0902719c5faef,2025-04-04 00:32:30-04:00,add8_120,8625,104,maintaskTrials
67eef64a6de0902719c5faca,default,0,c7b09fd24b9db26ff660e13d216c244409aa42824d1fc8b41da1914a56a05f3c,1226.3802077770233,False,click,testRsp,592,[],choice-response,Out of time,67ef60de6de0902719c5faef,2025-04-04 00:32:30-04:00,tone1_90,6018,105,maintaskTrials
67eef64a6de0902719c5faca,default,0,c7b09fd24b9db26ff660e13d216c244409aa42824d1fc8b41da1914a56a05f3c,1226.3802077770233,False,click,testRsp,1153,[],choice-response,In time,67ef60de6de0902719c5faef,2025-04-04 00:32:30-04:00,toneentrainer_30,6594,106,maintaskTrials
67eef64a6de0902719c5faca,default,0,c7b09fd24b9db26ff660e13d216c244409aa42824d1fc8b41da1914a56a05f3c,1226.3802077770233,False,click,testRsp,807,[],choice-response,Out of time,67ef60de6de0902719c5faef,2025-04-04 00:32:30-04:00,tone8_120,6236,107,maintaskTrials
67eef64a6de0902719c5faca,default,0,c7b09fd24b9db26ff660e13d216c244409aa42824d1fc8b41da1914a56a05f3c,1226.3802077770233,False,click,testRsp,760,[],choice-response,Out of time,67ef60de6de0902719c5faef,2025-04-04 00:32:30-04:00,addentrainer_120,6189,108,maintaskTrials
67eef64a6de0902719c5faca,default,0,c7b09fd24b9db26ff660e13d216c244409aa42824d1fc8b41da1914a56a05f3c,1226.3802077770233,False,click,testRsp,654,[],choice-response,In time,67ef60de6de0902719c5faef,2025-04-04 00:32:30-04:00,add8_60,6090,109,maintaskTrials
67eef64a6de0902719c5faca,default,0,c7b09fd24b9db26ff660e13d216c244409aa42824d1fc8b41da1914a56a05f3c,1226.3802077770233,False,click,testRsp,2174,[],choice-response,In time,67ef60de6de0902719c5faef,2025-04-04 00:32:30-04:00,add1_30,7617,110,maintaskTrials
67eef64a6de0902719c5faca,default,0,c7b09fd24b9db26ff660e13d216c244409aa42824d1fc8b41da1914a56a05f3c,1226.3802077770233,False,click,testRsp,1648,[],choice-response,In time,67ef60de6de0902719c5faef,2025-04-04 00:32:30-04:00,toneentrainer_0,7083,111,maintaskTrials
67eef64a6de0902719c5faca,default,0,c7b09fd24b9db26ff660e13d216c244409aa42824d1fc8b41da1914a56a05f3c,1226.3802077770233,False,click,testRsp,1550,[],choice-response,Out of time,67ef60de6de0902719c5faef,2025-04-04 00:32:30-04:00,tone1_60,6985,112,maintaskTrials
67eef64a6de0902719c5faca,default,0,c7b09fd24b9db26ff660e13d216c244409aa42824d1fc8b41da1914a56a05f3c,1226.3802077770233,False,click,testRsp,1792,[],choice-response,Out of time,67ef60de6de0902719c5faef,2025-04-04 00:32:30-04:00,add1_120,7229,113,maintaskTrials
67eef64a6de0902719c5faca,default,0,c7b09fd24b9db26ff660e13d216c244409aa42824d1fc8b41da1914a56a05f3c,1226.3802077770233,False,click,testRsp,1756,[],choice-response,In time,67ef60de6de0902719c5faef,2025-04-04 00:32:30-04:00,tone1_0,7202,114,maintaskTrials
67eef64a6de0902719c5faca,default,0,c7b09fd24b9db26ff660e13d216c244409aa42824d1fc8b41da1914a56a05f3c,1226.3802077770233,False,click,testRsp,1269,[],choice-response,Out of time,67ef60de6de0902719c5faef,2025-04-04 00:32:30-04:00,tone8_60,6700,115,maintaskTrials
67eef64a6de0902719c5faca,default,0,c7b09fd24b9db26ff660e13d216c244409aa42824d1fc8b41da1914a56a05f3c,1226.3802077770233,False,click,testRsp,1730,[],choice-response,Out of time,67ef60de6de0902719c5faef,2025-04-04 00:32:30-04:00,addentrainer_90,7161,116,maintaskTrials
67eef64a6de0902719c5faca,default,0,c7b09fd24b9db26ff660e13d216c244409aa42824d1fc8b41da1914a56a05f3c,1226.3802077770233,False,click,testRsp,1226,[],choice-response,In time,67ef60de6de0902719c5faef,2025-04-04 00:32:30-04:00,toneentrainer_60,6660,117,maintaskTrials
67eef64a6de0902719c5faca,default,0,c7b09fd24b9db26ff660e13d216c244409aa42824d1fc8b41da1914a56a05f3c,1226.3802077770233,False,click,testRsp,1911,[],choice-response,In time,67ef60de6de0902719c5faef,2025-04-04 00:32:30-04:00,add1_0,7340,118,maintaskTrials
67eef64a6de0902719c5faca,default,0,c7b09fd24b9db26ff660e13d216c244409aa42824d1fc8b41da1914a56a05f3c,1226.3802077770233,False,click,testRsp,2382,[],choice-response,Out of time,67ef60de6de0902719c5faef,2025-04-04 00:32:30-04:00,tone1_30,7810,119,maintaskTrials
67eef64a6de0902719c5faca,default,0,c7b09fd24b9db26ff660e13d216c244409aa42824d1fc8b41da1914a56a05f3c,1226.3802077770233,False,click,testRsp,2081,[],choice-response,Out of time,67ef60de6de0902719c5faef,2025-04-04 00:32:30-04:00,tone1_120,7512,120,maintaskTrials
67eef64a6de0902719c5faca,default,0,c7b09fd24b9db26ff660e13d216c244409aa42824d1fc8b41da1914a56a05f3c,1226.3802077770233,False,click,testRsp,1636,[],choice-response,Out of time,67ef60de6de0902719c5faef,2025-04-04 00:32:30-04:00,add1_60,7070,121,maintaskTrials
67eef64a6de0902719c5faca,default,0,c7b09fd24b9db26ff660e13d216c244409aa42824d1fc8b41da1914a56a05f3c,1226.3802077770233,False,click,testRsp,1400,[],choice-response,Out of time,67ef60de6de0902719c5faef,2025-04-04 00:32:30-04:00,toneentrainer_120,6829,122,maintaskTrials
67eef64a6de0902719c5faca,default,0,c7b09fd24b9db26ff660e13d216c244409aa42824d1fc8b41da1914a56a05f3c,1226.3802077770233,False,click,testRsp,3510,[],choice-response,In time,67ef60de6de0902719c5faef,2025-04-04 00:32:30-04:00,addentrainer_0,8949,123,maintaskTrials
67eef64a6de0902719c5faca,default,0,c7b09fd24b9db26ff660e13d216c244409aa42824d1fc8b41da1914a56a05f3c,1226.3802077770233,False,click,testRsp,1721,[],choice-response,Out of time,67ef60de6de0902719c5faef,2025-04-04 00:32:30-04:00,tone8_30,7153,124,maintaskTrials
67eef64a6de0902719c5faca,default,0,c7b09fd24b9db26ff660e13d216c244409aa42824d1fc8b41da1914a56a05f3c,1226.3802077770233,False,click,testRsp,770,[],choice-response,In time,67ef60de6de0902719c5faef,2025-04-04 00:32:30-04:00,addentrainer_30,6197,125,maintaskTrials
67eef64a6de0902719c5faca,default,0,c7b09fd24b9db26ff660e13d216c244409aa42824d1fc8b41da1914a56a05f3c,1226.3802077770233,False,click,testRsp,1345,[],choice-response,In time,67ef60de6de0902719c5faef,2025-04-04 00:32:30-04:00,add8_30,6784,126,maintaskTrials
67eef64a6de0902719c5faca,default,0,c7b09fd24b9db26ff660e13d216c244409aa42824d1fc8b41da1914a56a05f3c,1226.3802077770233,False,click,testRsp,1311,[],choice-response,Out of time,67ef60de6de0902719c5faef,2025-04-04 00:32:30-04:00,add8_120,6745,127,maintaskTrials
67eef64a6de0902719c5faca,default,0,c7b09fd24b9db26ff660e13d216c244409aa42824d1fc8b41da1914a56a05f3c,1226.3802077770233,False,click,testRsp,1195,[],choice-response,Out of time,67ef60de6de0902719c5faef,2025-04-04 00:32:30-04:00,add1_60,6622,128,maintaskTrials
67eef64a6de0902719c5faca,default,0,c7b09fd24b9db26ff660e13d216c244409aa42824d1fc8b41da1914a56a05f3c,1226.3802077770233,False,click,testRsp,1377,[],choice-response,Out of time,67ef60de6de0902719c5faef,2025-04-04 00:32:30-04:00,add8_30,6849,129,maintaskTrials
67eef64a6de0902719c5faca,default,0,c7b09fd24b9db26ff660e13d216c244409aa42824d1fc8b41da1914a56a05f3c,1226.3802077770233,False,click,testRsp,2272,[],choice-response,In time,67ef60de6de0902719c5faef,2025-04-04 00:32:30-04:00,tone8_30,7706,130,maintaskTrials
67eef64a6de0902719c5faca,default,0,c7b09fd24b9db26ff660e13d216c244409aa42824d1fc8b41da1914a56a05f3c,1226.3802077770233,False,click,testRsp,1478,[],choice-response,Out of time,67ef60de6de0902719c5faef,2025-04-04 00:32:30-04:00,add8_90,6912,131,maintaskTrials
67eef64a6de0902719c5faca,default,0,c7b09fd24b9db26ff660e13d216c244409aa42824d1fc8b41da1914a56a05f3c,1226.3802077770233,False,click,testRsp,1037,[],choice-response,Out of time,67ef60de6de0902719c5faef,2025-04-04 00:32:30-04:00,add1_90,6469,132,maintaskTrials
67eef64a6de0902719c5faca,default,0,c7b09fd24b9db26ff660e13d216c244409aa42824d1fc8b41da1914a56a05f3c,1226.3802077770233,False,click,testRsp,1448,[],choice-response,In time,67ef60de6de0902719c5faef,2025-04-04 00:32:30-04:00,toneentrainer_30,6885,133,maintaskTrials
67eef64a6de0902719c5faca,default,0,c7b09fd24b9db26ff660e13d216c244409aa42824d1fc8b41da1914a56a05f3c,1226.3802077770233,False,click,testRsp,847,[],choice-response,Out of time,67ef60de6de0902719c5faef,2025-04-04 00:32:30-04:00,add1_120,6280,134,maintaskTrials
67eef64a6de0902719c5faca,default,0,c7b09fd24b9db26ff660e13d216c244409aa42824d1fc8b41da1914a56a05f3c,1226.3802077770233,False,click,testRsp,826,[],choice-response,In time,67ef60de6de0902719c5faef,2025-04-04 00:32:30-04:00,tone8_60,6270,135,maintaskTrials
67eef64a6de0902719c5faca,default,0,c7b09fd24b9db26ff660e13d216c244409aa42824d1fc8b41da1914a56a05f3c,1226.3802077770233,False,click,testRsp,2906,[],choice-response,Out of time,67ef60de6de0902719c5faef,2025-04-04 00:32:30-04:00,addentrainer_90,8334,136,maintaskTrials
67eef64a6de0902719c5faca,default,0,c7b09fd24b9db26ff660e13d216c244409aa42824d1fc8b41da1914a56a05f3c,1226.3802077770233,False,click,testRsp,1455,[],choice-response,In time,67ef60de6de0902719c5faef,2025-04-04 00:32:30-04:00,toneentrainer_60,6884,137,maintaskTrials
67eef64a6de0902719c5faca,default,0,c7b09fd24b9db26ff660e13d216c244409aa42824d1fc8b41da1914a56a05f3c,1226.3802077770233,False,click,testRsp,3957,[],choice-response,Out of time,67ef60de6de0902719c5faef,2025-04-04 00:32:30-04:00,tone1_0,9389,138,maintaskTrials
67eef64a6de0902719c5faca,default,0,c7b09fd24b9db26ff660e13d216c244409aa42824d1fc8b41da1914a56a05f3c,1226.3802077770233,False,click,testRsp,1013,[],choice-response,In time,67ef60de6de0902719c5faef,2025-04-04 00:32:30-04:00,add1_0,6440,139,maintaskTrials
67eef64a6de0902719c5faca,default,0,c7b09fd24b9db26ff660e13d216c244409aa42824d1fc8b41da1914a56a05f3c,1226.3802077770233,False,click,testRsp,559,[],choice-response,In time,67ef60de6de0902719c5faef,2025-04-04 00:32:30-04:00,tone8_90,5985,140,maintaskTrials
67eef64a6de0902719c5faca,default,0,c7b09fd24b9db26ff660e13d216c244409aa42824d1fc8b41da1914a56a05f3c,1226.3802077770233,False,click,testRsp,650,[],choice-response,Out of time,67ef60de6de0902719c5faef,2025-04-04 00:32:30-04:00,tone8_0,6084,141,maintaskTrials
67eef64a6de0902719c5faca,default,0,c7b09fd24b9db26ff660e13d216c244409aa42824d1fc8b41da1914a56a05f3c,1226.3802077770233,False,click,testRsp,832,[],choice-response,Out of time,67ef60de6de0902719c5faef,2025-04-04 00:32:30-04:00,toneentrainer_120,6266,142,maintaskTrials
67eef64a6de0902719c5faca,default,0,c7b09fd24b9db26ff660e13d216c244409aa42824d1fc8b41da1914a56a05f3c,1226.3802077770233,False,click,testRsp,854,[],choice-response,In time,67ef60de6de0902719c5faef,2025-04-04 00:32:30-04:00,tone1_90,6290,143,maintaskTrials
67eef64a6de0902719c5faca,default,0,c7b09fd24b9db26ff660e13d216c244409aa42824d1fc8b41da1914a56a05f3c,1226.3802077770233,False,click,testRsp,1855,[],choice-response,Out of time,67ef60de6de0902719c5faef,2025-04-04 00:32:30-04:00,toneentrainer_90,7276,144,maintaskTrials
67eef64a6de0902719c5faca,default,0,c7b09fd24b9db26ff660e13d216c244409aa42824d1fc8b41da1914a56a05f3c,1226.3802077770233,False,click,testRsp,457,[],choice-response,In time,67ef60de6de0902719c5faef,2025-04-04 00:32:30-04:00,tone1_30,5889,145,maintaskTrials
67eef64a6de0902719c5faca,default,0,c7b09fd24b9db26ff660e13d216c244409aa42824d1fc8b41da1914a56a05f3c,1226.3802077770233,False,click,testRsp,1054,[],choice-response,Out of time,67ef60de6de0902719c5faef,2025-04-04 00:32:30-04:00,tone8_120,6481,146,maintaskTrials
67eef64a6de0902719c5faca,default,0,c7b09fd24b9db26ff660e13d216c244409aa42824d1fc8b41da1914a56a05f3c,1226.3802077770233,False,click,testRsp,1450,[],choice-response,In time,67ef60de6de0902719c5faef,2025-04-04 00:32:30-04:00,addentrainer_0,6890,147,maintaskTrials
67eef64a6de0902719c5faca,default,0,c7b09fd24b9db26ff660e13d216c244409aa42824d1fc8b41da1914a56a05f3c,1226.3802077770233,False,click,testRsp,1409,[],choice-response,Out of time,67ef60de6de0902719c5faef,2025-04-04 00:32:30-04:00,tone1_60,6839,148,maintaskTrials
67eef64a6de0902719c5faca,default,0,c7b09fd24b9db26ff660e13d216c244409aa42824d1fc8b41da1914a56a05f3c,1226.3802077770233,False,click,testRsp,965,[],choice-response,In time,67ef60de6de0902719c5faef,2025-04-04 00:32:30-04:00,toneentrainer_0,6395,149,maintaskTrials
67eef64a6de0902719c5faca,default,0,c7b09fd24b9db26ff660e13d216c244409aa42824d1fc8b41da1914a56a05f3c,1226.3802077770233,False,click,testRsp,1779,[],choice-response,Out of time,67ef60de6de0902719c5faef,2025-04-04 00:32:30-04:00,addentrainer_60,7381,150,maintaskTrials
67eef64a6de0902719c5faca,default,0,c7b09fd24b9db26ff660e13d216c244409aa42824d1fc8b41da1914a56a05f3c,1226.3802077770233,False,click,testRsp,2067,[],choice-response,Out of time,67ef60de6de0902719c5faef,2025-04-04 00:32:30-04:00,add8_60,7493,151,maintaskTrials
67eef64a6de0902719c5faca,default,0,c7b09fd24b9db26ff660e13d216c244409aa42824d1fc8b41da1914a56a05f3c,1226.3802077770233,False,click,testRsp,958,[],choice-response,Out of time,67ef60de6de0902719c5faef,2025-04-04 00:32:30-04:00,tone1_120,6391,152,maintaskTrials
67eef64a6de0902719c5faca,default,0,c7b09fd24b9db26ff660e13d216c244409aa42824d1fc8b41da1914a56a05f3c,1226.3802077770233,False,click,testRsp,694,[],choice-response,Out of time,67ef60de6de0902719c5faef,2025-04-04 00:32:30-04:00,addentrainer_120,6122,153,maintaskTrials
67eef64a6de0902719c5faca,default,0,c7b09fd24b9db26ff660e13d216c244409aa42824d1fc8b41da1914a56a05f3c,1226.3802077770233,False,click,testRsp,1108,[],choice-response,In time,67ef60de6de0902719c5faef,2025-04-04 00:32:30-04:00,add1_30,6541,154,maintaskTrials
67eef64a6de0902719c5faca,default,0,c7b09fd24b9db26ff660e13d216c244409aa42824d1fc8b41da1914a56a05f3c,1226.3802077770233,False,click,testRsp,1028,[],choice-response,In time,67ef60de6de0902719c5faef,2025-04-04 00:32:30-04:00,addentrainer_30,6461,155,maintaskTrials
67eef64a6de0902719c5faca,default,0,c7b09fd24b9db26ff660e13d216c244409aa42824d1fc8b41da1914a56a05f3c,1226.3802077770233,False,click,testRsp,609,[],choice-response,Out of time,67ef60de6de0902719c5faef,2025-04-04 00:32:30-04:00,add8_0,6040,156,maintaskTrials
